2024-12-19 10:27:41.152 [main] ERROR c.n.p.boot.BootApplicationStart -系统启动失败
org.springframework.beans.factory.BeanCreationException: Error creating bean with name 'meterRegistryPostProcessor' defined in class path resource [org/springframework/boot/actuate/autoconfigure/metrics/MetricsAutoConfiguration.class]: BeanPostProcessor before instantiation of bean failed; nested exception is org.springframework.beans.factory.UnsatisfiedDependencyException: Error creating bean with name 'org.springframework.transaction.annotation.ProxyTransactionManagementConfiguration': Unsatisfied dependency expressed through method 'setConfigurers' parameter 0; nested exception is org.springframework.beans.factory.UnsatisfiedDependencyException: Error creating bean with name 'myBatisConfig': Unsatisfied dependency expressed through field 'dataSource'; nested exception is org.springframework.beans.factory.BeanCreationException: Error creating bean with name 'dataSource' defined in class path resource [com/newland/property/db/DataSourceConfig.class]: Bean instantiation via factory method failed; nested exception is org.springframework.beans.BeanInstantiationException: Failed to instantiate [javax.sql.DataSource]: Factory method 'dataSource' threw exception; nested exception is java.sql.SQLSyntaxErrorException: Unknown database 'hc_community'
	at org.springframework.beans.factory.support.AbstractAutowireCapableBeanFactory.createBean(AbstractAutowireCapableBeanFactory.java:490)
	at org.springframework.beans.factory.support.AbstractBeanFactory.lambda$doGetBean$0(AbstractBeanFactory.java:317)
	at org.springframework.beans.factory.support.DefaultSingletonBeanRegistry.getSingleton(DefaultSingletonBeanRegistry.java:222)
	at org.springframework.beans.factory.support.AbstractBeanFactory.doGetBean(AbstractBeanFactory.java:315)
	at org.springframework.beans.factory.support.AbstractBeanFactory.getBean(AbstractBeanFactory.java:204)
	at org.springframework.context.support.PostProcessorRegistrationDelegate.registerBeanPostProcessors(PostProcessorRegistrationDelegate.java:236)
	at org.springframework.context.support.AbstractApplicationContext.registerBeanPostProcessors(AbstractApplicationContext.java:710)
	at org.springframework.context.support.AbstractApplicationContext.refresh(AbstractApplicationContext.java:535)
	at org.springframework.boot.web.servlet.context.ServletWebServerApplicationContext.refresh(ServletWebServerApplicationContext.java:140)
	at org.springframework.boot.SpringApplication.refresh(SpringApplication.java:762)
	at org.springframework.boot.SpringApplication.refreshContext(SpringApplication.java:398)
	at org.springframework.boot.SpringApplication.run(SpringApplication.java:330)
	at org.springframework.boot.SpringApplication.run(SpringApplication.java:1258)
	at org.springframework.boot.SpringApplication.run(SpringApplication.java:1246)
	at com.newland.property.boot.BootApplicationStart.main(BootApplicationStart.java:214)
Caused by: org.springframework.beans.factory.UnsatisfiedDependencyException: Error creating bean with name 'org.springframework.transaction.annotation.ProxyTransactionManagementConfiguration': Unsatisfied dependency expressed through method 'setConfigurers' parameter 0; nested exception is org.springframework.beans.factory.UnsatisfiedDependencyException: Error creating bean with name 'myBatisConfig': Unsatisfied dependency expressed through field 'dataSource'; nested exception is org.springframework.beans.factory.BeanCreationException: Error creating bean with name 'dataSource' defined in class path resource [com/newland/property/db/DataSourceConfig.class]: Bean instantiation via factory method failed; nested exception is org.springframework.beans.BeanInstantiationException: Failed to instantiate [javax.sql.DataSource]: Factory method 'dataSource' threw exception; nested exception is java.sql.SQLSyntaxErrorException: Unknown database 'hc_community'
	at org.springframework.beans.factory.annotation.AutowiredAnnotationBeanPostProcessor$AutowiredMethodElement.inject(AutowiredAnnotationBeanPostProcessor.java:666)
	at org.springframework.beans.factory.annotation.InjectionMetadata.inject(InjectionMetadata.java:91)
	at org.springframework.beans.factory.annotation.AutowiredAnnotationBeanPostProcessor.postProcessPropertyValues(AutowiredAnnotationBeanPostProcessor.java:372)
	at org.springframework.beans.factory.support.AbstractAutowireCapableBeanFactory.populateBean(AbstractAutowireCapableBeanFactory.java:1341)
	at org.springframework.beans.factory.support.AbstractAutowireCapableBeanFactory.doCreateBean(AbstractAutowireCapableBeanFactory.java:572)
	at org.springframework.beans.factory.support.AbstractAutowireCapableBeanFactory.createBean(AbstractAutowireCapableBeanFactory.java:495)
	at org.springframework.beans.factory.support.AbstractBeanFactory.lambda$doGetBean$0(AbstractBeanFactory.java:317)
	at org.springframework.beans.factory.support.DefaultSingletonBeanRegistry.getSingleton(DefaultSingletonBeanRegistry.java:222)
	at org.springframework.beans.factory.support.AbstractBeanFactory.doGetBean(AbstractBeanFactory.java:315)
	at org.springframework.beans.factory.support.AbstractBeanFactory.getBean(AbstractBeanFactory.java:199)
	at org.springframework.beans.factory.support.ConstructorResolver.instantiateUsingFactoryMethod(ConstructorResolver.java:372)
	at org.springframework.beans.factory.support.AbstractAutowireCapableBeanFactory.instantiateUsingFactoryMethod(AbstractAutowireCapableBeanFactory.java:1247)
	at org.springframework.beans.factory.support.AbstractAutowireCapableBeanFactory.createBeanInstance(AbstractAutowireCapableBeanFactory.java:1096)
	at org.springframework.beans.factory.support.AbstractAutowireCapableBeanFactory.doCreateBean(AbstractAutowireCapableBeanFactory.java:535)
	at org.springframework.beans.factory.support.AbstractAutowireCapableBeanFactory.createBean(AbstractAutowireCapableBeanFactory.java:495)
	at org.springframework.beans.factory.support.AbstractBeanFactory.lambda$doGetBean$0(AbstractBeanFactory.java:317)
	at org.springframework.beans.factory.support.DefaultSingletonBeanRegistry.getSingleton(DefaultSingletonBeanRegistry.java:222)
	at org.springframework.beans.factory.support.AbstractBeanFactory.doGetBean(AbstractBeanFactory.java:315)
	at org.springframework.beans.factory.support.AbstractBeanFactory.getBean(AbstractBeanFactory.java:204)
	at org.springframework.aop.framework.autoproxy.BeanFactoryAdvisorRetrievalHelper.findAdvisorBeans(BeanFactoryAdvisorRetrievalHelper.java:91)
	at org.springframework.aop.framework.autoproxy.AbstractAdvisorAutoProxyCreator.findCandidateAdvisors(AbstractAdvisorAutoProxyCreator.java:109)
	at org.springframework.aop.aspectj.annotation.AnnotationAwareAspectJAutoProxyCreator.findCandidateAdvisors(AnnotationAwareAspectJAutoProxyCreator.java:92)
	at org.springframework.aop.aspectj.autoproxy.AspectJAwareAdvisorAutoProxyCreator.shouldSkip(AspectJAwareAdvisorAutoProxyCreator.java:101)
	at org.springframework.aop.framework.autoproxy.AbstractAutoProxyCreator.postProcessBeforeInstantiation(AbstractAutoProxyCreator.java:254)
	at org.springframework.beans.factory.support.AbstractAutowireCapableBeanFactory.applyBeanPostProcessorsBeforeInstantiation(AbstractAutowireCapableBeanFactory.java:1060)
	at org.springframework.beans.factory.support.AbstractAutowireCapableBeanFactory.resolveBeforeInstantiation(AbstractAutowireCapableBeanFactory.java:1033)
	at org.springframework.beans.factory.support.AbstractAutowireCapableBeanFactory.createBean(AbstractAutowireCapableBeanFactory.java:484)
	... 14 common frames omitted
Caused by: org.springframework.beans.factory.UnsatisfiedDependencyException: Error creating bean with name 'myBatisConfig': Unsatisfied dependency expressed through field 'dataSource'; nested exception is org.springframework.beans.factory.BeanCreationException: Error creating bean with name 'dataSource' defined in class path resource [com/newland/property/db/DataSourceConfig.class]: Bean instantiation via factory method failed; nested exception is org.springframework.beans.BeanInstantiationException: Failed to instantiate [javax.sql.DataSource]: Factory method 'dataSource' threw exception; nested exception is java.sql.SQLSyntaxErrorException: Unknown database 'hc_community'
	at org.springframework.beans.factory.annotation.AutowiredAnnotationBeanPostProcessor$AutowiredFieldElement.inject(AutowiredAnnotationBeanPostProcessor.java:586)
	at org.springframework.beans.factory.annotation.InjectionMetadata.inject(InjectionMetadata.java:91)
	at org.springframework.beans.factory.annotation.AutowiredAnnotationBeanPostProcessor.postProcessPropertyValues(AutowiredAnnotationBeanPostProcessor.java:372)
	at org.springframework.beans.factory.support.AbstractAutowireCapableBeanFactory.populateBean(AbstractAutowireCapableBeanFactory.java:1341)
	at org.springframework.beans.factory.support.AbstractAutowireCapableBeanFactory.doCreateBean(AbstractAutowireCapableBeanFactory.java:572)
	at org.springframework.beans.factory.support.AbstractAutowireCapableBeanFactory.createBean(AbstractAutowireCapableBeanFactory.java:495)
	at org.springframework.beans.factory.support.AbstractBeanFactory.lambda$doGetBean$0(AbstractBeanFactory.java:317)
	at org.springframework.beans.factory.support.DefaultSingletonBeanRegistry.getSingleton(DefaultSingletonBeanRegistry.java:222)
	at org.springframework.beans.factory.support.AbstractBeanFactory.doGetBean(AbstractBeanFactory.java:315)
	at org.springframework.beans.factory.support.AbstractBeanFactory.getBean(AbstractBeanFactory.java:199)
	at org.springframework.beans.factory.config.DependencyDescriptor.resolveCandidate(DependencyDescriptor.java:251)
	at org.springframework.beans.factory.support.DefaultListableBeanFactory.addCandidateEntry(DefaultListableBeanFactory.java:1322)
	at org.springframework.beans.factory.support.DefaultListableBeanFactory.findAutowireCandidates(DefaultListableBeanFactory.java:1288)
	at org.springframework.beans.factory.support.DefaultListableBeanFactory.resolveMultipleBeans(DefaultListableBeanFactory.java:1190)
	at org.springframework.beans.factory.support.DefaultListableBeanFactory.doResolveDependency(DefaultListableBeanFactory.java:1093)
	at org.springframework.beans.factory.support.DefaultListableBeanFactory.resolveDependency(DefaultListableBeanFactory.java:1062)
	at org.springframework.beans.factory.annotation.AutowiredAnnotationBeanPostProcessor$AutowiredMethodElement.inject(AutowiredAnnotationBeanPostProcessor.java:658)
	... 40 common frames omitted
Caused by: org.springframework.beans.factory.BeanCreationException: Error creating bean with name 'dataSource' defined in class path resource [com/newland/property/db/DataSourceConfig.class]: Bean instantiation via factory method failed; nested exception is org.springframework.beans.BeanInstantiationException: Failed to instantiate [javax.sql.DataSource]: Factory method 'dataSource' threw exception; nested exception is java.sql.SQLSyntaxErrorException: Unknown database 'hc_community'
	at org.springframework.beans.factory.support.ConstructorResolver.instantiateUsingFactoryMethod(ConstructorResolver.java:590)
	at org.springframework.beans.factory.support.AbstractAutowireCapableBeanFactory.instantiateUsingFactoryMethod(AbstractAutowireCapableBeanFactory.java:1247)
	at org.springframework.beans.factory.support.AbstractAutowireCapableBeanFactory.createBeanInstance(AbstractAutowireCapableBeanFactory.java:1096)
	at org.springframework.beans.factory.support.AbstractAutowireCapableBeanFactory.doCreateBean(AbstractAutowireCapableBeanFactory.java:535)
	at org.springframework.beans.factory.support.AbstractAutowireCapableBeanFactory.createBean(AbstractAutowireCapableBeanFactory.java:495)
	at org.springframework.beans.factory.support.AbstractBeanFactory.lambda$doGetBean$0(AbstractBeanFactory.java:317)
	at org.springframework.beans.factory.support.DefaultSingletonBeanRegistry.getSingleton(DefaultSingletonBeanRegistry.java:222)
	at org.springframework.beans.factory.support.AbstractBeanFactory.doGetBean(AbstractBeanFactory.java:315)
	at org.springframework.beans.factory.support.AbstractBeanFactory.getBean(AbstractBeanFactory.java:199)
	at org.springframework.beans.factory.config.DependencyDescriptor.resolveCandidate(DependencyDescriptor.java:251)
	at org.springframework.beans.factory.support.DefaultListableBeanFactory.doResolveDependency(DefaultListableBeanFactory.java:1135)
	at org.springframework.beans.factory.support.DefaultListableBeanFactory.resolveDependency(DefaultListableBeanFactory.java:1062)
	at org.springframework.beans.factory.annotation.AutowiredAnnotationBeanPostProcessor$AutowiredFieldElement.inject(AutowiredAnnotationBeanPostProcessor.java:583)
	... 56 common frames omitted
Caused by: org.springframework.beans.BeanInstantiationException: Failed to instantiate [javax.sql.DataSource]: Factory method 'dataSource' threw exception; nested exception is java.sql.SQLSyntaxErrorException: Unknown database 'hc_community'
	at org.springframework.beans.factory.support.SimpleInstantiationStrategy.instantiate(SimpleInstantiationStrategy.java:185)
	at org.springframework.beans.factory.support.ConstructorResolver.instantiateUsingFactoryMethod(ConstructorResolver.java:582)
	... 68 common frames omitted
Caused by: java.sql.SQLSyntaxErrorException: Unknown database 'hc_community'
	at com.mysql.cj.jdbc.exceptions.SQLError.createSQLException(SQLError.java:120)
	at com.mysql.cj.jdbc.exceptions.SQLError.createSQLException(SQLError.java:97)
	at com.mysql.cj.jdbc.exceptions.SQLExceptionsMapping.translateException(SQLExceptionsMapping.java:122)
	at com.mysql.cj.jdbc.ConnectionImpl.createNewIO(ConnectionImpl.java:835)
	at com.mysql.cj.jdbc.ConnectionImpl.<init>(ConnectionImpl.java:455)
	at com.mysql.cj.jdbc.ConnectionImpl.getInstance(ConnectionImpl.java:240)
	at com.mysql.cj.jdbc.NonRegisteringDriver.connect(NonRegisteringDriver.java:199)
	at com.alibaba.druid.filter.FilterChainImpl.connection_connect(FilterChainImpl.java:156)
	at com.alibaba.druid.filter.FilterAdapter.connection_connect(FilterAdapter.java:786)
	at com.alibaba.druid.filter.FilterEventAdapter.connection_connect(FilterEventAdapter.java:38)
	at com.alibaba.druid.filter.FilterChainImpl.connection_connect(FilterChainImpl.java:150)
	at com.alibaba.druid.filter.FilterAdapter.connection_connect(FilterAdapter.java:786)
	at com.alibaba.druid.filter.FilterChainImpl.connection_connect(FilterChainImpl.java:150)
	at com.alibaba.druid.filter.stat.StatFilter.connection_connect(StatFilter.java:218)
	at com.alibaba.druid.filter.FilterChainImpl.connection_connect(FilterChainImpl.java:150)
	at com.alibaba.druid.pool.DruidAbstractDataSource.createPhysicalConnection(DruidAbstractDataSource.java:1560)
	at com.alibaba.druid.pool.DruidAbstractDataSource.createPhysicalConnection(DruidAbstractDataSource.java:1623)
	at com.alibaba.druid.pool.DruidDataSource.init(DruidDataSource.java:861)
	at com.alibaba.druid.pool.DruidDataSource.getConnection(DruidDataSource.java:1229)
	at com.alibaba.druid.pool.DruidDataSource.getConnection(DruidDataSource.java:1225)
	at com.alibaba.druid.pool.DruidDataSource.getConnection(DruidDataSource.java:90)
	at org.apache.shardingsphere.shardingjdbc.jdbc.adapter.AbstractDataSourceAdapter.getDatabaseType(AbstractDataSourceAdapter.java:75)
	at org.apache.shardingsphere.shardingjdbc.jdbc.adapter.AbstractDataSourceAdapter.getDatabaseType(AbstractDataSourceAdapter.java:64)
	at org.apache.shardingsphere.shardingjdbc.jdbc.adapter.AbstractDataSourceAdapter.<init>(AbstractDataSourceAdapter.java:56)
	at org.apache.shardingsphere.shardingjdbc.jdbc.core.datasource.ShardingDataSource.<init>(ShardingDataSource.java:50)
	at org.apache.shardingsphere.shardingjdbc.api.ShardingDataSourceFactory.createDataSource(ShardingDataSourceFactory.java:50)
	at org.apache.shardingsphere.shardingjdbc.api.yaml.YamlShardingDataSourceFactory.createDataSource(YamlShardingDataSourceFactory.java:64)
	at com.newland.property.db.DataSourceConfig.dataSource(DataSourceConfig.java:65)
	at com.newland.property.db.DataSourceConfig$$EnhancerBySpringCGLIB$$76f766e.CGLIB$dataSource$0(<generated>)
	at com.newland.property.db.DataSourceConfig$$EnhancerBySpringCGLIB$$76f766e$$FastClassBySpringCGLIB$$e54ce26a.invoke(<generated>)
	at org.springframework.cglib.proxy.MethodProxy.invokeSuper(MethodProxy.java:228)
	at org.springframework.context.annotation.ConfigurationClassEnhancer$BeanMethodInterceptor.intercept(ConfigurationClassEnhancer.java:361)
	at com.newland.property.db.DataSourceConfig$$EnhancerBySpringCGLIB$$76f766e.dataSource(<generated>)
	at sun.reflect.NativeMethodAccessorImpl.invoke0(Native Method)
	at sun.reflect.NativeMethodAccessorImpl.invoke(NativeMethodAccessorImpl.java:62)
	at sun.reflect.DelegatingMethodAccessorImpl.invoke(DelegatingMethodAccessorImpl.java:43)
	at java.lang.reflect.Method.invoke(Method.java:498)
	at org.springframework.beans.factory.support.SimpleInstantiationStrategy.instantiate(SimpleInstantiationStrategy.java:154)
	... 69 common frames omitted
2024-12-19 10:54:32.208 [http-nio-8008-exec-1] ERROR c.n.property.boot.filter.JwtFilter -业务处理失败
com.newland.property.utils.exception.FilterException: 您还没有登录，请先登录
	at com.newland.property.boot.filter.JwtFilter.getToken(JwtFilter.java:132)
	at com.newland.property.boot.filter.JwtFilter.doFilter(JwtFilter.java:57)
	at org.apache.catalina.core.ApplicationFilterChain.internalDoFilter(ApplicationFilterChain.java:193)
	at org.apache.catalina.core.ApplicationFilterChain.doFilter(ApplicationFilterChain.java:166)
	at org.springframework.boot.actuate.web.trace.servlet.HttpTraceFilter.doFilterInternal(HttpTraceFilter.java:90)
	at org.springframework.web.filter.OncePerRequestFilter.doFilter(OncePerRequestFilter.java:107)
	at org.apache.catalina.core.ApplicationFilterChain.internalDoFilter(ApplicationFilterChain.java:193)
	at org.apache.catalina.core.ApplicationFilterChain.doFilter(ApplicationFilterChain.java:166)
	at org.springframework.web.filter.RequestContextFilter.doFilterInternal(RequestContextFilter.java:99)
	at org.springframework.web.filter.OncePerRequestFilter.doFilter(OncePerRequestFilter.java:107)
	at org.apache.catalina.core.ApplicationFilterChain.internalDoFilter(ApplicationFilterChain.java:193)
	at org.apache.catalina.core.ApplicationFilterChain.doFilter(ApplicationFilterChain.java:166)
	at org.springframework.web.filter.HttpPutFormContentFilter.doFilterInternal(HttpPutFormContentFilter.java:109)
	at org.springframework.web.filter.OncePerRequestFilter.doFilter(OncePerRequestFilter.java:107)
	at org.apache.catalina.core.ApplicationFilterChain.internalDoFilter(ApplicationFilterChain.java:193)
	at org.apache.catalina.core.ApplicationFilterChain.doFilter(ApplicationFilterChain.java:166)
	at org.springframework.web.filter.HiddenHttpMethodFilter.doFilterInternal(HiddenHttpMethodFilter.java:93)
	at org.springframework.web.filter.OncePerRequestFilter.doFilter(OncePerRequestFilter.java:107)
	at org.apache.catalina.core.ApplicationFilterChain.internalDoFilter(ApplicationFilterChain.java:193)
	at org.apache.catalina.core.ApplicationFilterChain.doFilter(ApplicationFilterChain.java:166)
	at org.springframework.session.web.http.SessionRepositoryFilter.doFilterInternal(SessionRepositoryFilter.java:147)
	at org.springframework.session.web.http.OncePerRequestFilter.doFilter(OncePerRequestFilter.java:81)
	at org.apache.catalina.core.ApplicationFilterChain.internalDoFilter(ApplicationFilterChain.java:193)
	at org.apache.catalina.core.ApplicationFilterChain.doFilter(ApplicationFilterChain.java:166)
	at org.springframework.boot.actuate.metrics.web.servlet.WebMvcMetricsFilter.filterAndRecordMetrics(WebMvcMetricsFilter.java:155)
	at org.springframework.boot.actuate.metrics.web.servlet.WebMvcMetricsFilter.filterAndRecordMetrics(WebMvcMetricsFilter.java:123)
	at org.springframework.boot.actuate.metrics.web.servlet.WebMvcMetricsFilter.doFilterInternal(WebMvcMetricsFilter.java:108)
	at org.springframework.web.filter.OncePerRequestFilter.doFilter(OncePerRequestFilter.java:107)
	at org.apache.catalina.core.ApplicationFilterChain.internalDoFilter(ApplicationFilterChain.java:193)
	at org.apache.catalina.core.ApplicationFilterChain.doFilter(ApplicationFilterChain.java:166)
	at org.springframework.web.filter.CharacterEncodingFilter.doFilterInternal(CharacterEncodingFilter.java:200)
	at org.springframework.web.filter.OncePerRequestFilter.doFilter(OncePerRequestFilter.java:107)
	at org.apache.catalina.core.ApplicationFilterChain.internalDoFilter(ApplicationFilterChain.java:193)
	at org.apache.catalina.core.ApplicationFilterChain.doFilter(ApplicationFilterChain.java:166)
	at org.apache.catalina.core.StandardWrapperValve.invoke(StandardWrapperValve.java:198)
	at org.apache.catalina.core.StandardContextValve.invoke(StandardContextValve.java:96)
	at org.apache.catalina.authenticator.AuthenticatorBase.invoke(AuthenticatorBase.java:493)
	at org.apache.catalina.core.StandardHostValve.invoke(StandardHostValve.java:140)
	at org.apache.catalina.valves.ErrorReportValve.invoke(ErrorReportValve.java:81)
	at org.apache.catalina.core.StandardEngineValve.invoke(StandardEngineValve.java:87)
	at org.apache.catalina.connector.CoyoteAdapter.service(CoyoteAdapter.java:342)
	at org.apache.coyote.http11.Http11Processor.service(Http11Processor.java:800)
	at org.apache.coyote.AbstractProcessorLight.process(AbstractProcessorLight.java:66)
	at org.apache.coyote.AbstractProtocol$ConnectionHandler.process(AbstractProtocol.java:800)
	at org.apache.tomcat.util.net.NioEndpoint$SocketProcessor.doRun(NioEndpoint.java:1471)
	at org.apache.tomcat.util.net.SocketProcessorBase.run(SocketProcessorBase.java:49)
	at java.util.concurrent.ThreadPoolExecutor.runWorker(ThreadPoolExecutor.java:1149)
	at java.util.concurrent.ThreadPoolExecutor$Worker.run(ThreadPoolExecutor.java:624)
	at org.apache.tomcat.util.threads.TaskThread$WrappingRunnable.run(TaskThread.java:61)
	at java.lang.Thread.run(Thread.java:748)
2024-12-19 10:54:58.800 [http-nio-8008-exec-2] ERROR c.n.property.boot.filter.JwtFilter -业务处理失败
com.newland.property.utils.exception.FilterException: 您还没有登录，请先登录
	at com.newland.property.boot.filter.JwtFilter.getToken(JwtFilter.java:132)
	at com.newland.property.boot.filter.JwtFilter.doFilter(JwtFilter.java:57)
	at org.apache.catalina.core.ApplicationFilterChain.internalDoFilter(ApplicationFilterChain.java:193)
	at org.apache.catalina.core.ApplicationFilterChain.doFilter(ApplicationFilterChain.java:166)
	at org.springframework.boot.actuate.web.trace.servlet.HttpTraceFilter.doFilterInternal(HttpTraceFilter.java:90)
	at org.springframework.web.filter.OncePerRequestFilter.doFilter(OncePerRequestFilter.java:107)
	at org.apache.catalina.core.ApplicationFilterChain.internalDoFilter(ApplicationFilterChain.java:193)
	at org.apache.catalina.core.ApplicationFilterChain.doFilter(ApplicationFilterChain.java:166)
	at org.springframework.web.filter.RequestContextFilter.doFilterInternal(RequestContextFilter.java:99)
	at org.springframework.web.filter.OncePerRequestFilter.doFilter(OncePerRequestFilter.java:107)
	at org.apache.catalina.core.ApplicationFilterChain.internalDoFilter(ApplicationFilterChain.java:193)
	at org.apache.catalina.core.ApplicationFilterChain.doFilter(ApplicationFilterChain.java:166)
	at org.springframework.web.filter.HttpPutFormContentFilter.doFilterInternal(HttpPutFormContentFilter.java:109)
	at org.springframework.web.filter.OncePerRequestFilter.doFilter(OncePerRequestFilter.java:107)
	at org.apache.catalina.core.ApplicationFilterChain.internalDoFilter(ApplicationFilterChain.java:193)
	at org.apache.catalina.core.ApplicationFilterChain.doFilter(ApplicationFilterChain.java:166)
	at org.springframework.web.filter.HiddenHttpMethodFilter.doFilterInternal(HiddenHttpMethodFilter.java:93)
	at org.springframework.web.filter.OncePerRequestFilter.doFilter(OncePerRequestFilter.java:107)
	at org.apache.catalina.core.ApplicationFilterChain.internalDoFilter(ApplicationFilterChain.java:193)
	at org.apache.catalina.core.ApplicationFilterChain.doFilter(ApplicationFilterChain.java:166)
	at org.springframework.session.web.http.SessionRepositoryFilter.doFilterInternal(SessionRepositoryFilter.java:147)
	at org.springframework.session.web.http.OncePerRequestFilter.doFilter(OncePerRequestFilter.java:81)
	at org.apache.catalina.core.ApplicationFilterChain.internalDoFilter(ApplicationFilterChain.java:193)
	at org.apache.catalina.core.ApplicationFilterChain.doFilter(ApplicationFilterChain.java:166)
	at org.springframework.boot.actuate.metrics.web.servlet.WebMvcMetricsFilter.filterAndRecordMetrics(WebMvcMetricsFilter.java:155)
	at org.springframework.boot.actuate.metrics.web.servlet.WebMvcMetricsFilter.filterAndRecordMetrics(WebMvcMetricsFilter.java:123)
	at org.springframework.boot.actuate.metrics.web.servlet.WebMvcMetricsFilter.doFilterInternal(WebMvcMetricsFilter.java:108)
	at org.springframework.web.filter.OncePerRequestFilter.doFilter(OncePerRequestFilter.java:107)
	at org.apache.catalina.core.ApplicationFilterChain.internalDoFilter(ApplicationFilterChain.java:193)
	at org.apache.catalina.core.ApplicationFilterChain.doFilter(ApplicationFilterChain.java:166)
	at org.springframework.web.filter.CharacterEncodingFilter.doFilterInternal(CharacterEncodingFilter.java:200)
	at org.springframework.web.filter.OncePerRequestFilter.doFilter(OncePerRequestFilter.java:107)
	at org.apache.catalina.core.ApplicationFilterChain.internalDoFilter(ApplicationFilterChain.java:193)
	at org.apache.catalina.core.ApplicationFilterChain.doFilter(ApplicationFilterChain.java:166)
	at org.apache.catalina.core.StandardWrapperValve.invoke(StandardWrapperValve.java:198)
	at org.apache.catalina.core.StandardContextValve.invoke(StandardContextValve.java:96)
	at org.apache.catalina.authenticator.AuthenticatorBase.invoke(AuthenticatorBase.java:493)
	at org.apache.catalina.core.StandardHostValve.invoke(StandardHostValve.java:140)
	at org.apache.catalina.valves.ErrorReportValve.invoke(ErrorReportValve.java:81)
	at org.apache.catalina.core.StandardEngineValve.invoke(StandardEngineValve.java:87)
	at org.apache.catalina.connector.CoyoteAdapter.service(CoyoteAdapter.java:342)
	at org.apache.coyote.http11.Http11Processor.service(Http11Processor.java:800)
	at org.apache.coyote.AbstractProcessorLight.process(AbstractProcessorLight.java:66)
	at org.apache.coyote.AbstractProtocol$ConnectionHandler.process(AbstractProtocol.java:800)
	at org.apache.tomcat.util.net.NioEndpoint$SocketProcessor.doRun(NioEndpoint.java:1471)
	at org.apache.tomcat.util.net.SocketProcessorBase.run(SocketProcessorBase.java:49)
	at java.util.concurrent.ThreadPoolExecutor.runWorker(ThreadPoolExecutor.java:1149)
	at java.util.concurrent.ThreadPoolExecutor$Worker.run(ThreadPoolExecutor.java:624)
	at org.apache.tomcat.util.threads.TaskThread$WrappingRunnable.run(TaskThread.java:61)
	at java.lang.Thread.run(Thread.java:748)
2024-12-19 10:55:00.597 [http-nio-8008-exec-5] ERROR c.n.property.boot.filter.JwtFilter -业务处理失败
com.newland.property.utils.exception.FilterException: 您还没有登录，请先登录
	at com.newland.property.boot.filter.JwtFilter.getToken(JwtFilter.java:132)
	at com.newland.property.boot.filter.JwtFilter.doFilter(JwtFilter.java:57)
	at org.apache.catalina.core.ApplicationFilterChain.internalDoFilter(ApplicationFilterChain.java:193)
	at org.apache.catalina.core.ApplicationFilterChain.doFilter(ApplicationFilterChain.java:166)
	at org.springframework.boot.actuate.web.trace.servlet.HttpTraceFilter.doFilterInternal(HttpTraceFilter.java:90)
	at org.springframework.web.filter.OncePerRequestFilter.doFilter(OncePerRequestFilter.java:107)
	at org.apache.catalina.core.ApplicationFilterChain.internalDoFilter(ApplicationFilterChain.java:193)
	at org.apache.catalina.core.ApplicationFilterChain.doFilter(ApplicationFilterChain.java:166)
	at org.springframework.web.filter.RequestContextFilter.doFilterInternal(RequestContextFilter.java:99)
	at org.springframework.web.filter.OncePerRequestFilter.doFilter(OncePerRequestFilter.java:107)
	at org.apache.catalina.core.ApplicationFilterChain.internalDoFilter(ApplicationFilterChain.java:193)
	at org.apache.catalina.core.ApplicationFilterChain.doFilter(ApplicationFilterChain.java:166)
	at org.springframework.web.filter.HttpPutFormContentFilter.doFilterInternal(HttpPutFormContentFilter.java:109)
	at org.springframework.web.filter.OncePerRequestFilter.doFilter(OncePerRequestFilter.java:107)
	at org.apache.catalina.core.ApplicationFilterChain.internalDoFilter(ApplicationFilterChain.java:193)
	at org.apache.catalina.core.ApplicationFilterChain.doFilter(ApplicationFilterChain.java:166)
	at org.springframework.web.filter.HiddenHttpMethodFilter.doFilterInternal(HiddenHttpMethodFilter.java:93)
	at org.springframework.web.filter.OncePerRequestFilter.doFilter(OncePerRequestFilter.java:107)
	at org.apache.catalina.core.ApplicationFilterChain.internalDoFilter(ApplicationFilterChain.java:193)
	at org.apache.catalina.core.ApplicationFilterChain.doFilter(ApplicationFilterChain.java:166)
	at org.springframework.session.web.http.SessionRepositoryFilter.doFilterInternal(SessionRepositoryFilter.java:147)
	at org.springframework.session.web.http.OncePerRequestFilter.doFilter(OncePerRequestFilter.java:81)
	at org.apache.catalina.core.ApplicationFilterChain.internalDoFilter(ApplicationFilterChain.java:193)
	at org.apache.catalina.core.ApplicationFilterChain.doFilter(ApplicationFilterChain.java:166)
	at org.springframework.boot.actuate.metrics.web.servlet.WebMvcMetricsFilter.filterAndRecordMetrics(WebMvcMetricsFilter.java:155)
	at org.springframework.boot.actuate.metrics.web.servlet.WebMvcMetricsFilter.filterAndRecordMetrics(WebMvcMetricsFilter.java:123)
	at org.springframework.boot.actuate.metrics.web.servlet.WebMvcMetricsFilter.doFilterInternal(WebMvcMetricsFilter.java:108)
	at org.springframework.web.filter.OncePerRequestFilter.doFilter(OncePerRequestFilter.java:107)
	at org.apache.catalina.core.ApplicationFilterChain.internalDoFilter(ApplicationFilterChain.java:193)
	at org.apache.catalina.core.ApplicationFilterChain.doFilter(ApplicationFilterChain.java:166)
	at org.springframework.web.filter.CharacterEncodingFilter.doFilterInternal(CharacterEncodingFilter.java:200)
	at org.springframework.web.filter.OncePerRequestFilter.doFilter(OncePerRequestFilter.java:107)
	at org.apache.catalina.core.ApplicationFilterChain.internalDoFilter(ApplicationFilterChain.java:193)
	at org.apache.catalina.core.ApplicationFilterChain.doFilter(ApplicationFilterChain.java:166)
	at org.apache.catalina.core.StandardWrapperValve.invoke(StandardWrapperValve.java:198)
	at org.apache.catalina.core.StandardContextValve.invoke(StandardContextValve.java:96)
	at org.apache.catalina.authenticator.AuthenticatorBase.invoke(AuthenticatorBase.java:493)
	at org.apache.catalina.core.StandardHostValve.invoke(StandardHostValve.java:140)
	at org.apache.catalina.valves.ErrorReportValve.invoke(ErrorReportValve.java:81)
	at org.apache.catalina.core.StandardEngineValve.invoke(StandardEngineValve.java:87)
	at org.apache.catalina.connector.CoyoteAdapter.service(CoyoteAdapter.java:342)
	at org.apache.coyote.http11.Http11Processor.service(Http11Processor.java:800)
	at org.apache.coyote.AbstractProcessorLight.process(AbstractProcessorLight.java:66)
	at org.apache.coyote.AbstractProtocol$ConnectionHandler.process(AbstractProtocol.java:800)
	at org.apache.tomcat.util.net.NioEndpoint$SocketProcessor.doRun(NioEndpoint.java:1471)
	at org.apache.tomcat.util.net.SocketProcessorBase.run(SocketProcessorBase.java:49)
	at java.util.concurrent.ThreadPoolExecutor.runWorker(ThreadPoolExecutor.java:1149)
	at java.util.concurrent.ThreadPoolExecutor$Worker.run(ThreadPoolExecutor.java:624)
	at org.apache.tomcat.util.threads.TaskThread$WrappingRunnable.run(TaskThread.java:61)
	at java.lang.Thread.run(Thread.java:748)
2024-12-19 10:55:00.598 [http-nio-8008-exec-4] ERROR c.n.property.boot.filter.JwtFilter -业务处理失败
com.newland.property.utils.exception.FilterException: 您还没有登录，请先登录
	at com.newland.property.boot.filter.JwtFilter.getToken(JwtFilter.java:132)
	at com.newland.property.boot.filter.JwtFilter.doFilter(JwtFilter.java:57)
	at org.apache.catalina.core.ApplicationFilterChain.internalDoFilter(ApplicationFilterChain.java:193)
	at org.apache.catalina.core.ApplicationFilterChain.doFilter(ApplicationFilterChain.java:166)
	at org.springframework.boot.actuate.web.trace.servlet.HttpTraceFilter.doFilterInternal(HttpTraceFilter.java:90)
	at org.springframework.web.filter.OncePerRequestFilter.doFilter(OncePerRequestFilter.java:107)
	at org.apache.catalina.core.ApplicationFilterChain.internalDoFilter(ApplicationFilterChain.java:193)
	at org.apache.catalina.core.ApplicationFilterChain.doFilter(ApplicationFilterChain.java:166)
	at org.springframework.web.filter.RequestContextFilter.doFilterInternal(RequestContextFilter.java:99)
	at org.springframework.web.filter.OncePerRequestFilter.doFilter(OncePerRequestFilter.java:107)
	at org.apache.catalina.core.ApplicationFilterChain.internalDoFilter(ApplicationFilterChain.java:193)
	at org.apache.catalina.core.ApplicationFilterChain.doFilter(ApplicationFilterChain.java:166)
	at org.springframework.web.filter.HttpPutFormContentFilter.doFilterInternal(HttpPutFormContentFilter.java:109)
	at org.springframework.web.filter.OncePerRequestFilter.doFilter(OncePerRequestFilter.java:107)
	at org.apache.catalina.core.ApplicationFilterChain.internalDoFilter(ApplicationFilterChain.java:193)
	at org.apache.catalina.core.ApplicationFilterChain.doFilter(ApplicationFilterChain.java:166)
	at org.springframework.web.filter.HiddenHttpMethodFilter.doFilterInternal(HiddenHttpMethodFilter.java:93)
	at org.springframework.web.filter.OncePerRequestFilter.doFilter(OncePerRequestFilter.java:107)
	at org.apache.catalina.core.ApplicationFilterChain.internalDoFilter(ApplicationFilterChain.java:193)
	at org.apache.catalina.core.ApplicationFilterChain.doFilter(ApplicationFilterChain.java:166)
	at org.springframework.session.web.http.SessionRepositoryFilter.doFilterInternal(SessionRepositoryFilter.java:147)
	at org.springframework.session.web.http.OncePerRequestFilter.doFilter(OncePerRequestFilter.java:81)
	at org.apache.catalina.core.ApplicationFilterChain.internalDoFilter(ApplicationFilterChain.java:193)
	at org.apache.catalina.core.ApplicationFilterChain.doFilter(ApplicationFilterChain.java:166)
	at org.springframework.boot.actuate.metrics.web.servlet.WebMvcMetricsFilter.filterAndRecordMetrics(WebMvcMetricsFilter.java:155)
	at org.springframework.boot.actuate.metrics.web.servlet.WebMvcMetricsFilter.filterAndRecordMetrics(WebMvcMetricsFilter.java:123)
	at org.springframework.boot.actuate.metrics.web.servlet.WebMvcMetricsFilter.doFilterInternal(WebMvcMetricsFilter.java:108)
	at org.springframework.web.filter.OncePerRequestFilter.doFilter(OncePerRequestFilter.java:107)
	at org.apache.catalina.core.ApplicationFilterChain.internalDoFilter(ApplicationFilterChain.java:193)
	at org.apache.catalina.core.ApplicationFilterChain.doFilter(ApplicationFilterChain.java:166)
	at org.springframework.web.filter.CharacterEncodingFilter.doFilterInternal(CharacterEncodingFilter.java:200)
	at org.springframework.web.filter.OncePerRequestFilter.doFilter(OncePerRequestFilter.java:107)
	at org.apache.catalina.core.ApplicationFilterChain.internalDoFilter(ApplicationFilterChain.java:193)
	at org.apache.catalina.core.ApplicationFilterChain.doFilter(ApplicationFilterChain.java:166)
	at org.apache.catalina.core.StandardWrapperValve.invoke(StandardWrapperValve.java:198)
	at org.apache.catalina.core.StandardContextValve.invoke(StandardContextValve.java:96)
	at org.apache.catalina.authenticator.AuthenticatorBase.invoke(AuthenticatorBase.java:493)
	at org.apache.catalina.core.StandardHostValve.invoke(StandardHostValve.java:140)
	at org.apache.catalina.valves.ErrorReportValve.invoke(ErrorReportValve.java:81)
	at org.apache.catalina.core.StandardEngineValve.invoke(StandardEngineValve.java:87)
	at org.apache.catalina.connector.CoyoteAdapter.service(CoyoteAdapter.java:342)
	at org.apache.coyote.http11.Http11Processor.service(Http11Processor.java:800)
	at org.apache.coyote.AbstractProcessorLight.process(AbstractProcessorLight.java:66)
	at org.apache.coyote.AbstractProtocol$ConnectionHandler.process(AbstractProtocol.java:800)
	at org.apache.tomcat.util.net.NioEndpoint$SocketProcessor.doRun(NioEndpoint.java:1471)
	at org.apache.tomcat.util.net.SocketProcessorBase.run(SocketProcessorBase.java:49)
	at java.util.concurrent.ThreadPoolExecutor.runWorker(ThreadPoolExecutor.java:1149)
	at java.util.concurrent.ThreadPoolExecutor$Worker.run(ThreadPoolExecutor.java:624)
	at org.apache.tomcat.util.threads.TaskThread$WrappingRunnable.run(TaskThread.java:61)
	at java.lang.Thread.run(Thread.java:748)
2024-12-19 10:55:00.624 [http-nio-8008-exec-6] ERROR c.n.property.boot.filter.JwtFilter -业务处理失败
com.newland.property.utils.exception.FilterException: 您还没有登录，请先登录
	at com.newland.property.boot.filter.JwtFilter.getToken(JwtFilter.java:132)
	at com.newland.property.boot.filter.JwtFilter.doFilter(JwtFilter.java:57)
	at org.apache.catalina.core.ApplicationFilterChain.internalDoFilter(ApplicationFilterChain.java:193)
	at org.apache.catalina.core.ApplicationFilterChain.doFilter(ApplicationFilterChain.java:166)
	at org.springframework.boot.actuate.web.trace.servlet.HttpTraceFilter.doFilterInternal(HttpTraceFilter.java:90)
	at org.springframework.web.filter.OncePerRequestFilter.doFilter(OncePerRequestFilter.java:107)
	at org.apache.catalina.core.ApplicationFilterChain.internalDoFilter(ApplicationFilterChain.java:193)
	at org.apache.catalina.core.ApplicationFilterChain.doFilter(ApplicationFilterChain.java:166)
	at org.springframework.web.filter.RequestContextFilter.doFilterInternal(RequestContextFilter.java:99)
	at org.springframework.web.filter.OncePerRequestFilter.doFilter(OncePerRequestFilter.java:107)
	at org.apache.catalina.core.ApplicationFilterChain.internalDoFilter(ApplicationFilterChain.java:193)
	at org.apache.catalina.core.ApplicationFilterChain.doFilter(ApplicationFilterChain.java:166)
	at org.springframework.web.filter.HttpPutFormContentFilter.doFilterInternal(HttpPutFormContentFilter.java:109)
	at org.springframework.web.filter.OncePerRequestFilter.doFilter(OncePerRequestFilter.java:107)
	at org.apache.catalina.core.ApplicationFilterChain.internalDoFilter(ApplicationFilterChain.java:193)
	at org.apache.catalina.core.ApplicationFilterChain.doFilter(ApplicationFilterChain.java:166)
	at org.springframework.web.filter.HiddenHttpMethodFilter.doFilterInternal(HiddenHttpMethodFilter.java:93)
	at org.springframework.web.filter.OncePerRequestFilter.doFilter(OncePerRequestFilter.java:107)
	at org.apache.catalina.core.ApplicationFilterChain.internalDoFilter(ApplicationFilterChain.java:193)
	at org.apache.catalina.core.ApplicationFilterChain.doFilter(ApplicationFilterChain.java:166)
	at org.springframework.session.web.http.SessionRepositoryFilter.doFilterInternal(SessionRepositoryFilter.java:147)
	at org.springframework.session.web.http.OncePerRequestFilter.doFilter(OncePerRequestFilter.java:81)
	at org.apache.catalina.core.ApplicationFilterChain.internalDoFilter(ApplicationFilterChain.java:193)
	at org.apache.catalina.core.ApplicationFilterChain.doFilter(ApplicationFilterChain.java:166)
	at org.springframework.boot.actuate.metrics.web.servlet.WebMvcMetricsFilter.filterAndRecordMetrics(WebMvcMetricsFilter.java:155)
	at org.springframework.boot.actuate.metrics.web.servlet.WebMvcMetricsFilter.filterAndRecordMetrics(WebMvcMetricsFilter.java:123)
	at org.springframework.boot.actuate.metrics.web.servlet.WebMvcMetricsFilter.doFilterInternal(WebMvcMetricsFilter.java:108)
	at org.springframework.web.filter.OncePerRequestFilter.doFilter(OncePerRequestFilter.java:107)
	at org.apache.catalina.core.ApplicationFilterChain.internalDoFilter(ApplicationFilterChain.java:193)
	at org.apache.catalina.core.ApplicationFilterChain.doFilter(ApplicationFilterChain.java:166)
	at org.springframework.web.filter.CharacterEncodingFilter.doFilterInternal(CharacterEncodingFilter.java:200)
	at org.springframework.web.filter.OncePerRequestFilter.doFilter(OncePerRequestFilter.java:107)
	at org.apache.catalina.core.ApplicationFilterChain.internalDoFilter(ApplicationFilterChain.java:193)
	at org.apache.catalina.core.ApplicationFilterChain.doFilter(ApplicationFilterChain.java:166)
	at org.apache.catalina.core.StandardWrapperValve.invoke(StandardWrapperValve.java:198)
	at org.apache.catalina.core.StandardContextValve.invoke(StandardContextValve.java:96)
	at org.apache.catalina.authenticator.AuthenticatorBase.invoke(AuthenticatorBase.java:493)
	at org.apache.catalina.core.StandardHostValve.invoke(StandardHostValve.java:140)
	at org.apache.catalina.valves.ErrorReportValve.invoke(ErrorReportValve.java:81)
	at org.apache.catalina.core.StandardEngineValve.invoke(StandardEngineValve.java:87)
	at org.apache.catalina.connector.CoyoteAdapter.service(CoyoteAdapter.java:342)
	at org.apache.coyote.http11.Http11Processor.service(Http11Processor.java:800)
	at org.apache.coyote.AbstractProcessorLight.process(AbstractProcessorLight.java:66)
	at org.apache.coyote.AbstractProtocol$ConnectionHandler.process(AbstractProtocol.java:800)
	at org.apache.tomcat.util.net.NioEndpoint$SocketProcessor.doRun(NioEndpoint.java:1471)
	at org.apache.tomcat.util.net.SocketProcessorBase.run(SocketProcessorBase.java:49)
	at java.util.concurrent.ThreadPoolExecutor.runWorker(ThreadPoolExecutor.java:1149)
	at java.util.concurrent.ThreadPoolExecutor$Worker.run(ThreadPoolExecutor.java:624)
	at org.apache.tomcat.util.threads.TaskThread$WrappingRunnable.run(TaskThread.java:61)
	at java.lang.Thread.run(Thread.java:748)
2024-12-19 10:55:00.752 [http-nio-8008-exec-3] ERROR c.n.p.c.t.NewlandPropertyRestTemplateInterceptor -进入拦截器{"page":"1","row":"1","storeId":"","userId":"-1"}
2024-12-19 10:55:03.636 [http-nio-8008-exec-8] ERROR c.n.property.boot.filter.JwtFilter -业务处理失败
com.newland.property.utils.exception.FilterException: 您还没有登录，请先登录
	at com.newland.property.boot.filter.JwtFilter.getToken(JwtFilter.java:132)
	at com.newland.property.boot.filter.JwtFilter.doFilter(JwtFilter.java:57)
	at org.apache.catalina.core.ApplicationFilterChain.internalDoFilter(ApplicationFilterChain.java:193)
	at org.apache.catalina.core.ApplicationFilterChain.doFilter(ApplicationFilterChain.java:166)
	at org.springframework.boot.actuate.web.trace.servlet.HttpTraceFilter.doFilterInternal(HttpTraceFilter.java:90)
	at org.springframework.web.filter.OncePerRequestFilter.doFilter(OncePerRequestFilter.java:107)
	at org.apache.catalina.core.ApplicationFilterChain.internalDoFilter(ApplicationFilterChain.java:193)
	at org.apache.catalina.core.ApplicationFilterChain.doFilter(ApplicationFilterChain.java:166)
	at org.springframework.web.filter.RequestContextFilter.doFilterInternal(RequestContextFilter.java:99)
	at org.springframework.web.filter.OncePerRequestFilter.doFilter(OncePerRequestFilter.java:107)
	at org.apache.catalina.core.ApplicationFilterChain.internalDoFilter(ApplicationFilterChain.java:193)
	at org.apache.catalina.core.ApplicationFilterChain.doFilter(ApplicationFilterChain.java:166)
	at org.springframework.web.filter.HttpPutFormContentFilter.doFilterInternal(HttpPutFormContentFilter.java:109)
	at org.springframework.web.filter.OncePerRequestFilter.doFilter(OncePerRequestFilter.java:107)
	at org.apache.catalina.core.ApplicationFilterChain.internalDoFilter(ApplicationFilterChain.java:193)
	at org.apache.catalina.core.ApplicationFilterChain.doFilter(ApplicationFilterChain.java:166)
	at org.springframework.web.filter.HiddenHttpMethodFilter.doFilterInternal(HiddenHttpMethodFilter.java:93)
	at org.springframework.web.filter.OncePerRequestFilter.doFilter(OncePerRequestFilter.java:107)
	at org.apache.catalina.core.ApplicationFilterChain.internalDoFilter(ApplicationFilterChain.java:193)
	at org.apache.catalina.core.ApplicationFilterChain.doFilter(ApplicationFilterChain.java:166)
	at org.springframework.session.web.http.SessionRepositoryFilter.doFilterInternal(SessionRepositoryFilter.java:147)
	at org.springframework.session.web.http.OncePerRequestFilter.doFilter(OncePerRequestFilter.java:81)
	at org.apache.catalina.core.ApplicationFilterChain.internalDoFilter(ApplicationFilterChain.java:193)
	at org.apache.catalina.core.ApplicationFilterChain.doFilter(ApplicationFilterChain.java:166)
	at org.springframework.boot.actuate.metrics.web.servlet.WebMvcMetricsFilter.filterAndRecordMetrics(WebMvcMetricsFilter.java:155)
	at org.springframework.boot.actuate.metrics.web.servlet.WebMvcMetricsFilter.filterAndRecordMetrics(WebMvcMetricsFilter.java:123)
	at org.springframework.boot.actuate.metrics.web.servlet.WebMvcMetricsFilter.doFilterInternal(WebMvcMetricsFilter.java:108)
	at org.springframework.web.filter.OncePerRequestFilter.doFilter(OncePerRequestFilter.java:107)
	at org.apache.catalina.core.ApplicationFilterChain.internalDoFilter(ApplicationFilterChain.java:193)
	at org.apache.catalina.core.ApplicationFilterChain.doFilter(ApplicationFilterChain.java:166)
	at org.springframework.web.filter.CharacterEncodingFilter.doFilterInternal(CharacterEncodingFilter.java:200)
	at org.springframework.web.filter.OncePerRequestFilter.doFilter(OncePerRequestFilter.java:107)
	at org.apache.catalina.core.ApplicationFilterChain.internalDoFilter(ApplicationFilterChain.java:193)
	at org.apache.catalina.core.ApplicationFilterChain.doFilter(ApplicationFilterChain.java:166)
	at org.apache.catalina.core.StandardWrapperValve.invoke(StandardWrapperValve.java:198)
	at org.apache.catalina.core.StandardContextValve.invoke(StandardContextValve.java:96)
	at org.apache.catalina.authenticator.AuthenticatorBase.invoke(AuthenticatorBase.java:493)
	at org.apache.catalina.core.StandardHostValve.invoke(StandardHostValve.java:140)
	at org.apache.catalina.valves.ErrorReportValve.invoke(ErrorReportValve.java:81)
	at org.apache.catalina.core.StandardEngineValve.invoke(StandardEngineValve.java:87)
	at org.apache.catalina.connector.CoyoteAdapter.service(CoyoteAdapter.java:342)
	at org.apache.coyote.http11.Http11Processor.service(Http11Processor.java:800)
	at org.apache.coyote.AbstractProcessorLight.process(AbstractProcessorLight.java:66)
	at org.apache.coyote.AbstractProtocol$ConnectionHandler.process(AbstractProtocol.java:800)
	at org.apache.tomcat.util.net.NioEndpoint$SocketProcessor.doRun(NioEndpoint.java:1471)
	at org.apache.tomcat.util.net.SocketProcessorBase.run(SocketProcessorBase.java:49)
	at java.util.concurrent.ThreadPoolExecutor.runWorker(ThreadPoolExecutor.java:1149)
	at java.util.concurrent.ThreadPoolExecutor$Worker.run(ThreadPoolExecutor.java:624)
	at org.apache.tomcat.util.threads.TaskThread$WrappingRunnable.run(TaskThread.java:61)
	at java.lang.Thread.run(Thread.java:748)
2024-12-19 10:55:03.806 [http-nio-8008-exec-9] ERROR c.n.p.c.t.NewlandPropertyRestTemplateInterceptor -进入拦截器{"page":"1","row":"1","storeId":"","userId":"-1"}
2024-12-19 10:55:15.401 [http-nio-8008-exec-5] ERROR c.n.p.c.t.NewlandPropertyRestTemplateInterceptor -进入拦截器{"passwd":"3b34708d9082cccf9ed861ea526304d5","logo":"HC","validateCode":"klcl","errorInfo":"","userId":"-1","username":"admin"}
2024-12-19 10:55:16.150 [http-nio-8008-exec-6] ERROR c.n.p.c.t.NewlandPropertyRestTemplateInterceptor -进入拦截器{"userId":"30518939884421922816"}
2024-12-19 10:55:16.353 [http-nio-8008-exec-6] ERROR c.n.p.c.t.NewlandPropertyRestTemplateInterceptor -进入拦截器{"loginUserId":"30518939884421922816","storeId":"400000000000000001","_uId":"ccdd00opikookjuhyyttvhnnjuuu","userId":"30518939884421922816"}
2024-12-19 10:55:16.564 [http-nio-8008-exec-8] ERROR c.n.p.c.t.NewlandPropertyRestTemplateInterceptor -进入拦截器{"a":"HC","loginUserId":"30518939884421922816","storeId":"400000000000000001","userId":"30518939884421922816"}
2024-12-19 10:55:17.238 [http-nio-8008-exec-10] ERROR c.n.p.c.t.NewlandPropertyRestTemplateInterceptor -进入拦截器{"loginUserId":"30518939884421922816","page":"1","row":"3","storeId":"400000000000000001","_uId":"ccdd00opikookjuhyyttvhnnjuuu","userId":"30518939884421922816"}
2024-12-19 10:55:17.858 [http-nio-8008-exec-2] ERROR c.n.p.c.t.NewlandPropertyRestTemplateInterceptor -进入拦截器{"page":"1","row":"1","storeId":"","userId":"-1"}
2024-12-19 10:55:18.161 [http-nio-8008-exec-5] ERROR c.n.p.c.t.NewlandPropertyRestTemplateInterceptor -进入拦截器{"loginUserId":"30518939884421922816","page":"1","row":"10","storeId":"400000000000000001","userId":"30518939884421922816","isShow":"Y"}
2024-12-19 10:55:18.162 [http-nio-8008-exec-7] ERROR c.n.p.c.t.NewlandPropertyRestTemplateInterceptor -进入拦截器{"loginUserId":"30518939884421922816","storeId":"400000000000000001","userId":"30518939884421922816"}
2024-12-19 10:55:18.180 [http-nio-8008-exec-3] ERROR c.n.p.c.t.NewlandPropertyRestTemplateInterceptor -进入拦截器{"loginUserId":"30518939884421922816","page":"1","row":"100","storeId":"400000000000000001","userId":"30518939884421922816"}
2024-12-19 10:55:18.611 [http-nio-8008-exec-9] ERROR c.n.p.c.t.NewlandPropertyRestTemplateInterceptor -进入拦截器{"caId":"102022022645630009","loginUserId":"30518939884421922816","communityId":"-1","storeId":"400000000000000001","userId":"30518939884421922816"}
2024-12-19 10:55:19.167 [http-nio-8008-exec-2] ERROR c.n.p.c.t.NewlandPropertyRestTemplateInterceptor -进入拦截器{"loginUserId":"30518939884421922816","storeId":"400000000000000001","userId":"30518939884421922816","platform":"admin"}
2024-12-19 10:55:19.168 [http-nio-8008-exec-8] ERROR c.n.p.c.t.NewlandPropertyRestTemplateInterceptor -进入拦截器{"loginUserId":"30518939884421922816","storeId":"400000000000000001","userId":"30518939884421922816","platform":"admin"}
2024-12-19 10:55:19.177 [http-nio-8008-exec-4] ERROR c.n.p.c.t.NewlandPropertyRestTemplateInterceptor -进入拦截器{"loginUserId":"30518939884421922816","storeId":"400000000000000001","userId":"30518939884421922816","platform":"admin"}
2024-12-19 10:55:28.098 [http-nio-8008-exec-9] ERROR c.n.p.c.t.NewlandPropertyRestTemplateInterceptor -进入拦截器{"areaLevel":"101","parentAreaCode":"0","storeId":"","userId":"-1"}
2024-12-19 10:55:28.098 [http-nio-8008-exec-10] ERROR c.n.p.c.t.NewlandPropertyRestTemplateInterceptor -进入拦截器{"areaLevel":"101","parentAreaCode":"0","storeId":"","userId":"-1"}
2024-12-19 10:55:28.149 [http-nio-8008-exec-5] ERROR c.n.p.c.t.NewlandPropertyRestTemplateInterceptor -进入拦截器{"page":"1","row":"100","tableName":"building_community_attr"}
2024-12-19 10:55:28.150 [http-nio-8008-exec-3] ERROR c.n.p.c.t.NewlandPropertyRestTemplateInterceptor -进入拦截器{"page":"1","row":"100","tableName":"building_community_attr"}
2024-12-19 10:55:28.156 [http-nio-8008-exec-1] ERROR c.n.p.c.t.NewlandPropertyRestTemplateInterceptor -进入拦截器{"loginUserId":"30518939884421922816","page":"1","row":"100","storeId":"400000000000000001","userId":"30518939884421922816"}
2024-12-19 10:55:28.492 [http-nio-8008-exec-1] ERROR c.n.p.c.t.NewlandPropertyRestTemplateInterceptor -进入拦截器{"cityCode":"","name":"","page":"1","row":"10","communityId":"","storeId":"","userId":"-1"}
2024-12-19 10:55:28.526 [http-nio-8008-exec-7] ERROR c.n.p.c.t.NewlandPropertyRestTemplateInterceptor -进入拦截器{"specCd":"9329000004","page":"1","row":"100"}
2024-12-19 10:55:29.057 [http-nio-8008-exec-8] ERROR c.n.p.c.t.NewlandPropertyRestTemplateInterceptor -进入拦截器{"loginUserId":"30518939884421922816","page":"1","row":"100","storeId":"400000000000000001","userId":"30518939884421922816"}
2024-12-19 10:55:29.154 [http-nio-8008-exec-2] ERROR c.n.p.c.t.NewlandPropertyRestTemplateInterceptor -进入拦截器{"storeTypeCd":"800900000001","typeCd":"222222","loginUserId":"30518939884421922816","page":"1","row":"10","storeId":"400000000000000001","userName":"admin","userId":"30518939884421922816"}
2024-12-19 10:55:29.869 [http-nio-8008-exec-10] ERROR c.n.p.c.t.NewlandPropertyRestTemplateInterceptor -进入拦截器{"typeCd":"1001","hktName":"","shopId":"9999","page":"1","row":"10","isShow":""}
2024-12-19 10:55:29.916 [http-nio-8008-exec-4] ERROR c.n.p.c.t.NewlandPropertyRestTemplateInterceptor -进入拦截器{"loginUserId":"30518939884421922816","page":"1","row":"100","storeId":"400000000000000001","userId":"30518939884421922816"}
2024-12-19 10:55:29.916 [http-nio-8008-exec-1] ERROR c.n.p.c.t.NewlandPropertyRestTemplateInterceptor -进入拦截器{"loginUserId":"30518939884421922816","page":"1","row":"100","storeId":"400000000000000001","userId":"30518939884421922816"}
2024-12-19 10:55:29.920 [http-nio-8008-exec-9] ERROR c.n.p.c.t.NewlandPropertyRestTemplateInterceptor -进入拦截器{"loginUserId":"30518939884421922816","page":"1","row":"100","storeId":"400000000000000001","userId":"30518939884421922816"}
2024-12-19 10:55:30.162 [http-nio-8008-exec-7] ERROR c.n.p.c.e.c.ServiceCmdEventPublishing -发布侦听失败，失败原因为：
com.newland.property.utils.exception.ListenerExecuteException: 服务【/shop/queryShopsByAdmin】当前不支持
	at com.newland.property.core.event.cmd.ServiceCmdEventPublishing.multicastEvent(ServiceCmdEventPublishing.java:156)
	at com.newland.property.core.event.cmd.ServiceCmdEventPublishing.multicastEvent(ServiceCmdEventPublishing.java:135)
	at com.newland.property.core.event.cmd.ServiceCmdEventPublishing.multicastEvent(ServiceCmdEventPublishing.java:109)
	at com.newland.property.service.smo.impl.CmdServiceSMOImpl.invokeBusinessSystem(CmdServiceSMOImpl.java:99)
	at com.newland.property.service.smo.impl.CmdServiceSMOImpl.cmd(CmdServiceSMOImpl.java:78)
	at com.newland.property.service.smo.impl.CmdServiceSMOImpl$$FastClassBySpringCGLIB$$f6be9887.invoke(<generated>)
	at org.springframework.cglib.proxy.MethodProxy.invoke(MethodProxy.java:204)
	at org.springframework.aop.framework.CglibAopProxy$CglibMethodInvocation.invokeJoinpoint(CglibAopProxy.java:746)
	at org.springframework.aop.framework.ReflectiveMethodInvocation.proceed(ReflectiveMethodInvocation.java:163)
	at org.springframework.aop.aspectj.MethodInvocationProceedingJoinPoint.proceed(MethodInvocationProceedingJoinPoint.java:88)
	at com.newland.property.core.trace.NewlandPropertyTraceLogAop.around(NewlandPropertyTraceLogAop.java:49)
	at sun.reflect.GeneratedMethodAccessor244.invoke(Unknown Source)
	at sun.reflect.DelegatingMethodAccessorImpl.invoke(DelegatingMethodAccessorImpl.java:43)
	at java.lang.reflect.Method.invoke(Method.java:498)
	at org.springframework.aop.aspectj.AbstractAspectJAdvice.invokeAdviceMethodWithGivenArgs(AbstractAspectJAdvice.java:644)
	at org.springframework.aop.aspectj.AbstractAspectJAdvice.invokeAdviceMethod(AbstractAspectJAdvice.java:633)
	at org.springframework.aop.aspectj.AspectJAroundAdvice.invoke(AspectJAroundAdvice.java:70)
	at org.springframework.aop.framework.ReflectiveMethodInvocation.proceed(ReflectiveMethodInvocation.java:174)
	at org.springframework.aop.interceptor.ExposeInvocationInterceptor.invoke(ExposeInvocationInterceptor.java:92)
	at org.springframework.aop.framework.ReflectiveMethodInvocation.proceed(ReflectiveMethodInvocation.java:185)
	at org.springframework.aop.framework.CglibAopProxy$DynamicAdvisedInterceptor.intercept(CglibAopProxy.java:688)
	at com.newland.property.service.smo.impl.CmdServiceSMOImpl$$EnhancerBySpringCGLIB$$76c0dcc0.cmd(<generated>)
	at com.newland.property.service.api.CmdApi.subServicePost(CmdApi.java:107)
	at com.newland.property.service.api.CmdApi$$FastClassBySpringCGLIB$$885b20b6.invoke(<generated>)
	at org.springframework.cglib.proxy.MethodProxy.invoke(MethodProxy.java:204)
	at org.springframework.aop.framework.CglibAopProxy$CglibMethodInvocation.invokeJoinpoint(CglibAopProxy.java:746)
	at org.springframework.aop.framework.ReflectiveMethodInvocation.proceed(ReflectiveMethodInvocation.java:163)
	at org.springframework.aop.interceptor.ExposeInvocationInterceptor.invoke(ExposeInvocationInterceptor.java:92)
	at org.springframework.aop.framework.ReflectiveMethodInvocation.proceed(ReflectiveMethodInvocation.java:185)
	at org.springframework.aop.framework.CglibAopProxy$DynamicAdvisedInterceptor.intercept(CglibAopProxy.java:688)
	at com.newland.property.service.api.CmdApi$$EnhancerBySpringCGLIB$$be61c333.subServicePost(<generated>)
	at sun.reflect.NativeMethodAccessorImpl.invoke0(Native Method)
	at sun.reflect.NativeMethodAccessorImpl.invoke(NativeMethodAccessorImpl.java:62)
	at sun.reflect.DelegatingMethodAccessorImpl.invoke(DelegatingMethodAccessorImpl.java:43)
	at java.lang.reflect.Method.invoke(Method.java:498)
	at org.springframework.web.method.support.InvocableHandlerMethod.doInvoke(InvocableHandlerMethod.java:209)
	at org.springframework.web.method.support.InvocableHandlerMethod.invokeForRequest(InvocableHandlerMethod.java:136)
	at org.springframework.web.servlet.mvc.method.annotation.ServletInvocableHandlerMethod.invokeAndHandle(ServletInvocableHandlerMethod.java:102)
	at org.springframework.web.servlet.mvc.method.annotation.RequestMappingHandlerAdapter.invokeHandlerMethod(RequestMappingHandlerAdapter.java:877)
	at org.springframework.web.servlet.mvc.method.annotation.RequestMappingHandlerAdapter.handleInternal(RequestMappingHandlerAdapter.java:783)
	at org.springframework.web.servlet.mvc.method.AbstractHandlerMethodAdapter.handle(AbstractHandlerMethodAdapter.java:87)
	at org.springframework.web.servlet.DispatcherServlet.doDispatch(DispatcherServlet.java:991)
	at org.springframework.web.servlet.DispatcherServlet.doService(DispatcherServlet.java:925)
	at org.springframework.web.servlet.FrameworkServlet.processRequest(FrameworkServlet.java:974)
	at org.springframework.web.servlet.FrameworkServlet.doPost(FrameworkServlet.java:877)
	at javax.servlet.http.HttpServlet.service(HttpServlet.java:661)
	at org.springframework.web.servlet.FrameworkServlet.service(FrameworkServlet.java:851)
	at javax.servlet.http.HttpServlet.service(HttpServlet.java:742)
	at org.apache.catalina.core.ApplicationFilterChain.internalDoFilter(ApplicationFilterChain.java:231)
	at org.apache.catalina.core.ApplicationFilterChain.doFilter(ApplicationFilterChain.java:166)
	at org.apache.tomcat.websocket.server.WsFilter.doFilter(WsFilter.java:52)
	at org.apache.catalina.core.ApplicationFilterChain.internalDoFilter(ApplicationFilterChain.java:193)
	at org.apache.catalina.core.ApplicationFilterChain.doFilter(ApplicationFilterChain.java:166)
	at org.springframework.boot.actuate.web.trace.servlet.HttpTraceFilter.doFilterInternal(HttpTraceFilter.java:90)
	at org.springframework.web.filter.OncePerRequestFilter.doFilter(OncePerRequestFilter.java:107)
	at org.apache.catalina.core.ApplicationFilterChain.internalDoFilter(ApplicationFilterChain.java:193)
	at org.apache.catalina.core.ApplicationFilterChain.doFilter(ApplicationFilterChain.java:166)
	at org.springframework.web.filter.RequestContextFilter.doFilterInternal(RequestContextFilter.java:99)
	at org.springframework.web.filter.OncePerRequestFilter.doFilter(OncePerRequestFilter.java:107)
	at org.apache.catalina.core.ApplicationFilterChain.internalDoFilter(ApplicationFilterChain.java:193)
	at org.apache.catalina.core.ApplicationFilterChain.doFilter(ApplicationFilterChain.java:166)
	at org.springframework.web.filter.HttpPutFormContentFilter.doFilterInternal(HttpPutFormContentFilter.java:109)
	at org.springframework.web.filter.OncePerRequestFilter.doFilter(OncePerRequestFilter.java:107)
	at org.apache.catalina.core.ApplicationFilterChain.internalDoFilter(ApplicationFilterChain.java:193)
	at org.apache.catalina.core.ApplicationFilterChain.doFilter(ApplicationFilterChain.java:166)
	at org.springframework.web.filter.HiddenHttpMethodFilter.doFilterInternal(HiddenHttpMethodFilter.java:93)
	at org.springframework.web.filter.OncePerRequestFilter.doFilter(OncePerRequestFilter.java:107)
	at org.apache.catalina.core.ApplicationFilterChain.internalDoFilter(ApplicationFilterChain.java:193)
	at org.apache.catalina.core.ApplicationFilterChain.doFilter(ApplicationFilterChain.java:166)
	at org.springframework.session.web.http.SessionRepositoryFilter.doFilterInternal(SessionRepositoryFilter.java:147)
	at org.springframework.session.web.http.OncePerRequestFilter.doFilter(OncePerRequestFilter.java:81)
	at org.apache.catalina.core.ApplicationFilterChain.internalDoFilter(ApplicationFilterChain.java:193)
	at org.apache.catalina.core.ApplicationFilterChain.doFilter(ApplicationFilterChain.java:166)
	at org.springframework.boot.actuate.metrics.web.servlet.WebMvcMetricsFilter.filterAndRecordMetrics(WebMvcMetricsFilter.java:155)
	at org.springframework.boot.actuate.metrics.web.servlet.WebMvcMetricsFilter.filterAndRecordMetrics(WebMvcMetricsFilter.java:123)
	at org.springframework.boot.actuate.metrics.web.servlet.WebMvcMetricsFilter.doFilterInternal(WebMvcMetricsFilter.java:108)
	at org.springframework.web.filter.OncePerRequestFilter.doFilter(OncePerRequestFilter.java:107)
	at org.apache.catalina.core.ApplicationFilterChain.internalDoFilter(ApplicationFilterChain.java:193)
	at org.apache.catalina.core.ApplicationFilterChain.doFilter(ApplicationFilterChain.java:166)
	at org.springframework.web.filter.CharacterEncodingFilter.doFilterInternal(CharacterEncodingFilter.java:200)
	at org.springframework.web.filter.OncePerRequestFilter.doFilter(OncePerRequestFilter.java:107)
	at org.apache.catalina.core.ApplicationFilterChain.internalDoFilter(ApplicationFilterChain.java:193)
	at org.apache.catalina.core.ApplicationFilterChain.doFilter(ApplicationFilterChain.java:166)
	at org.apache.catalina.core.StandardWrapperValve.invoke(StandardWrapperValve.java:198)
	at org.apache.catalina.core.StandardContextValve.invoke(StandardContextValve.java:96)
	at org.apache.catalina.authenticator.AuthenticatorBase.invoke(AuthenticatorBase.java:493)
	at org.apache.catalina.core.StandardHostValve.invoke(StandardHostValve.java:140)
	at org.apache.catalina.valves.ErrorReportValve.invoke(ErrorReportValve.java:81)
	at org.apache.catalina.core.StandardEngineValve.invoke(StandardEngineValve.java:87)
	at org.apache.catalina.connector.CoyoteAdapter.service(CoyoteAdapter.java:342)
	at org.apache.coyote.http11.Http11Processor.service(Http11Processor.java:800)
	at org.apache.coyote.AbstractProcessorLight.process(AbstractProcessorLight.java:66)
	at org.apache.coyote.AbstractProtocol$ConnectionHandler.process(AbstractProtocol.java:800)
	at org.apache.tomcat.util.net.NioEndpoint$SocketProcessor.doRun(NioEndpoint.java:1471)
	at org.apache.tomcat.util.net.SocketProcessorBase.run(SocketProcessorBase.java:49)
	at java.util.concurrent.ThreadPoolExecutor.runWorker(ThreadPoolExecutor.java:1149)
	at java.util.concurrent.ThreadPoolExecutor$Worker.run(ThreadPoolExecutor.java:624)
	at org.apache.tomcat.util.threads.TaskThread$WrappingRunnable.run(TaskThread.java:61)
	at java.lang.Thread.run(Thread.java:748)
2024-12-19 10:55:30.162 [http-nio-8008-exec-8] ERROR c.n.p.c.e.c.ServiceCmdEventPublishing -发布侦听失败，失败原因为：
com.newland.property.utils.exception.ListenerExecuteException: 服务【/shop/queryShopsByAdmin】当前不支持
	at com.newland.property.core.event.cmd.ServiceCmdEventPublishing.multicastEvent(ServiceCmdEventPublishing.java:156)
	at com.newland.property.core.event.cmd.ServiceCmdEventPublishing.multicastEvent(ServiceCmdEventPublishing.java:135)
	at com.newland.property.core.event.cmd.ServiceCmdEventPublishing.multicastEvent(ServiceCmdEventPublishing.java:109)
	at com.newland.property.service.smo.impl.CmdServiceSMOImpl.invokeBusinessSystem(CmdServiceSMOImpl.java:99)
	at com.newland.property.service.smo.impl.CmdServiceSMOImpl.cmd(CmdServiceSMOImpl.java:78)
	at com.newland.property.service.smo.impl.CmdServiceSMOImpl$$FastClassBySpringCGLIB$$f6be9887.invoke(<generated>)
	at org.springframework.cglib.proxy.MethodProxy.invoke(MethodProxy.java:204)
	at org.springframework.aop.framework.CglibAopProxy$CglibMethodInvocation.invokeJoinpoint(CglibAopProxy.java:746)
	at org.springframework.aop.framework.ReflectiveMethodInvocation.proceed(ReflectiveMethodInvocation.java:163)
	at org.springframework.aop.aspectj.MethodInvocationProceedingJoinPoint.proceed(MethodInvocationProceedingJoinPoint.java:88)
	at com.newland.property.core.trace.NewlandPropertyTraceLogAop.around(NewlandPropertyTraceLogAop.java:49)
	at sun.reflect.GeneratedMethodAccessor244.invoke(Unknown Source)
	at sun.reflect.DelegatingMethodAccessorImpl.invoke(DelegatingMethodAccessorImpl.java:43)
	at java.lang.reflect.Method.invoke(Method.java:498)
	at org.springframework.aop.aspectj.AbstractAspectJAdvice.invokeAdviceMethodWithGivenArgs(AbstractAspectJAdvice.java:644)
	at org.springframework.aop.aspectj.AbstractAspectJAdvice.invokeAdviceMethod(AbstractAspectJAdvice.java:633)
	at org.springframework.aop.aspectj.AspectJAroundAdvice.invoke(AspectJAroundAdvice.java:70)
	at org.springframework.aop.framework.ReflectiveMethodInvocation.proceed(ReflectiveMethodInvocation.java:174)
	at org.springframework.aop.interceptor.ExposeInvocationInterceptor.invoke(ExposeInvocationInterceptor.java:92)
	at org.springframework.aop.framework.ReflectiveMethodInvocation.proceed(ReflectiveMethodInvocation.java:185)
	at org.springframework.aop.framework.CglibAopProxy$DynamicAdvisedInterceptor.intercept(CglibAopProxy.java:688)
	at com.newland.property.service.smo.impl.CmdServiceSMOImpl$$EnhancerBySpringCGLIB$$76c0dcc0.cmd(<generated>)
	at com.newland.property.service.api.CmdApi.subServicePost(CmdApi.java:107)
	at com.newland.property.service.api.CmdApi$$FastClassBySpringCGLIB$$885b20b6.invoke(<generated>)
	at org.springframework.cglib.proxy.MethodProxy.invoke(MethodProxy.java:204)
	at org.springframework.aop.framework.CglibAopProxy$CglibMethodInvocation.invokeJoinpoint(CglibAopProxy.java:746)
	at org.springframework.aop.framework.ReflectiveMethodInvocation.proceed(ReflectiveMethodInvocation.java:163)
	at org.springframework.aop.interceptor.ExposeInvocationInterceptor.invoke(ExposeInvocationInterceptor.java:92)
	at org.springframework.aop.framework.ReflectiveMethodInvocation.proceed(ReflectiveMethodInvocation.java:185)
	at org.springframework.aop.framework.CglibAopProxy$DynamicAdvisedInterceptor.intercept(CglibAopProxy.java:688)
	at com.newland.property.service.api.CmdApi$$EnhancerBySpringCGLIB$$be61c333.subServicePost(<generated>)
	at sun.reflect.NativeMethodAccessorImpl.invoke0(Native Method)
	at sun.reflect.NativeMethodAccessorImpl.invoke(NativeMethodAccessorImpl.java:62)
	at sun.reflect.DelegatingMethodAccessorImpl.invoke(DelegatingMethodAccessorImpl.java:43)
	at java.lang.reflect.Method.invoke(Method.java:498)
	at org.springframework.web.method.support.InvocableHandlerMethod.doInvoke(InvocableHandlerMethod.java:209)
	at org.springframework.web.method.support.InvocableHandlerMethod.invokeForRequest(InvocableHandlerMethod.java:136)
	at org.springframework.web.servlet.mvc.method.annotation.ServletInvocableHandlerMethod.invokeAndHandle(ServletInvocableHandlerMethod.java:102)
	at org.springframework.web.servlet.mvc.method.annotation.RequestMappingHandlerAdapter.invokeHandlerMethod(RequestMappingHandlerAdapter.java:877)
	at org.springframework.web.servlet.mvc.method.annotation.RequestMappingHandlerAdapter.handleInternal(RequestMappingHandlerAdapter.java:783)
	at org.springframework.web.servlet.mvc.method.AbstractHandlerMethodAdapter.handle(AbstractHandlerMethodAdapter.java:87)
	at org.springframework.web.servlet.DispatcherServlet.doDispatch(DispatcherServlet.java:991)
	at org.springframework.web.servlet.DispatcherServlet.doService(DispatcherServlet.java:925)
	at org.springframework.web.servlet.FrameworkServlet.processRequest(FrameworkServlet.java:974)
	at org.springframework.web.servlet.FrameworkServlet.doPost(FrameworkServlet.java:877)
	at javax.servlet.http.HttpServlet.service(HttpServlet.java:661)
	at org.springframework.web.servlet.FrameworkServlet.service(FrameworkServlet.java:851)
	at javax.servlet.http.HttpServlet.service(HttpServlet.java:742)
	at org.apache.catalina.core.ApplicationFilterChain.internalDoFilter(ApplicationFilterChain.java:231)
	at org.apache.catalina.core.ApplicationFilterChain.doFilter(ApplicationFilterChain.java:166)
	at org.apache.tomcat.websocket.server.WsFilter.doFilter(WsFilter.java:52)
	at org.apache.catalina.core.ApplicationFilterChain.internalDoFilter(ApplicationFilterChain.java:193)
	at org.apache.catalina.core.ApplicationFilterChain.doFilter(ApplicationFilterChain.java:166)
	at org.springframework.boot.actuate.web.trace.servlet.HttpTraceFilter.doFilterInternal(HttpTraceFilter.java:90)
	at org.springframework.web.filter.OncePerRequestFilter.doFilter(OncePerRequestFilter.java:107)
	at org.apache.catalina.core.ApplicationFilterChain.internalDoFilter(ApplicationFilterChain.java:193)
	at org.apache.catalina.core.ApplicationFilterChain.doFilter(ApplicationFilterChain.java:166)
	at org.springframework.web.filter.RequestContextFilter.doFilterInternal(RequestContextFilter.java:99)
	at org.springframework.web.filter.OncePerRequestFilter.doFilter(OncePerRequestFilter.java:107)
	at org.apache.catalina.core.ApplicationFilterChain.internalDoFilter(ApplicationFilterChain.java:193)
	at org.apache.catalina.core.ApplicationFilterChain.doFilter(ApplicationFilterChain.java:166)
	at org.springframework.web.filter.HttpPutFormContentFilter.doFilterInternal(HttpPutFormContentFilter.java:109)
	at org.springframework.web.filter.OncePerRequestFilter.doFilter(OncePerRequestFilter.java:107)
	at org.apache.catalina.core.ApplicationFilterChain.internalDoFilter(ApplicationFilterChain.java:193)
	at org.apache.catalina.core.ApplicationFilterChain.doFilter(ApplicationFilterChain.java:166)
	at org.springframework.web.filter.HiddenHttpMethodFilter.doFilterInternal(HiddenHttpMethodFilter.java:93)
	at org.springframework.web.filter.OncePerRequestFilter.doFilter(OncePerRequestFilter.java:107)
	at org.apache.catalina.core.ApplicationFilterChain.internalDoFilter(ApplicationFilterChain.java:193)
	at org.apache.catalina.core.ApplicationFilterChain.doFilter(ApplicationFilterChain.java:166)
	at org.springframework.session.web.http.SessionRepositoryFilter.doFilterInternal(SessionRepositoryFilter.java:147)
	at org.springframework.session.web.http.OncePerRequestFilter.doFilter(OncePerRequestFilter.java:81)
	at org.apache.catalina.core.ApplicationFilterChain.internalDoFilter(ApplicationFilterChain.java:193)
	at org.apache.catalina.core.ApplicationFilterChain.doFilter(ApplicationFilterChain.java:166)
	at org.springframework.boot.actuate.metrics.web.servlet.WebMvcMetricsFilter.filterAndRecordMetrics(WebMvcMetricsFilter.java:155)
	at org.springframework.boot.actuate.metrics.web.servlet.WebMvcMetricsFilter.filterAndRecordMetrics(WebMvcMetricsFilter.java:123)
	at org.springframework.boot.actuate.metrics.web.servlet.WebMvcMetricsFilter.doFilterInternal(WebMvcMetricsFilter.java:108)
	at org.springframework.web.filter.OncePerRequestFilter.doFilter(OncePerRequestFilter.java:107)
	at org.apache.catalina.core.ApplicationFilterChain.internalDoFilter(ApplicationFilterChain.java:193)
	at org.apache.catalina.core.ApplicationFilterChain.doFilter(ApplicationFilterChain.java:166)
	at org.springframework.web.filter.CharacterEncodingFilter.doFilterInternal(CharacterEncodingFilter.java:200)
	at org.springframework.web.filter.OncePerRequestFilter.doFilter(OncePerRequestFilter.java:107)
	at org.apache.catalina.core.ApplicationFilterChain.internalDoFilter(ApplicationFilterChain.java:193)
	at org.apache.catalina.core.ApplicationFilterChain.doFilter(ApplicationFilterChain.java:166)
	at org.apache.catalina.core.StandardWrapperValve.invoke(StandardWrapperValve.java:198)
	at org.apache.catalina.core.StandardContextValve.invoke(StandardContextValve.java:96)
	at org.apache.catalina.authenticator.AuthenticatorBase.invoke(AuthenticatorBase.java:493)
	at org.apache.catalina.core.StandardHostValve.invoke(StandardHostValve.java:140)
	at org.apache.catalina.valves.ErrorReportValve.invoke(ErrorReportValve.java:81)
	at org.apache.catalina.core.StandardEngineValve.invoke(StandardEngineValve.java:87)
	at org.apache.catalina.connector.CoyoteAdapter.service(CoyoteAdapter.java:342)
	at org.apache.coyote.http11.Http11Processor.service(Http11Processor.java:800)
	at org.apache.coyote.AbstractProcessorLight.process(AbstractProcessorLight.java:66)
	at org.apache.coyote.AbstractProtocol$ConnectionHandler.process(AbstractProtocol.java:800)
	at org.apache.tomcat.util.net.NioEndpoint$SocketProcessor.doRun(NioEndpoint.java:1471)
	at org.apache.tomcat.util.net.SocketProcessorBase.run(SocketProcessorBase.java:49)
	at java.util.concurrent.ThreadPoolExecutor.runWorker(ThreadPoolExecutor.java:1149)
	at java.util.concurrent.ThreadPoolExecutor$Worker.run(ThreadPoolExecutor.java:624)
	at org.apache.tomcat.util.threads.TaskThread$WrappingRunnable.run(TaskThread.java:61)
	at java.lang.Thread.run(Thread.java:748)
2024-12-19 10:55:30.165 [http-nio-8008-exec-8] ERROR c.n.property.service.api.CmdApi -请求post 方法[queryShopsByAdmin]失败：{"loginUserId":"30518939884421922816","page":"1","row":"100","storeId":"400000000000000001","userId":"30518939884421922816"}
com.newland.property.utils.exception.ListenerExecuteException: 服务【/shop/queryShopsByAdmin】当前不支持
	at com.newland.property.core.event.cmd.ServiceCmdEventPublishing.multicastEvent(ServiceCmdEventPublishing.java:156)
	at com.newland.property.core.event.cmd.ServiceCmdEventPublishing.multicastEvent(ServiceCmdEventPublishing.java:135)
	at com.newland.property.core.event.cmd.ServiceCmdEventPublishing.multicastEvent(ServiceCmdEventPublishing.java:109)
	at com.newland.property.service.smo.impl.CmdServiceSMOImpl.invokeBusinessSystem(CmdServiceSMOImpl.java:99)
	at com.newland.property.service.smo.impl.CmdServiceSMOImpl.cmd(CmdServiceSMOImpl.java:78)
	at com.newland.property.service.smo.impl.CmdServiceSMOImpl$$FastClassBySpringCGLIB$$f6be9887.invoke(<generated>)
	at org.springframework.cglib.proxy.MethodProxy.invoke(MethodProxy.java:204)
	at org.springframework.aop.framework.CglibAopProxy$CglibMethodInvocation.invokeJoinpoint(CglibAopProxy.java:746)
	at org.springframework.aop.framework.ReflectiveMethodInvocation.proceed(ReflectiveMethodInvocation.java:163)
	at org.springframework.aop.aspectj.MethodInvocationProceedingJoinPoint.proceed(MethodInvocationProceedingJoinPoint.java:88)
	at com.newland.property.core.trace.NewlandPropertyTraceLogAop.around(NewlandPropertyTraceLogAop.java:49)
	at sun.reflect.GeneratedMethodAccessor244.invoke(Unknown Source)
	at sun.reflect.DelegatingMethodAccessorImpl.invoke(DelegatingMethodAccessorImpl.java:43)
	at java.lang.reflect.Method.invoke(Method.java:498)
	at org.springframework.aop.aspectj.AbstractAspectJAdvice.invokeAdviceMethodWithGivenArgs(AbstractAspectJAdvice.java:644)
	at org.springframework.aop.aspectj.AbstractAspectJAdvice.invokeAdviceMethod(AbstractAspectJAdvice.java:633)
	at org.springframework.aop.aspectj.AspectJAroundAdvice.invoke(AspectJAroundAdvice.java:70)
	at org.springframework.aop.framework.ReflectiveMethodInvocation.proceed(ReflectiveMethodInvocation.java:174)
	at org.springframework.aop.interceptor.ExposeInvocationInterceptor.invoke(ExposeInvocationInterceptor.java:92)
	at org.springframework.aop.framework.ReflectiveMethodInvocation.proceed(ReflectiveMethodInvocation.java:185)
	at org.springframework.aop.framework.CglibAopProxy$DynamicAdvisedInterceptor.intercept(CglibAopProxy.java:688)
	at com.newland.property.service.smo.impl.CmdServiceSMOImpl$$EnhancerBySpringCGLIB$$76c0dcc0.cmd(<generated>)
	at com.newland.property.service.api.CmdApi.subServicePost(CmdApi.java:107)
	at com.newland.property.service.api.CmdApi$$FastClassBySpringCGLIB$$885b20b6.invoke(<generated>)
	at org.springframework.cglib.proxy.MethodProxy.invoke(MethodProxy.java:204)
	at org.springframework.aop.framework.CglibAopProxy$CglibMethodInvocation.invokeJoinpoint(CglibAopProxy.java:746)
	at org.springframework.aop.framework.ReflectiveMethodInvocation.proceed(ReflectiveMethodInvocation.java:163)
	at org.springframework.aop.interceptor.ExposeInvocationInterceptor.invoke(ExposeInvocationInterceptor.java:92)
	at org.springframework.aop.framework.ReflectiveMethodInvocation.proceed(ReflectiveMethodInvocation.java:185)
	at org.springframework.aop.framework.CglibAopProxy$DynamicAdvisedInterceptor.intercept(CglibAopProxy.java:688)
	at com.newland.property.service.api.CmdApi$$EnhancerBySpringCGLIB$$be61c333.subServicePost(<generated>)
	at sun.reflect.NativeMethodAccessorImpl.invoke0(Native Method)
	at sun.reflect.NativeMethodAccessorImpl.invoke(NativeMethodAccessorImpl.java:62)
	at sun.reflect.DelegatingMethodAccessorImpl.invoke(DelegatingMethodAccessorImpl.java:43)
	at java.lang.reflect.Method.invoke(Method.java:498)
	at org.springframework.web.method.support.InvocableHandlerMethod.doInvoke(InvocableHandlerMethod.java:209)
	at org.springframework.web.method.support.InvocableHandlerMethod.invokeForRequest(InvocableHandlerMethod.java:136)
	at org.springframework.web.servlet.mvc.method.annotation.ServletInvocableHandlerMethod.invokeAndHandle(ServletInvocableHandlerMethod.java:102)
	at org.springframework.web.servlet.mvc.method.annotation.RequestMappingHandlerAdapter.invokeHandlerMethod(RequestMappingHandlerAdapter.java:877)
	at org.springframework.web.servlet.mvc.method.annotation.RequestMappingHandlerAdapter.handleInternal(RequestMappingHandlerAdapter.java:783)
	at org.springframework.web.servlet.mvc.method.AbstractHandlerMethodAdapter.handle(AbstractHandlerMethodAdapter.java:87)
	at org.springframework.web.servlet.DispatcherServlet.doDispatch(DispatcherServlet.java:991)
	at org.springframework.web.servlet.DispatcherServlet.doService(DispatcherServlet.java:925)
	at org.springframework.web.servlet.FrameworkServlet.processRequest(FrameworkServlet.java:974)
	at org.springframework.web.servlet.FrameworkServlet.doPost(FrameworkServlet.java:877)
	at javax.servlet.http.HttpServlet.service(HttpServlet.java:661)
	at org.springframework.web.servlet.FrameworkServlet.service(FrameworkServlet.java:851)
	at javax.servlet.http.HttpServlet.service(HttpServlet.java:742)
	at org.apache.catalina.core.ApplicationFilterChain.internalDoFilter(ApplicationFilterChain.java:231)
	at org.apache.catalina.core.ApplicationFilterChain.doFilter(ApplicationFilterChain.java:166)
	at org.apache.tomcat.websocket.server.WsFilter.doFilter(WsFilter.java:52)
	at org.apache.catalina.core.ApplicationFilterChain.internalDoFilter(ApplicationFilterChain.java:193)
	at org.apache.catalina.core.ApplicationFilterChain.doFilter(ApplicationFilterChain.java:166)
	at org.springframework.boot.actuate.web.trace.servlet.HttpTraceFilter.doFilterInternal(HttpTraceFilter.java:90)
	at org.springframework.web.filter.OncePerRequestFilter.doFilter(OncePerRequestFilter.java:107)
	at org.apache.catalina.core.ApplicationFilterChain.internalDoFilter(ApplicationFilterChain.java:193)
	at org.apache.catalina.core.ApplicationFilterChain.doFilter(ApplicationFilterChain.java:166)
	at org.springframework.web.filter.RequestContextFilter.doFilterInternal(RequestContextFilter.java:99)
	at org.springframework.web.filter.OncePerRequestFilter.doFilter(OncePerRequestFilter.java:107)
	at org.apache.catalina.core.ApplicationFilterChain.internalDoFilter(ApplicationFilterChain.java:193)
	at org.apache.catalina.core.ApplicationFilterChain.doFilter(ApplicationFilterChain.java:166)
	at org.springframework.web.filter.HttpPutFormContentFilter.doFilterInternal(HttpPutFormContentFilter.java:109)
	at org.springframework.web.filter.OncePerRequestFilter.doFilter(OncePerRequestFilter.java:107)
	at org.apache.catalina.core.ApplicationFilterChain.internalDoFilter(ApplicationFilterChain.java:193)
	at org.apache.catalina.core.ApplicationFilterChain.doFilter(ApplicationFilterChain.java:166)
	at org.springframework.web.filter.HiddenHttpMethodFilter.doFilterInternal(HiddenHttpMethodFilter.java:93)
	at org.springframework.web.filter.OncePerRequestFilter.doFilter(OncePerRequestFilter.java:107)
	at org.apache.catalina.core.ApplicationFilterChain.internalDoFilter(ApplicationFilterChain.java:193)
	at org.apache.catalina.core.ApplicationFilterChain.doFilter(ApplicationFilterChain.java:166)
	at org.springframework.session.web.http.SessionRepositoryFilter.doFilterInternal(SessionRepositoryFilter.java:147)
	at org.springframework.session.web.http.OncePerRequestFilter.doFilter(OncePerRequestFilter.java:81)
	at org.apache.catalina.core.ApplicationFilterChain.internalDoFilter(ApplicationFilterChain.java:193)
	at org.apache.catalina.core.ApplicationFilterChain.doFilter(ApplicationFilterChain.java:166)
	at org.springframework.boot.actuate.metrics.web.servlet.WebMvcMetricsFilter.filterAndRecordMetrics(WebMvcMetricsFilter.java:155)
	at org.springframework.boot.actuate.metrics.web.servlet.WebMvcMetricsFilter.filterAndRecordMetrics(WebMvcMetricsFilter.java:123)
	at org.springframework.boot.actuate.metrics.web.servlet.WebMvcMetricsFilter.doFilterInternal(WebMvcMetricsFilter.java:108)
	at org.springframework.web.filter.OncePerRequestFilter.doFilter(OncePerRequestFilter.java:107)
	at org.apache.catalina.core.ApplicationFilterChain.internalDoFilter(ApplicationFilterChain.java:193)
	at org.apache.catalina.core.ApplicationFilterChain.doFilter(ApplicationFilterChain.java:166)
	at org.springframework.web.filter.CharacterEncodingFilter.doFilterInternal(CharacterEncodingFilter.java:200)
	at org.springframework.web.filter.OncePerRequestFilter.doFilter(OncePerRequestFilter.java:107)
	at org.apache.catalina.core.ApplicationFilterChain.internalDoFilter(ApplicationFilterChain.java:193)
	at org.apache.catalina.core.ApplicationFilterChain.doFilter(ApplicationFilterChain.java:166)
	at org.apache.catalina.core.StandardWrapperValve.invoke(StandardWrapperValve.java:198)
	at org.apache.catalina.core.StandardContextValve.invoke(StandardContextValve.java:96)
	at org.apache.catalina.authenticator.AuthenticatorBase.invoke(AuthenticatorBase.java:493)
	at org.apache.catalina.core.StandardHostValve.invoke(StandardHostValve.java:140)
	at org.apache.catalina.valves.ErrorReportValve.invoke(ErrorReportValve.java:81)
	at org.apache.catalina.core.StandardEngineValve.invoke(StandardEngineValve.java:87)
	at org.apache.catalina.connector.CoyoteAdapter.service(CoyoteAdapter.java:342)
	at org.apache.coyote.http11.Http11Processor.service(Http11Processor.java:800)
	at org.apache.coyote.AbstractProcessorLight.process(AbstractProcessorLight.java:66)
	at org.apache.coyote.AbstractProtocol$ConnectionHandler.process(AbstractProtocol.java:800)
	at org.apache.tomcat.util.net.NioEndpoint$SocketProcessor.doRun(NioEndpoint.java:1471)
	at org.apache.tomcat.util.net.SocketProcessorBase.run(SocketProcessorBase.java:49)
	at java.util.concurrent.ThreadPoolExecutor.runWorker(ThreadPoolExecutor.java:1149)
	at java.util.concurrent.ThreadPoolExecutor$Worker.run(ThreadPoolExecutor.java:624)
	at org.apache.tomcat.util.threads.TaskThread$WrappingRunnable.run(TaskThread.java:61)
	at java.lang.Thread.run(Thread.java:748)
2024-12-19 10:55:30.165 [http-nio-8008-exec-7] ERROR c.n.property.service.api.CmdApi -请求post 方法[queryShopsByAdmin]失败：{"loginUserId":"30518939884421922816","page":"1","row":"100","storeId":"400000000000000001","userId":"30518939884421922816"}
com.newland.property.utils.exception.ListenerExecuteException: 服务【/shop/queryShopsByAdmin】当前不支持
	at com.newland.property.core.event.cmd.ServiceCmdEventPublishing.multicastEvent(ServiceCmdEventPublishing.java:156)
	at com.newland.property.core.event.cmd.ServiceCmdEventPublishing.multicastEvent(ServiceCmdEventPublishing.java:135)
	at com.newland.property.core.event.cmd.ServiceCmdEventPublishing.multicastEvent(ServiceCmdEventPublishing.java:109)
	at com.newland.property.service.smo.impl.CmdServiceSMOImpl.invokeBusinessSystem(CmdServiceSMOImpl.java:99)
	at com.newland.property.service.smo.impl.CmdServiceSMOImpl.cmd(CmdServiceSMOImpl.java:78)
	at com.newland.property.service.smo.impl.CmdServiceSMOImpl$$FastClassBySpringCGLIB$$f6be9887.invoke(<generated>)
	at org.springframework.cglib.proxy.MethodProxy.invoke(MethodProxy.java:204)
	at org.springframework.aop.framework.CglibAopProxy$CglibMethodInvocation.invokeJoinpoint(CglibAopProxy.java:746)
	at org.springframework.aop.framework.ReflectiveMethodInvocation.proceed(ReflectiveMethodInvocation.java:163)
	at org.springframework.aop.aspectj.MethodInvocationProceedingJoinPoint.proceed(MethodInvocationProceedingJoinPoint.java:88)
	at com.newland.property.core.trace.NewlandPropertyTraceLogAop.around(NewlandPropertyTraceLogAop.java:49)
	at sun.reflect.GeneratedMethodAccessor244.invoke(Unknown Source)
	at sun.reflect.DelegatingMethodAccessorImpl.invoke(DelegatingMethodAccessorImpl.java:43)
	at java.lang.reflect.Method.invoke(Method.java:498)
	at org.springframework.aop.aspectj.AbstractAspectJAdvice.invokeAdviceMethodWithGivenArgs(AbstractAspectJAdvice.java:644)
	at org.springframework.aop.aspectj.AbstractAspectJAdvice.invokeAdviceMethod(AbstractAspectJAdvice.java:633)
	at org.springframework.aop.aspectj.AspectJAroundAdvice.invoke(AspectJAroundAdvice.java:70)
	at org.springframework.aop.framework.ReflectiveMethodInvocation.proceed(ReflectiveMethodInvocation.java:174)
	at org.springframework.aop.interceptor.ExposeInvocationInterceptor.invoke(ExposeInvocationInterceptor.java:92)
	at org.springframework.aop.framework.ReflectiveMethodInvocation.proceed(ReflectiveMethodInvocation.java:185)
	at org.springframework.aop.framework.CglibAopProxy$DynamicAdvisedInterceptor.intercept(CglibAopProxy.java:688)
	at com.newland.property.service.smo.impl.CmdServiceSMOImpl$$EnhancerBySpringCGLIB$$76c0dcc0.cmd(<generated>)
	at com.newland.property.service.api.CmdApi.subServicePost(CmdApi.java:107)
	at com.newland.property.service.api.CmdApi$$FastClassBySpringCGLIB$$885b20b6.invoke(<generated>)
	at org.springframework.cglib.proxy.MethodProxy.invoke(MethodProxy.java:204)
	at org.springframework.aop.framework.CglibAopProxy$CglibMethodInvocation.invokeJoinpoint(CglibAopProxy.java:746)
	at org.springframework.aop.framework.ReflectiveMethodInvocation.proceed(ReflectiveMethodInvocation.java:163)
	at org.springframework.aop.interceptor.ExposeInvocationInterceptor.invoke(ExposeInvocationInterceptor.java:92)
	at org.springframework.aop.framework.ReflectiveMethodInvocation.proceed(ReflectiveMethodInvocation.java:185)
	at org.springframework.aop.framework.CglibAopProxy$DynamicAdvisedInterceptor.intercept(CglibAopProxy.java:688)
	at com.newland.property.service.api.CmdApi$$EnhancerBySpringCGLIB$$be61c333.subServicePost(<generated>)
	at sun.reflect.NativeMethodAccessorImpl.invoke0(Native Method)
	at sun.reflect.NativeMethodAccessorImpl.invoke(NativeMethodAccessorImpl.java:62)
	at sun.reflect.DelegatingMethodAccessorImpl.invoke(DelegatingMethodAccessorImpl.java:43)
	at java.lang.reflect.Method.invoke(Method.java:498)
	at org.springframework.web.method.support.InvocableHandlerMethod.doInvoke(InvocableHandlerMethod.java:209)
	at org.springframework.web.method.support.InvocableHandlerMethod.invokeForRequest(InvocableHandlerMethod.java:136)
	at org.springframework.web.servlet.mvc.method.annotation.ServletInvocableHandlerMethod.invokeAndHandle(ServletInvocableHandlerMethod.java:102)
	at org.springframework.web.servlet.mvc.method.annotation.RequestMappingHandlerAdapter.invokeHandlerMethod(RequestMappingHandlerAdapter.java:877)
	at org.springframework.web.servlet.mvc.method.annotation.RequestMappingHandlerAdapter.handleInternal(RequestMappingHandlerAdapter.java:783)
	at org.springframework.web.servlet.mvc.method.AbstractHandlerMethodAdapter.handle(AbstractHandlerMethodAdapter.java:87)
	at org.springframework.web.servlet.DispatcherServlet.doDispatch(DispatcherServlet.java:991)
	at org.springframework.web.servlet.DispatcherServlet.doService(DispatcherServlet.java:925)
	at org.springframework.web.servlet.FrameworkServlet.processRequest(FrameworkServlet.java:974)
	at org.springframework.web.servlet.FrameworkServlet.doPost(FrameworkServlet.java:877)
	at javax.servlet.http.HttpServlet.service(HttpServlet.java:661)
	at org.springframework.web.servlet.FrameworkServlet.service(FrameworkServlet.java:851)
	at javax.servlet.http.HttpServlet.service(HttpServlet.java:742)
	at org.apache.catalina.core.ApplicationFilterChain.internalDoFilter(ApplicationFilterChain.java:231)
	at org.apache.catalina.core.ApplicationFilterChain.doFilter(ApplicationFilterChain.java:166)
	at org.apache.tomcat.websocket.server.WsFilter.doFilter(WsFilter.java:52)
	at org.apache.catalina.core.ApplicationFilterChain.internalDoFilter(ApplicationFilterChain.java:193)
	at org.apache.catalina.core.ApplicationFilterChain.doFilter(ApplicationFilterChain.java:166)
	at org.springframework.boot.actuate.web.trace.servlet.HttpTraceFilter.doFilterInternal(HttpTraceFilter.java:90)
	at org.springframework.web.filter.OncePerRequestFilter.doFilter(OncePerRequestFilter.java:107)
	at org.apache.catalina.core.ApplicationFilterChain.internalDoFilter(ApplicationFilterChain.java:193)
	at org.apache.catalina.core.ApplicationFilterChain.doFilter(ApplicationFilterChain.java:166)
	at org.springframework.web.filter.RequestContextFilter.doFilterInternal(RequestContextFilter.java:99)
	at org.springframework.web.filter.OncePerRequestFilter.doFilter(OncePerRequestFilter.java:107)
	at org.apache.catalina.core.ApplicationFilterChain.internalDoFilter(ApplicationFilterChain.java:193)
	at org.apache.catalina.core.ApplicationFilterChain.doFilter(ApplicationFilterChain.java:166)
	at org.springframework.web.filter.HttpPutFormContentFilter.doFilterInternal(HttpPutFormContentFilter.java:109)
	at org.springframework.web.filter.OncePerRequestFilter.doFilter(OncePerRequestFilter.java:107)
	at org.apache.catalina.core.ApplicationFilterChain.internalDoFilter(ApplicationFilterChain.java:193)
	at org.apache.catalina.core.ApplicationFilterChain.doFilter(ApplicationFilterChain.java:166)
	at org.springframework.web.filter.HiddenHttpMethodFilter.doFilterInternal(HiddenHttpMethodFilter.java:93)
	at org.springframework.web.filter.OncePerRequestFilter.doFilter(OncePerRequestFilter.java:107)
	at org.apache.catalina.core.ApplicationFilterChain.internalDoFilter(ApplicationFilterChain.java:193)
	at org.apache.catalina.core.ApplicationFilterChain.doFilter(ApplicationFilterChain.java:166)
	at org.springframework.session.web.http.SessionRepositoryFilter.doFilterInternal(SessionRepositoryFilter.java:147)
	at org.springframework.session.web.http.OncePerRequestFilter.doFilter(OncePerRequestFilter.java:81)
	at org.apache.catalina.core.ApplicationFilterChain.internalDoFilter(ApplicationFilterChain.java:193)
	at org.apache.catalina.core.ApplicationFilterChain.doFilter(ApplicationFilterChain.java:166)
	at org.springframework.boot.actuate.metrics.web.servlet.WebMvcMetricsFilter.filterAndRecordMetrics(WebMvcMetricsFilter.java:155)
	at org.springframework.boot.actuate.metrics.web.servlet.WebMvcMetricsFilter.filterAndRecordMetrics(WebMvcMetricsFilter.java:123)
	at org.springframework.boot.actuate.metrics.web.servlet.WebMvcMetricsFilter.doFilterInternal(WebMvcMetricsFilter.java:108)
	at org.springframework.web.filter.OncePerRequestFilter.doFilter(OncePerRequestFilter.java:107)
	at org.apache.catalina.core.ApplicationFilterChain.internalDoFilter(ApplicationFilterChain.java:193)
	at org.apache.catalina.core.ApplicationFilterChain.doFilter(ApplicationFilterChain.java:166)
	at org.springframework.web.filter.CharacterEncodingFilter.doFilterInternal(CharacterEncodingFilter.java:200)
	at org.springframework.web.filter.OncePerRequestFilter.doFilter(OncePerRequestFilter.java:107)
	at org.apache.catalina.core.ApplicationFilterChain.internalDoFilter(ApplicationFilterChain.java:193)
	at org.apache.catalina.core.ApplicationFilterChain.doFilter(ApplicationFilterChain.java:166)
	at org.apache.catalina.core.StandardWrapperValve.invoke(StandardWrapperValve.java:198)
	at org.apache.catalina.core.StandardContextValve.invoke(StandardContextValve.java:96)
	at org.apache.catalina.authenticator.AuthenticatorBase.invoke(AuthenticatorBase.java:493)
	at org.apache.catalina.core.StandardHostValve.invoke(StandardHostValve.java:140)
	at org.apache.catalina.valves.ErrorReportValve.invoke(ErrorReportValve.java:81)
	at org.apache.catalina.core.StandardEngineValve.invoke(StandardEngineValve.java:87)
	at org.apache.catalina.connector.CoyoteAdapter.service(CoyoteAdapter.java:342)
	at org.apache.coyote.http11.Http11Processor.service(Http11Processor.java:800)
	at org.apache.coyote.AbstractProcessorLight.process(AbstractProcessorLight.java:66)
	at org.apache.coyote.AbstractProtocol$ConnectionHandler.process(AbstractProtocol.java:800)
	at org.apache.tomcat.util.net.NioEndpoint$SocketProcessor.doRun(NioEndpoint.java:1471)
	at org.apache.tomcat.util.net.SocketProcessorBase.run(SocketProcessorBase.java:49)
	at java.util.concurrent.ThreadPoolExecutor.runWorker(ThreadPoolExecutor.java:1149)
	at java.util.concurrent.ThreadPoolExecutor$Worker.run(ThreadPoolExecutor.java:624)
	at org.apache.tomcat.util.threads.TaskThread$WrappingRunnable.run(TaskThread.java:61)
	at java.lang.Thread.run(Thread.java:748)
2024-12-19 10:55:30.214 [http-nio-8008-exec-4] ERROR c.n.p.b.smo.impl.ApiServiceSMOImpl -请求下游服务【http://127.0.0.1:8008/cmd/shop/queryShopsByAdmin?page=1&row=100】异常，参数为<{"loginUserId":"30518939884421922816","page":"1","row":"100","storeId":"400000000000000001","userId":"30518939884421922816"},{referer=[http://127.0.0.1:3000/], content-length=[0], hostName=[localhost], sec-fetch-site=[same-origin], req-time=[20241219105529], sign=[], iss=[newland], REQUEST_URL=[http://127.0.0.1:3000/app/shop/queryShopsByAdmin?page=1&row=100], transaction-id=[a25b26c2-e0b0-45e1-85b4-036e230bd40f], host=[127.0.0.1:3000], connection=[close], SERVICE=[/shop/queryShopsByAdmin], app_id=[8000418004], jti=[9daba367ec6d4fd781cfbf0b32d5fc4e], login-user-id=[30518939884421922816], store-id=[400000000000000001], property-lang=[cn], RESOURCE=[shop], sec-fetch-mode=[cors], transaction_id=[a25b26c2-e0b0-45e1-85b4-036e230bd40f], app-id=[8000418004], accept-language=[zh-CN,zh-Hans;q=0.9], cookie=[Hm_lpvt_adedae9bc250561cc17e96dc1fb46079=1734576918; Hm_lvt_adedae9bc250561cc17e96dc1fb46079=1734432710,1734576901; _newland_property_token_=eyJ0eXAiOiJKV1QiLCJhbGciOiJIUzI1NiJ9.eyJpc3MiOiJuZXdsYW5kIiwidXNlck5hbWUiOiJhZG1pbiIsImp0aSI6IjlkYWJhMzY3ZWM2ZDRmZDc4MWNmYmYwYjMyZDVmYzRlIn0.R55y9GLx51MRSoysLEJ6NbX6gDX9sFBlZQWnYPMlu94; SESSION=MmQ4Y2FmMTItOGJkOS00NDBjLThkMjUtNTQ3MTYzZmNjNThi; HMACCOUNT=CEFEBEF98E73755B], IP=[127.0.0.1], user-id=[30518939884421922816], priority=[u=3, i], userName=[-], version=[v1.7], userId=[30518939884421922816], req_time=[20241219105529], accept=[application/json, text/plain, */*], accept-charset=[utf-8], ACTION=[queryShopsByAdmin], port=[8008], user_id=[30518939884421922816], x-requested-with=[XMLHttpRequest], METHOD=[GET], accept-encoding=[gzip, deflate], user-agent=[Mozilla/5.0 (Macintosh; Intel Mac OS X 10_15_7) AppleWebKit/605.1.15 (KHTML, like Gecko) Version/18.0.1 Safari/605.1.15], sec-fetch-dest=[empty]}>请求发生异常，服务【/shop/queryShopsByAdmin】当前不支持
org.springframework.web.client.HttpServerErrorException: 500 
	at org.springframework.web.client.DefaultResponseErrorHandler.handleError(DefaultResponseErrorHandler.java:97)
	at org.springframework.web.client.DefaultResponseErrorHandler.handleError(DefaultResponseErrorHandler.java:79)
	at org.springframework.web.client.ResponseErrorHandler.handleError(ResponseErrorHandler.java:63)
	at org.springframework.web.client.RestTemplate.handleResponse(RestTemplate.java:766)
	at org.springframework.web.client.RestTemplate.doExecute(RestTemplate.java:724)
	at org.springframework.web.client.RestTemplate.execute(RestTemplate.java:680)
	at org.springframework.web.client.RestTemplate.exchange(RestTemplate.java:600)
	at com.newland.property.core.client.RestTemplate.exchange(RestTemplate.java:39)
	at com.newland.property.core.client.OutRestTemplate.exchange(OutRestTemplate.java:54)
	at com.newland.property.boot.smo.impl.ApiServiceSMOImpl.dealCmd(ApiServiceSMOImpl.java:598)
	at com.newland.property.boot.smo.impl.ApiServiceSMOImpl.invokeBusinessSystem(ApiServiceSMOImpl.java:406)
	at com.newland.property.boot.smo.impl.ApiServiceSMOImpl.service(ApiServiceSMOImpl.java:103)
	at com.newland.property.boot.smo.impl.ApiServiceSMOImpl$$FastClassBySpringCGLIB$$a08c9dd8.invoke(<generated>)
	at org.springframework.cglib.proxy.MethodProxy.invoke(MethodProxy.java:204)
	at org.springframework.aop.framework.CglibAopProxy$CglibMethodInvocation.invokeJoinpoint(CglibAopProxy.java:746)
	at org.springframework.aop.framework.ReflectiveMethodInvocation.proceed(ReflectiveMethodInvocation.java:163)
	at org.springframework.aop.aspectj.MethodInvocationProceedingJoinPoint.proceed(MethodInvocationProceedingJoinPoint.java:88)
	at com.newland.property.core.trace.NewlandPropertyTraceLogAop.around(NewlandPropertyTraceLogAop.java:49)
	at sun.reflect.GeneratedMethodAccessor244.invoke(Unknown Source)
	at sun.reflect.DelegatingMethodAccessorImpl.invoke(DelegatingMethodAccessorImpl.java:43)
	at java.lang.reflect.Method.invoke(Method.java:498)
	at org.springframework.aop.aspectj.AbstractAspectJAdvice.invokeAdviceMethodWithGivenArgs(AbstractAspectJAdvice.java:644)
	at org.springframework.aop.aspectj.AbstractAspectJAdvice.invokeAdviceMethod(AbstractAspectJAdvice.java:633)
	at org.springframework.aop.aspectj.AspectJAroundAdvice.invoke(AspectJAroundAdvice.java:70)
	at org.springframework.aop.framework.ReflectiveMethodInvocation.proceed(ReflectiveMethodInvocation.java:174)
	at org.springframework.aop.interceptor.ExposeInvocationInterceptor.invoke(ExposeInvocationInterceptor.java:92)
	at org.springframework.aop.framework.ReflectiveMethodInvocation.proceed(ReflectiveMethodInvocation.java:185)
	at org.springframework.aop.framework.CglibAopProxy$DynamicAdvisedInterceptor.intercept(CglibAopProxy.java:688)
	at com.newland.property.boot.smo.impl.ApiServiceSMOImpl$$EnhancerBySpringCGLIB$$42cc4753.service(<generated>)
	at com.newland.property.boot.smo.api.impl.ApiSMOImpl.doApi(ApiSMOImpl.java:116)
	at com.newland.property.boot.controller.app.AppController.subServiceGet(AppController.java:182)
	at com.newland.property.boot.controller.app.AppController$$FastClassBySpringCGLIB$$6216bd11.invoke(<generated>)
	at org.springframework.cglib.proxy.MethodProxy.invoke(MethodProxy.java:204)
	at org.springframework.aop.framework.CglibAopProxy$CglibMethodInvocation.invokeJoinpoint(CglibAopProxy.java:746)
	at org.springframework.aop.framework.ReflectiveMethodInvocation.proceed(ReflectiveMethodInvocation.java:163)
	at org.springframework.aop.framework.adapter.MethodBeforeAdviceInterceptor.invoke(MethodBeforeAdviceInterceptor.java:56)
	at org.springframework.aop.framework.ReflectiveMethodInvocation.proceed(ReflectiveMethodInvocation.java:185)
	at org.springframework.aop.aspectj.MethodInvocationProceedingJoinPoint.proceed(MethodInvocationProceedingJoinPoint.java:88)
	at com.newland.property.boot.aop.PageProcessAspect.around(PageProcessAspect.java:180)
	at sun.reflect.GeneratedMethodAccessor273.invoke(Unknown Source)
	at sun.reflect.DelegatingMethodAccessorImpl.invoke(DelegatingMethodAccessorImpl.java:43)
	at java.lang.reflect.Method.invoke(Method.java:498)
	at org.springframework.aop.aspectj.AbstractAspectJAdvice.invokeAdviceMethodWithGivenArgs(AbstractAspectJAdvice.java:644)
	at org.springframework.aop.aspectj.AbstractAspectJAdvice.invokeAdviceMethod(AbstractAspectJAdvice.java:633)
	at org.springframework.aop.aspectj.AspectJAroundAdvice.invoke(AspectJAroundAdvice.java:70)
	at org.springframework.aop.framework.ReflectiveMethodInvocation.proceed(ReflectiveMethodInvocation.java:185)
	at org.springframework.aop.aspectj.AspectJAfterAdvice.invoke(AspectJAfterAdvice.java:47)
	at org.springframework.aop.framework.ReflectiveMethodInvocation.proceed(ReflectiveMethodInvocation.java:185)
	at org.springframework.aop.framework.adapter.AfterReturningAdviceInterceptor.invoke(AfterReturningAdviceInterceptor.java:55)
	at org.springframework.aop.framework.ReflectiveMethodInvocation.proceed(ReflectiveMethodInvocation.java:185)
	at org.springframework.aop.aspectj.AspectJAfterThrowingAdvice.invoke(AspectJAfterThrowingAdvice.java:62)
	at org.springframework.aop.framework.ReflectiveMethodInvocation.proceed(ReflectiveMethodInvocation.java:185)
	at org.springframework.aop.aspectj.MethodInvocationProceedingJoinPoint.proceed(MethodInvocationProceedingJoinPoint.java:88)
	at com.newland.property.core.language.NewlandPropertyLangAop.around(NewlandPropertyLangAop.java:41)
	at sun.reflect.GeneratedMethodAccessor272.invoke(Unknown Source)
	at sun.reflect.DelegatingMethodAccessorImpl.invoke(DelegatingMethodAccessorImpl.java:43)
	at java.lang.reflect.Method.invoke(Method.java:498)
	at org.springframework.aop.aspectj.AbstractAspectJAdvice.invokeAdviceMethodWithGivenArgs(AbstractAspectJAdvice.java:644)
	at org.springframework.aop.aspectj.AbstractAspectJAdvice.invokeAdviceMethod(AbstractAspectJAdvice.java:633)
	at org.springframework.aop.aspectj.AspectJAroundAdvice.invoke(AspectJAroundAdvice.java:70)
	at org.springframework.aop.framework.ReflectiveMethodInvocation.proceed(ReflectiveMethodInvocation.java:174)
	at org.springframework.aop.interceptor.ExposeInvocationInterceptor.invoke(ExposeInvocationInterceptor.java:92)
	at org.springframework.aop.framework.ReflectiveMethodInvocation.proceed(ReflectiveMethodInvocation.java:185)
	at org.springframework.aop.framework.CglibAopProxy$DynamicAdvisedInterceptor.intercept(CglibAopProxy.java:688)
	at com.newland.property.boot.controller.app.AppController$$EnhancerBySpringCGLIB$$e75abd54.subServiceGet(<generated>)
	at sun.reflect.NativeMethodAccessorImpl.invoke0(Native Method)
	at sun.reflect.NativeMethodAccessorImpl.invoke(NativeMethodAccessorImpl.java:62)
	at sun.reflect.DelegatingMethodAccessorImpl.invoke(DelegatingMethodAccessorImpl.java:43)
	at java.lang.reflect.Method.invoke(Method.java:498)
	at org.springframework.web.method.support.InvocableHandlerMethod.doInvoke(InvocableHandlerMethod.java:209)
	at org.springframework.web.method.support.InvocableHandlerMethod.invokeForRequest(InvocableHandlerMethod.java:136)
	at org.springframework.web.servlet.mvc.method.annotation.ServletInvocableHandlerMethod.invokeAndHandle(ServletInvocableHandlerMethod.java:102)
	at org.springframework.web.servlet.mvc.method.annotation.RequestMappingHandlerAdapter.invokeHandlerMethod(RequestMappingHandlerAdapter.java:877)
	at org.springframework.web.servlet.mvc.method.annotation.RequestMappingHandlerAdapter.handleInternal(RequestMappingHandlerAdapter.java:783)
	at org.springframework.web.servlet.mvc.method.AbstractHandlerMethodAdapter.handle(AbstractHandlerMethodAdapter.java:87)
	at org.springframework.web.servlet.DispatcherServlet.doDispatch(DispatcherServlet.java:991)
	at org.springframework.web.servlet.DispatcherServlet.doService(DispatcherServlet.java:925)
	at org.springframework.web.servlet.FrameworkServlet.processRequest(FrameworkServlet.java:974)
	at org.springframework.web.servlet.FrameworkServlet.doGet(FrameworkServlet.java:866)
	at javax.servlet.http.HttpServlet.service(HttpServlet.java:635)
	at org.springframework.web.servlet.FrameworkServlet.service(FrameworkServlet.java:851)
	at javax.servlet.http.HttpServlet.service(HttpServlet.java:742)
	at org.apache.catalina.core.ApplicationFilterChain.internalDoFilter(ApplicationFilterChain.java:231)
	at org.apache.catalina.core.ApplicationFilterChain.doFilter(ApplicationFilterChain.java:166)
	at org.apache.tomcat.websocket.server.WsFilter.doFilter(WsFilter.java:52)
	at org.apache.catalina.core.ApplicationFilterChain.internalDoFilter(ApplicationFilterChain.java:193)
	at org.apache.catalina.core.ApplicationFilterChain.doFilter(ApplicationFilterChain.java:166)
	at com.newland.property.boot.filter.JwtFilter.doFilter(JwtFilter.java:76)
	at org.apache.catalina.core.ApplicationFilterChain.internalDoFilter(ApplicationFilterChain.java:193)
	at org.apache.catalina.core.ApplicationFilterChain.doFilter(ApplicationFilterChain.java:166)
	at org.springframework.boot.actuate.web.trace.servlet.HttpTraceFilter.doFilterInternal(HttpTraceFilter.java:90)
	at org.springframework.web.filter.OncePerRequestFilter.doFilter(OncePerRequestFilter.java:107)
	at org.apache.catalina.core.ApplicationFilterChain.internalDoFilter(ApplicationFilterChain.java:193)
	at org.apache.catalina.core.ApplicationFilterChain.doFilter(ApplicationFilterChain.java:166)
	at org.springframework.web.filter.RequestContextFilter.doFilterInternal(RequestContextFilter.java:99)
	at org.springframework.web.filter.OncePerRequestFilter.doFilter(OncePerRequestFilter.java:107)
	at org.apache.catalina.core.ApplicationFilterChain.internalDoFilter(ApplicationFilterChain.java:193)
	at org.apache.catalina.core.ApplicationFilterChain.doFilter(ApplicationFilterChain.java:166)
	at org.springframework.web.filter.HttpPutFormContentFilter.doFilterInternal(HttpPutFormContentFilter.java:109)
	at org.springframework.web.filter.OncePerRequestFilter.doFilter(OncePerRequestFilter.java:107)
	at org.apache.catalina.core.ApplicationFilterChain.internalDoFilter(ApplicationFilterChain.java:193)
	at org.apache.catalina.core.ApplicationFilterChain.doFilter(ApplicationFilterChain.java:166)
	at org.springframework.web.filter.HiddenHttpMethodFilter.doFilterInternal(HiddenHttpMethodFilter.java:93)
	at org.springframework.web.filter.OncePerRequestFilter.doFilter(OncePerRequestFilter.java:107)
	at org.apache.catalina.core.ApplicationFilterChain.internalDoFilter(ApplicationFilterChain.java:193)
	at org.apache.catalina.core.ApplicationFilterChain.doFilter(ApplicationFilterChain.java:166)
	at org.springframework.session.web.http.SessionRepositoryFilter.doFilterInternal(SessionRepositoryFilter.java:147)
	at org.springframework.session.web.http.OncePerRequestFilter.doFilter(OncePerRequestFilter.java:81)
	at org.apache.catalina.core.ApplicationFilterChain.internalDoFilter(ApplicationFilterChain.java:193)
	at org.apache.catalina.core.ApplicationFilterChain.doFilter(ApplicationFilterChain.java:166)
	at org.springframework.boot.actuate.metrics.web.servlet.WebMvcMetricsFilter.filterAndRecordMetrics(WebMvcMetricsFilter.java:155)
	at org.springframework.boot.actuate.metrics.web.servlet.WebMvcMetricsFilter.filterAndRecordMetrics(WebMvcMetricsFilter.java:123)
	at org.springframework.boot.actuate.metrics.web.servlet.WebMvcMetricsFilter.doFilterInternal(WebMvcMetricsFilter.java:108)
	at org.springframework.web.filter.OncePerRequestFilter.doFilter(OncePerRequestFilter.java:107)
	at org.apache.catalina.core.ApplicationFilterChain.internalDoFilter(ApplicationFilterChain.java:193)
	at org.apache.catalina.core.ApplicationFilterChain.doFilter(ApplicationFilterChain.java:166)
	at org.springframework.web.filter.CharacterEncodingFilter.doFilterInternal(CharacterEncodingFilter.java:200)
	at org.springframework.web.filter.OncePerRequestFilter.doFilter(OncePerRequestFilter.java:107)
	at org.apache.catalina.core.ApplicationFilterChain.internalDoFilter(ApplicationFilterChain.java:193)
	at org.apache.catalina.core.ApplicationFilterChain.doFilter(ApplicationFilterChain.java:166)
	at org.apache.catalina.core.StandardWrapperValve.invoke(StandardWrapperValve.java:198)
	at org.apache.catalina.core.StandardContextValve.invoke(StandardContextValve.java:96)
	at org.apache.catalina.authenticator.AuthenticatorBase.invoke(AuthenticatorBase.java:493)
	at org.apache.catalina.core.StandardHostValve.invoke(StandardHostValve.java:140)
	at org.apache.catalina.valves.ErrorReportValve.invoke(ErrorReportValve.java:81)
	at org.apache.catalina.core.StandardEngineValve.invoke(StandardEngineValve.java:87)
	at org.apache.catalina.connector.CoyoteAdapter.service(CoyoteAdapter.java:342)
	at org.apache.coyote.http11.Http11Processor.service(Http11Processor.java:800)
	at org.apache.coyote.AbstractProcessorLight.process(AbstractProcessorLight.java:66)
	at org.apache.coyote.AbstractProtocol$ConnectionHandler.process(AbstractProtocol.java:800)
	at org.apache.tomcat.util.net.NioEndpoint$SocketProcessor.doRun(NioEndpoint.java:1471)
	at org.apache.tomcat.util.net.SocketProcessorBase.run(SocketProcessorBase.java:49)
	at java.util.concurrent.ThreadPoolExecutor.runWorker(ThreadPoolExecutor.java:1149)
	at java.util.concurrent.ThreadPoolExecutor$Worker.run(ThreadPoolExecutor.java:624)
	at org.apache.tomcat.util.threads.TaskThread$WrappingRunnable.run(TaskThread.java:61)
	at java.lang.Thread.run(Thread.java:748)
2024-12-19 10:55:30.214 [http-nio-8008-exec-9] ERROR c.n.p.b.smo.impl.ApiServiceSMOImpl -请求下游服务【http://127.0.0.1:8008/cmd/shop/queryShopsByAdmin?page=1&row=100】异常，参数为<{"loginUserId":"30518939884421922816","page":"1","row":"100","storeId":"400000000000000001","userId":"30518939884421922816"},{referer=[http://127.0.0.1:3000/], content-length=[0], hostName=[localhost], sec-fetch-site=[same-origin], req-time=[20241219105529], sign=[], iss=[newland], REQUEST_URL=[http://127.0.0.1:3000/app/shop/queryShopsByAdmin?page=1&row=100], transaction-id=[54ac7505-e0dd-4e9c-8f3a-84489e16301f], host=[127.0.0.1:3000], connection=[close], SERVICE=[/shop/queryShopsByAdmin], app_id=[8000418004], jti=[9daba367ec6d4fd781cfbf0b32d5fc4e], login-user-id=[30518939884421922816], store-id=[400000000000000001], property-lang=[cn], RESOURCE=[shop], sec-fetch-mode=[cors], transaction_id=[54ac7505-e0dd-4e9c-8f3a-84489e16301f], app-id=[8000418004], accept-language=[zh-CN,zh-Hans;q=0.9], cookie=[Hm_lpvt_adedae9bc250561cc17e96dc1fb46079=1734576918; Hm_lvt_adedae9bc250561cc17e96dc1fb46079=1734432710,1734576901; _newland_property_token_=eyJ0eXAiOiJKV1QiLCJhbGciOiJIUzI1NiJ9.eyJpc3MiOiJuZXdsYW5kIiwidXNlck5hbWUiOiJhZG1pbiIsImp0aSI6IjlkYWJhMzY3ZWM2ZDRmZDc4MWNmYmYwYjMyZDVmYzRlIn0.R55y9GLx51MRSoysLEJ6NbX6gDX9sFBlZQWnYPMlu94; SESSION=MmQ4Y2FmMTItOGJkOS00NDBjLThkMjUtNTQ3MTYzZmNjNThi; HMACCOUNT=CEFEBEF98E73755B], IP=[127.0.0.1], user-id=[30518939884421922816], priority=[u=3, i], userName=[-], version=[v1.7], userId=[30518939884421922816], req_time=[20241219105529], accept=[application/json, text/plain, */*], accept-charset=[utf-8], ACTION=[queryShopsByAdmin], port=[8008], user_id=[30518939884421922816], x-requested-with=[XMLHttpRequest], METHOD=[GET], accept-encoding=[gzip, deflate], user-agent=[Mozilla/5.0 (Macintosh; Intel Mac OS X 10_15_7) AppleWebKit/605.1.15 (KHTML, like Gecko) Version/18.0.1 Safari/605.1.15], sec-fetch-dest=[empty]}>请求发生异常，服务【/shop/queryShopsByAdmin】当前不支持
org.springframework.web.client.HttpServerErrorException: 500 
	at org.springframework.web.client.DefaultResponseErrorHandler.handleError(DefaultResponseErrorHandler.java:97)
	at org.springframework.web.client.DefaultResponseErrorHandler.handleError(DefaultResponseErrorHandler.java:79)
	at org.springframework.web.client.ResponseErrorHandler.handleError(ResponseErrorHandler.java:63)
	at org.springframework.web.client.RestTemplate.handleResponse(RestTemplate.java:766)
	at org.springframework.web.client.RestTemplate.doExecute(RestTemplate.java:724)
	at org.springframework.web.client.RestTemplate.execute(RestTemplate.java:680)
	at org.springframework.web.client.RestTemplate.exchange(RestTemplate.java:600)
	at com.newland.property.core.client.RestTemplate.exchange(RestTemplate.java:39)
	at com.newland.property.core.client.OutRestTemplate.exchange(OutRestTemplate.java:54)
	at com.newland.property.boot.smo.impl.ApiServiceSMOImpl.dealCmd(ApiServiceSMOImpl.java:598)
	at com.newland.property.boot.smo.impl.ApiServiceSMOImpl.invokeBusinessSystem(ApiServiceSMOImpl.java:406)
	at com.newland.property.boot.smo.impl.ApiServiceSMOImpl.service(ApiServiceSMOImpl.java:103)
	at com.newland.property.boot.smo.impl.ApiServiceSMOImpl$$FastClassBySpringCGLIB$$a08c9dd8.invoke(<generated>)
	at org.springframework.cglib.proxy.MethodProxy.invoke(MethodProxy.java:204)
	at org.springframework.aop.framework.CglibAopProxy$CglibMethodInvocation.invokeJoinpoint(CglibAopProxy.java:746)
	at org.springframework.aop.framework.ReflectiveMethodInvocation.proceed(ReflectiveMethodInvocation.java:163)
	at org.springframework.aop.aspectj.MethodInvocationProceedingJoinPoint.proceed(MethodInvocationProceedingJoinPoint.java:88)
	at com.newland.property.core.trace.NewlandPropertyTraceLogAop.around(NewlandPropertyTraceLogAop.java:49)
	at sun.reflect.GeneratedMethodAccessor244.invoke(Unknown Source)
	at sun.reflect.DelegatingMethodAccessorImpl.invoke(DelegatingMethodAccessorImpl.java:43)
	at java.lang.reflect.Method.invoke(Method.java:498)
	at org.springframework.aop.aspectj.AbstractAspectJAdvice.invokeAdviceMethodWithGivenArgs(AbstractAspectJAdvice.java:644)
	at org.springframework.aop.aspectj.AbstractAspectJAdvice.invokeAdviceMethod(AbstractAspectJAdvice.java:633)
	at org.springframework.aop.aspectj.AspectJAroundAdvice.invoke(AspectJAroundAdvice.java:70)
	at org.springframework.aop.framework.ReflectiveMethodInvocation.proceed(ReflectiveMethodInvocation.java:174)
	at org.springframework.aop.interceptor.ExposeInvocationInterceptor.invoke(ExposeInvocationInterceptor.java:92)
	at org.springframework.aop.framework.ReflectiveMethodInvocation.proceed(ReflectiveMethodInvocation.java:185)
	at org.springframework.aop.framework.CglibAopProxy$DynamicAdvisedInterceptor.intercept(CglibAopProxy.java:688)
	at com.newland.property.boot.smo.impl.ApiServiceSMOImpl$$EnhancerBySpringCGLIB$$42cc4753.service(<generated>)
	at com.newland.property.boot.smo.api.impl.ApiSMOImpl.doApi(ApiSMOImpl.java:116)
	at com.newland.property.boot.controller.app.AppController.subServiceGet(AppController.java:182)
	at com.newland.property.boot.controller.app.AppController$$FastClassBySpringCGLIB$$6216bd11.invoke(<generated>)
	at org.springframework.cglib.proxy.MethodProxy.invoke(MethodProxy.java:204)
	at org.springframework.aop.framework.CglibAopProxy$CglibMethodInvocation.invokeJoinpoint(CglibAopProxy.java:746)
	at org.springframework.aop.framework.ReflectiveMethodInvocation.proceed(ReflectiveMethodInvocation.java:163)
	at org.springframework.aop.framework.adapter.MethodBeforeAdviceInterceptor.invoke(MethodBeforeAdviceInterceptor.java:56)
	at org.springframework.aop.framework.ReflectiveMethodInvocation.proceed(ReflectiveMethodInvocation.java:185)
	at org.springframework.aop.aspectj.MethodInvocationProceedingJoinPoint.proceed(MethodInvocationProceedingJoinPoint.java:88)
	at com.newland.property.boot.aop.PageProcessAspect.around(PageProcessAspect.java:180)
	at sun.reflect.GeneratedMethodAccessor273.invoke(Unknown Source)
	at sun.reflect.DelegatingMethodAccessorImpl.invoke(DelegatingMethodAccessorImpl.java:43)
	at java.lang.reflect.Method.invoke(Method.java:498)
	at org.springframework.aop.aspectj.AbstractAspectJAdvice.invokeAdviceMethodWithGivenArgs(AbstractAspectJAdvice.java:644)
	at org.springframework.aop.aspectj.AbstractAspectJAdvice.invokeAdviceMethod(AbstractAspectJAdvice.java:633)
	at org.springframework.aop.aspectj.AspectJAroundAdvice.invoke(AspectJAroundAdvice.java:70)
	at org.springframework.aop.framework.ReflectiveMethodInvocation.proceed(ReflectiveMethodInvocation.java:185)
	at org.springframework.aop.aspectj.AspectJAfterAdvice.invoke(AspectJAfterAdvice.java:47)
	at org.springframework.aop.framework.ReflectiveMethodInvocation.proceed(ReflectiveMethodInvocation.java:185)
	at org.springframework.aop.framework.adapter.AfterReturningAdviceInterceptor.invoke(AfterReturningAdviceInterceptor.java:55)
	at org.springframework.aop.framework.ReflectiveMethodInvocation.proceed(ReflectiveMethodInvocation.java:185)
	at org.springframework.aop.aspectj.AspectJAfterThrowingAdvice.invoke(AspectJAfterThrowingAdvice.java:62)
	at org.springframework.aop.framework.ReflectiveMethodInvocation.proceed(ReflectiveMethodInvocation.java:185)
	at org.springframework.aop.aspectj.MethodInvocationProceedingJoinPoint.proceed(MethodInvocationProceedingJoinPoint.java:88)
	at com.newland.property.core.language.NewlandPropertyLangAop.around(NewlandPropertyLangAop.java:41)
	at sun.reflect.GeneratedMethodAccessor272.invoke(Unknown Source)
	at sun.reflect.DelegatingMethodAccessorImpl.invoke(DelegatingMethodAccessorImpl.java:43)
	at java.lang.reflect.Method.invoke(Method.java:498)
	at org.springframework.aop.aspectj.AbstractAspectJAdvice.invokeAdviceMethodWithGivenArgs(AbstractAspectJAdvice.java:644)
	at org.springframework.aop.aspectj.AbstractAspectJAdvice.invokeAdviceMethod(AbstractAspectJAdvice.java:633)
	at org.springframework.aop.aspectj.AspectJAroundAdvice.invoke(AspectJAroundAdvice.java:70)
	at org.springframework.aop.framework.ReflectiveMethodInvocation.proceed(ReflectiveMethodInvocation.java:174)
	at org.springframework.aop.interceptor.ExposeInvocationInterceptor.invoke(ExposeInvocationInterceptor.java:92)
	at org.springframework.aop.framework.ReflectiveMethodInvocation.proceed(ReflectiveMethodInvocation.java:185)
	at org.springframework.aop.framework.CglibAopProxy$DynamicAdvisedInterceptor.intercept(CglibAopProxy.java:688)
	at com.newland.property.boot.controller.app.AppController$$EnhancerBySpringCGLIB$$e75abd54.subServiceGet(<generated>)
	at sun.reflect.NativeMethodAccessorImpl.invoke0(Native Method)
	at sun.reflect.NativeMethodAccessorImpl.invoke(NativeMethodAccessorImpl.java:62)
	at sun.reflect.DelegatingMethodAccessorImpl.invoke(DelegatingMethodAccessorImpl.java:43)
	at java.lang.reflect.Method.invoke(Method.java:498)
	at org.springframework.web.method.support.InvocableHandlerMethod.doInvoke(InvocableHandlerMethod.java:209)
	at org.springframework.web.method.support.InvocableHandlerMethod.invokeForRequest(InvocableHandlerMethod.java:136)
	at org.springframework.web.servlet.mvc.method.annotation.ServletInvocableHandlerMethod.invokeAndHandle(ServletInvocableHandlerMethod.java:102)
	at org.springframework.web.servlet.mvc.method.annotation.RequestMappingHandlerAdapter.invokeHandlerMethod(RequestMappingHandlerAdapter.java:877)
	at org.springframework.web.servlet.mvc.method.annotation.RequestMappingHandlerAdapter.handleInternal(RequestMappingHandlerAdapter.java:783)
	at org.springframework.web.servlet.mvc.method.AbstractHandlerMethodAdapter.handle(AbstractHandlerMethodAdapter.java:87)
	at org.springframework.web.servlet.DispatcherServlet.doDispatch(DispatcherServlet.java:991)
	at org.springframework.web.servlet.DispatcherServlet.doService(DispatcherServlet.java:925)
	at org.springframework.web.servlet.FrameworkServlet.processRequest(FrameworkServlet.java:974)
	at org.springframework.web.servlet.FrameworkServlet.doGet(FrameworkServlet.java:866)
	at javax.servlet.http.HttpServlet.service(HttpServlet.java:635)
	at org.springframework.web.servlet.FrameworkServlet.service(FrameworkServlet.java:851)
	at javax.servlet.http.HttpServlet.service(HttpServlet.java:742)
	at org.apache.catalina.core.ApplicationFilterChain.internalDoFilter(ApplicationFilterChain.java:231)
	at org.apache.catalina.core.ApplicationFilterChain.doFilter(ApplicationFilterChain.java:166)
	at org.apache.tomcat.websocket.server.WsFilter.doFilter(WsFilter.java:52)
	at org.apache.catalina.core.ApplicationFilterChain.internalDoFilter(ApplicationFilterChain.java:193)
	at org.apache.catalina.core.ApplicationFilterChain.doFilter(ApplicationFilterChain.java:166)
	at com.newland.property.boot.filter.JwtFilter.doFilter(JwtFilter.java:76)
	at org.apache.catalina.core.ApplicationFilterChain.internalDoFilter(ApplicationFilterChain.java:193)
	at org.apache.catalina.core.ApplicationFilterChain.doFilter(ApplicationFilterChain.java:166)
	at org.springframework.boot.actuate.web.trace.servlet.HttpTraceFilter.doFilterInternal(HttpTraceFilter.java:90)
	at org.springframework.web.filter.OncePerRequestFilter.doFilter(OncePerRequestFilter.java:107)
	at org.apache.catalina.core.ApplicationFilterChain.internalDoFilter(ApplicationFilterChain.java:193)
	at org.apache.catalina.core.ApplicationFilterChain.doFilter(ApplicationFilterChain.java:166)
	at org.springframework.web.filter.RequestContextFilter.doFilterInternal(RequestContextFilter.java:99)
	at org.springframework.web.filter.OncePerRequestFilter.doFilter(OncePerRequestFilter.java:107)
	at org.apache.catalina.core.ApplicationFilterChain.internalDoFilter(ApplicationFilterChain.java:193)
	at org.apache.catalina.core.ApplicationFilterChain.doFilter(ApplicationFilterChain.java:166)
	at org.springframework.web.filter.HttpPutFormContentFilter.doFilterInternal(HttpPutFormContentFilter.java:109)
	at org.springframework.web.filter.OncePerRequestFilter.doFilter(OncePerRequestFilter.java:107)
	at org.apache.catalina.core.ApplicationFilterChain.internalDoFilter(ApplicationFilterChain.java:193)
	at org.apache.catalina.core.ApplicationFilterChain.doFilter(ApplicationFilterChain.java:166)
	at org.springframework.web.filter.HiddenHttpMethodFilter.doFilterInternal(HiddenHttpMethodFilter.java:93)
	at org.springframework.web.filter.OncePerRequestFilter.doFilter(OncePerRequestFilter.java:107)
	at org.apache.catalina.core.ApplicationFilterChain.internalDoFilter(ApplicationFilterChain.java:193)
	at org.apache.catalina.core.ApplicationFilterChain.doFilter(ApplicationFilterChain.java:166)
	at org.springframework.session.web.http.SessionRepositoryFilter.doFilterInternal(SessionRepositoryFilter.java:147)
	at org.springframework.session.web.http.OncePerRequestFilter.doFilter(OncePerRequestFilter.java:81)
	at org.apache.catalina.core.ApplicationFilterChain.internalDoFilter(ApplicationFilterChain.java:193)
	at org.apache.catalina.core.ApplicationFilterChain.doFilter(ApplicationFilterChain.java:166)
	at org.springframework.boot.actuate.metrics.web.servlet.WebMvcMetricsFilter.filterAndRecordMetrics(WebMvcMetricsFilter.java:155)
	at org.springframework.boot.actuate.metrics.web.servlet.WebMvcMetricsFilter.filterAndRecordMetrics(WebMvcMetricsFilter.java:123)
	at org.springframework.boot.actuate.metrics.web.servlet.WebMvcMetricsFilter.doFilterInternal(WebMvcMetricsFilter.java:108)
	at org.springframework.web.filter.OncePerRequestFilter.doFilter(OncePerRequestFilter.java:107)
	at org.apache.catalina.core.ApplicationFilterChain.internalDoFilter(ApplicationFilterChain.java:193)
	at org.apache.catalina.core.ApplicationFilterChain.doFilter(ApplicationFilterChain.java:166)
	at org.springframework.web.filter.CharacterEncodingFilter.doFilterInternal(CharacterEncodingFilter.java:200)
	at org.springframework.web.filter.OncePerRequestFilter.doFilter(OncePerRequestFilter.java:107)
	at org.apache.catalina.core.ApplicationFilterChain.internalDoFilter(ApplicationFilterChain.java:193)
	at org.apache.catalina.core.ApplicationFilterChain.doFilter(ApplicationFilterChain.java:166)
	at org.apache.catalina.core.StandardWrapperValve.invoke(StandardWrapperValve.java:198)
	at org.apache.catalina.core.StandardContextValve.invoke(StandardContextValve.java:96)
	at org.apache.catalina.authenticator.AuthenticatorBase.invoke(AuthenticatorBase.java:493)
	at org.apache.catalina.core.StandardHostValve.invoke(StandardHostValve.java:140)
	at org.apache.catalina.valves.ErrorReportValve.invoke(ErrorReportValve.java:81)
	at org.apache.catalina.core.StandardEngineValve.invoke(StandardEngineValve.java:87)
	at org.apache.catalina.connector.CoyoteAdapter.service(CoyoteAdapter.java:342)
	at org.apache.coyote.http11.Http11Processor.service(Http11Processor.java:800)
	at org.apache.coyote.AbstractProcessorLight.process(AbstractProcessorLight.java:66)
	at org.apache.coyote.AbstractProtocol$ConnectionHandler.process(AbstractProtocol.java:800)
	at org.apache.tomcat.util.net.NioEndpoint$SocketProcessor.doRun(NioEndpoint.java:1471)
	at org.apache.tomcat.util.net.SocketProcessorBase.run(SocketProcessorBase.java:49)
	at java.util.concurrent.ThreadPoolExecutor.runWorker(ThreadPoolExecutor.java:1149)
	at java.util.concurrent.ThreadPoolExecutor$Worker.run(ThreadPoolExecutor.java:624)
	at org.apache.tomcat.util.threads.TaskThread$WrappingRunnable.run(TaskThread.java:61)
	at java.lang.Thread.run(Thread.java:748)
2024-12-19 10:55:30.253 [http-nio-8008-exec-10] ERROR c.n.p.b.smo.impl.ApiServiceSMOImpl -请求下游服务【http://127.0.0.1:8008/housekeepingType/queryHousekeepingType?hktName=&isShow=&shopId=9999&typeCd=1001&page=1&row=10】异常，参数为<{"typeCd":"1001","hktName":"","shopId":"9999","page":"1","row":"10","isShow":""},{referer=[http://127.0.0.1:3000/], content-length=[0], hostName=[localhost], sec-fetch-site=[same-origin], req-time=[20241219105529], sign=[], REQUEST_URL=[http://127.0.0.1:3000/app/housekeepingType/queryHousekeepingType?hktName=&isShow=&shopId=9999&typeCd=1001&page=1&row=10], transaction-id=[7ce74a62-bb2e-4447-bb96-6c05b464aa0f], host=[127.0.0.1:3000], connection=[close], SERVICE=[/housekeepingType/queryHousekeepingType], app_id=[8000418004], store-id=[], property-lang=[cn], RESOURCE=[housekeepingType], sec-fetch-mode=[cors], transaction_id=[7ce74a62-bb2e-4447-bb96-6c05b464aa0f], app-id=[8000418004], accept-language=[zh-CN,zh-Hans;q=0.9], cookie=[Hm_lpvt_adedae9bc250561cc17e96dc1fb46079=1734576918; Hm_lvt_adedae9bc250561cc17e96dc1fb46079=1734432710,1734576901; _newland_property_token_=eyJ0eXAiOiJKV1QiLCJhbGciOiJIUzI1NiJ9.eyJpc3MiOiJuZXdsYW5kIiwidXNlck5hbWUiOiJhZG1pbiIsImp0aSI6IjlkYWJhMzY3ZWM2ZDRmZDc4MWNmYmYwYjMyZDVmYzRlIn0.R55y9GLx51MRSoysLEJ6NbX6gDX9sFBlZQWnYPMlu94; SESSION=MmQ4Y2FmMTItOGJkOS00NDBjLThkMjUtNTQ3MTYzZmNjNThi; HMACCOUNT=CEFEBEF98E73755B], user-id=[-1], IP=[127.0.0.1], priority=[u=3, i], version=[v1.7], req_time=[20241219105529], accept=[application/json, text/plain, */*], accept-charset=[utf-8], ACTION=[queryHousekeepingType], port=[8008], user_id=[-1], x-requested-with=[XMLHttpRequest], METHOD=[GET], accept-encoding=[gzip, deflate], user-agent=[Mozilla/5.0 (Macintosh; Intel Mac OS X 10_15_7) AppleWebKit/605.1.15 (KHTML, like Gecko) Version/18.0.1 Safari/605.1.15], sec-fetch-dest=[empty]}>{"timestamp":"2024-12-19T02:55:30.217+0000","status":404,"error":"Not Found","message":"No message available","path":"/housekeepingType/queryHousekeepingType"}
org.springframework.web.client.HttpClientErrorException: 404 
	at org.springframework.web.client.DefaultResponseErrorHandler.handleError(DefaultResponseErrorHandler.java:94)
	at org.springframework.web.client.DefaultResponseErrorHandler.handleError(DefaultResponseErrorHandler.java:79)
	at org.springframework.web.client.ResponseErrorHandler.handleError(ResponseErrorHandler.java:63)
	at org.springframework.web.client.RestTemplate.handleResponse(RestTemplate.java:766)
	at org.springframework.web.client.RestTemplate.doExecute(RestTemplate.java:724)
	at org.springframework.web.client.RestTemplate.execute(RestTemplate.java:680)
	at org.springframework.web.client.RestTemplate.exchange(RestTemplate.java:600)
	at com.newland.property.core.client.RestTemplate.exchange(RestTemplate.java:39)
	at com.newland.property.core.client.OutRestTemplate.exchange(OutRestTemplate.java:54)
	at com.newland.property.boot.smo.impl.ApiServiceSMOImpl.doTransfer(ApiServiceSMOImpl.java:493)
	at com.newland.property.boot.smo.impl.ApiServiceSMOImpl.invokeBusinessSystem(ApiServiceSMOImpl.java:396)
	at com.newland.property.boot.smo.impl.ApiServiceSMOImpl.service(ApiServiceSMOImpl.java:103)
	at com.newland.property.boot.smo.impl.ApiServiceSMOImpl$$FastClassBySpringCGLIB$$a08c9dd8.invoke(<generated>)
	at org.springframework.cglib.proxy.MethodProxy.invoke(MethodProxy.java:204)
	at org.springframework.aop.framework.CglibAopProxy$CglibMethodInvocation.invokeJoinpoint(CglibAopProxy.java:746)
	at org.springframework.aop.framework.ReflectiveMethodInvocation.proceed(ReflectiveMethodInvocation.java:163)
	at org.springframework.aop.aspectj.MethodInvocationProceedingJoinPoint.proceed(MethodInvocationProceedingJoinPoint.java:88)
	at com.newland.property.core.trace.NewlandPropertyTraceLogAop.around(NewlandPropertyTraceLogAop.java:49)
	at sun.reflect.GeneratedMethodAccessor244.invoke(Unknown Source)
	at sun.reflect.DelegatingMethodAccessorImpl.invoke(DelegatingMethodAccessorImpl.java:43)
	at java.lang.reflect.Method.invoke(Method.java:498)
	at org.springframework.aop.aspectj.AbstractAspectJAdvice.invokeAdviceMethodWithGivenArgs(AbstractAspectJAdvice.java:644)
	at org.springframework.aop.aspectj.AbstractAspectJAdvice.invokeAdviceMethod(AbstractAspectJAdvice.java:633)
	at org.springframework.aop.aspectj.AspectJAroundAdvice.invoke(AspectJAroundAdvice.java:70)
	at org.springframework.aop.framework.ReflectiveMethodInvocation.proceed(ReflectiveMethodInvocation.java:174)
	at org.springframework.aop.interceptor.ExposeInvocationInterceptor.invoke(ExposeInvocationInterceptor.java:92)
	at org.springframework.aop.framework.ReflectiveMethodInvocation.proceed(ReflectiveMethodInvocation.java:185)
	at org.springframework.aop.framework.CglibAopProxy$DynamicAdvisedInterceptor.intercept(CglibAopProxy.java:688)
	at com.newland.property.boot.smo.impl.ApiServiceSMOImpl$$EnhancerBySpringCGLIB$$42cc4753.service(<generated>)
	at com.newland.property.boot.smo.api.impl.ApiSMOImpl.doApi(ApiSMOImpl.java:116)
	at com.newland.property.boot.controller.app.AppController.subServiceGet(AppController.java:182)
	at com.newland.property.boot.controller.app.AppController$$FastClassBySpringCGLIB$$6216bd11.invoke(<generated>)
	at org.springframework.cglib.proxy.MethodProxy.invoke(MethodProxy.java:204)
	at org.springframework.aop.framework.CglibAopProxy$CglibMethodInvocation.invokeJoinpoint(CglibAopProxy.java:746)
	at org.springframework.aop.framework.ReflectiveMethodInvocation.proceed(ReflectiveMethodInvocation.java:163)
	at org.springframework.aop.framework.adapter.MethodBeforeAdviceInterceptor.invoke(MethodBeforeAdviceInterceptor.java:56)
	at org.springframework.aop.framework.ReflectiveMethodInvocation.proceed(ReflectiveMethodInvocation.java:185)
	at org.springframework.aop.aspectj.MethodInvocationProceedingJoinPoint.proceed(MethodInvocationProceedingJoinPoint.java:88)
	at com.newland.property.boot.aop.PageProcessAspect.around(PageProcessAspect.java:180)
	at sun.reflect.GeneratedMethodAccessor273.invoke(Unknown Source)
	at sun.reflect.DelegatingMethodAccessorImpl.invoke(DelegatingMethodAccessorImpl.java:43)
	at java.lang.reflect.Method.invoke(Method.java:498)
	at org.springframework.aop.aspectj.AbstractAspectJAdvice.invokeAdviceMethodWithGivenArgs(AbstractAspectJAdvice.java:644)
	at org.springframework.aop.aspectj.AbstractAspectJAdvice.invokeAdviceMethod(AbstractAspectJAdvice.java:633)
	at org.springframework.aop.aspectj.AspectJAroundAdvice.invoke(AspectJAroundAdvice.java:70)
	at org.springframework.aop.framework.ReflectiveMethodInvocation.proceed(ReflectiveMethodInvocation.java:185)
	at org.springframework.aop.aspectj.AspectJAfterAdvice.invoke(AspectJAfterAdvice.java:47)
	at org.springframework.aop.framework.ReflectiveMethodInvocation.proceed(ReflectiveMethodInvocation.java:185)
	at org.springframework.aop.framework.adapter.AfterReturningAdviceInterceptor.invoke(AfterReturningAdviceInterceptor.java:55)
	at org.springframework.aop.framework.ReflectiveMethodInvocation.proceed(ReflectiveMethodInvocation.java:185)
	at org.springframework.aop.aspectj.AspectJAfterThrowingAdvice.invoke(AspectJAfterThrowingAdvice.java:62)
	at org.springframework.aop.framework.ReflectiveMethodInvocation.proceed(ReflectiveMethodInvocation.java:185)
	at org.springframework.aop.aspectj.MethodInvocationProceedingJoinPoint.proceed(MethodInvocationProceedingJoinPoint.java:88)
	at com.newland.property.core.language.NewlandPropertyLangAop.around(NewlandPropertyLangAop.java:41)
	at sun.reflect.GeneratedMethodAccessor272.invoke(Unknown Source)
	at sun.reflect.DelegatingMethodAccessorImpl.invoke(DelegatingMethodAccessorImpl.java:43)
	at java.lang.reflect.Method.invoke(Method.java:498)
	at org.springframework.aop.aspectj.AbstractAspectJAdvice.invokeAdviceMethodWithGivenArgs(AbstractAspectJAdvice.java:644)
	at org.springframework.aop.aspectj.AbstractAspectJAdvice.invokeAdviceMethod(AbstractAspectJAdvice.java:633)
	at org.springframework.aop.aspectj.AspectJAroundAdvice.invoke(AspectJAroundAdvice.java:70)
	at org.springframework.aop.framework.ReflectiveMethodInvocation.proceed(ReflectiveMethodInvocation.java:174)
	at org.springframework.aop.interceptor.ExposeInvocationInterceptor.invoke(ExposeInvocationInterceptor.java:92)
	at org.springframework.aop.framework.ReflectiveMethodInvocation.proceed(ReflectiveMethodInvocation.java:185)
	at org.springframework.aop.framework.CglibAopProxy$DynamicAdvisedInterceptor.intercept(CglibAopProxy.java:688)
	at com.newland.property.boot.controller.app.AppController$$EnhancerBySpringCGLIB$$e75abd54.subServiceGet(<generated>)
	at sun.reflect.NativeMethodAccessorImpl.invoke0(Native Method)
	at sun.reflect.NativeMethodAccessorImpl.invoke(NativeMethodAccessorImpl.java:62)
	at sun.reflect.DelegatingMethodAccessorImpl.invoke(DelegatingMethodAccessorImpl.java:43)
	at java.lang.reflect.Method.invoke(Method.java:498)
	at org.springframework.web.method.support.InvocableHandlerMethod.doInvoke(InvocableHandlerMethod.java:209)
	at org.springframework.web.method.support.InvocableHandlerMethod.invokeForRequest(InvocableHandlerMethod.java:136)
	at org.springframework.web.servlet.mvc.method.annotation.ServletInvocableHandlerMethod.invokeAndHandle(ServletInvocableHandlerMethod.java:102)
	at org.springframework.web.servlet.mvc.method.annotation.RequestMappingHandlerAdapter.invokeHandlerMethod(RequestMappingHandlerAdapter.java:877)
	at org.springframework.web.servlet.mvc.method.annotation.RequestMappingHandlerAdapter.handleInternal(RequestMappingHandlerAdapter.java:783)
	at org.springframework.web.servlet.mvc.method.AbstractHandlerMethodAdapter.handle(AbstractHandlerMethodAdapter.java:87)
	at org.springframework.web.servlet.DispatcherServlet.doDispatch(DispatcherServlet.java:991)
	at org.springframework.web.servlet.DispatcherServlet.doService(DispatcherServlet.java:925)
	at org.springframework.web.servlet.FrameworkServlet.processRequest(FrameworkServlet.java:974)
	at org.springframework.web.servlet.FrameworkServlet.doGet(FrameworkServlet.java:866)
	at javax.servlet.http.HttpServlet.service(HttpServlet.java:635)
	at org.springframework.web.servlet.FrameworkServlet.service(FrameworkServlet.java:851)
	at javax.servlet.http.HttpServlet.service(HttpServlet.java:742)
	at org.apache.catalina.core.ApplicationFilterChain.internalDoFilter(ApplicationFilterChain.java:231)
	at org.apache.catalina.core.ApplicationFilterChain.doFilter(ApplicationFilterChain.java:166)
	at org.apache.tomcat.websocket.server.WsFilter.doFilter(WsFilter.java:52)
	at org.apache.catalina.core.ApplicationFilterChain.internalDoFilter(ApplicationFilterChain.java:193)
	at org.apache.catalina.core.ApplicationFilterChain.doFilter(ApplicationFilterChain.java:166)
	at com.newland.property.boot.filter.JwtFilter.doFilter(JwtFilter.java:51)
	at org.apache.catalina.core.ApplicationFilterChain.internalDoFilter(ApplicationFilterChain.java:193)
	at org.apache.catalina.core.ApplicationFilterChain.doFilter(ApplicationFilterChain.java:166)
	at org.springframework.boot.actuate.web.trace.servlet.HttpTraceFilter.doFilterInternal(HttpTraceFilter.java:90)
	at org.springframework.web.filter.OncePerRequestFilter.doFilter(OncePerRequestFilter.java:107)
	at org.apache.catalina.core.ApplicationFilterChain.internalDoFilter(ApplicationFilterChain.java:193)
	at org.apache.catalina.core.ApplicationFilterChain.doFilter(ApplicationFilterChain.java:166)
	at org.springframework.web.filter.RequestContextFilter.doFilterInternal(RequestContextFilter.java:99)
	at org.springframework.web.filter.OncePerRequestFilter.doFilter(OncePerRequestFilter.java:107)
	at org.apache.catalina.core.ApplicationFilterChain.internalDoFilter(ApplicationFilterChain.java:193)
	at org.apache.catalina.core.ApplicationFilterChain.doFilter(ApplicationFilterChain.java:166)
	at org.springframework.web.filter.HttpPutFormContentFilter.doFilterInternal(HttpPutFormContentFilter.java:109)
	at org.springframework.web.filter.OncePerRequestFilter.doFilter(OncePerRequestFilter.java:107)
	at org.apache.catalina.core.ApplicationFilterChain.internalDoFilter(ApplicationFilterChain.java:193)
	at org.apache.catalina.core.ApplicationFilterChain.doFilter(ApplicationFilterChain.java:166)
	at org.springframework.web.filter.HiddenHttpMethodFilter.doFilterInternal(HiddenHttpMethodFilter.java:93)
	at org.springframework.web.filter.OncePerRequestFilter.doFilter(OncePerRequestFilter.java:107)
	at org.apache.catalina.core.ApplicationFilterChain.internalDoFilter(ApplicationFilterChain.java:193)
	at org.apache.catalina.core.ApplicationFilterChain.doFilter(ApplicationFilterChain.java:166)
	at org.springframework.session.web.http.SessionRepositoryFilter.doFilterInternal(SessionRepositoryFilter.java:147)
	at org.springframework.session.web.http.OncePerRequestFilter.doFilter(OncePerRequestFilter.java:81)
	at org.apache.catalina.core.ApplicationFilterChain.internalDoFilter(ApplicationFilterChain.java:193)
	at org.apache.catalina.core.ApplicationFilterChain.doFilter(ApplicationFilterChain.java:166)
	at org.springframework.boot.actuate.metrics.web.servlet.WebMvcMetricsFilter.filterAndRecordMetrics(WebMvcMetricsFilter.java:155)
	at org.springframework.boot.actuate.metrics.web.servlet.WebMvcMetricsFilter.filterAndRecordMetrics(WebMvcMetricsFilter.java:123)
	at org.springframework.boot.actuate.metrics.web.servlet.WebMvcMetricsFilter.doFilterInternal(WebMvcMetricsFilter.java:108)
	at org.springframework.web.filter.OncePerRequestFilter.doFilter(OncePerRequestFilter.java:107)
	at org.apache.catalina.core.ApplicationFilterChain.internalDoFilter(ApplicationFilterChain.java:193)
	at org.apache.catalina.core.ApplicationFilterChain.doFilter(ApplicationFilterChain.java:166)
	at org.springframework.web.filter.CharacterEncodingFilter.doFilterInternal(CharacterEncodingFilter.java:200)
	at org.springframework.web.filter.OncePerRequestFilter.doFilter(OncePerRequestFilter.java:107)
	at org.apache.catalina.core.ApplicationFilterChain.internalDoFilter(ApplicationFilterChain.java:193)
	at org.apache.catalina.core.ApplicationFilterChain.doFilter(ApplicationFilterChain.java:166)
	at org.apache.catalina.core.StandardWrapperValve.invoke(StandardWrapperValve.java:198)
	at org.apache.catalina.core.StandardContextValve.invoke(StandardContextValve.java:96)
	at org.apache.catalina.authenticator.AuthenticatorBase.invoke(AuthenticatorBase.java:493)
	at org.apache.catalina.core.StandardHostValve.invoke(StandardHostValve.java:140)
	at org.apache.catalina.valves.ErrorReportValve.invoke(ErrorReportValve.java:81)
	at org.apache.catalina.core.StandardEngineValve.invoke(StandardEngineValve.java:87)
	at org.apache.catalina.connector.CoyoteAdapter.service(CoyoteAdapter.java:342)
	at org.apache.coyote.http11.Http11Processor.service(Http11Processor.java:800)
	at org.apache.coyote.AbstractProcessorLight.process(AbstractProcessorLight.java:66)
	at org.apache.coyote.AbstractProtocol$ConnectionHandler.process(AbstractProtocol.java:800)
	at org.apache.tomcat.util.net.NioEndpoint$SocketProcessor.doRun(NioEndpoint.java:1471)
	at org.apache.tomcat.util.net.SocketProcessorBase.run(SocketProcessorBase.java:49)
	at java.util.concurrent.ThreadPoolExecutor.runWorker(ThreadPoolExecutor.java:1149)
	at java.util.concurrent.ThreadPoolExecutor$Worker.run(ThreadPoolExecutor.java:624)
	at org.apache.tomcat.util.threads.TaskThread$WrappingRunnable.run(TaskThread.java:61)
	at java.lang.Thread.run(Thread.java:748)
2024-12-19 10:55:30.560 [http-nio-8008-exec-5] ERROR c.n.p.c.t.NewlandPropertyRestTemplateInterceptor -进入拦截器{"storeTypeCd":"","name":"","tel":"","loginUserId":"30518939884421922816","page":"1","row":"10","storeId":"400000000000000001","userId":"30518939884421922816"}
2024-12-19 10:55:30.563 [http-nio-8008-exec-2] ERROR c.n.p.c.t.NewlandPropertyRestTemplateInterceptor -进入拦截器{"loginUserId":"30518939884421922816","page":"1","row":"100","storeId":"400000000000000001","userId":"30518939884421922816"}
2024-12-19 10:55:31.203 [http-nio-8008-exec-8] ERROR c.n.p.c.t.NewlandPropertyRestTemplateInterceptor -进入拦截器{"state":"486","page":"1","row":"10"}
2024-12-19 10:55:31.204 [http-nio-8008-exec-1] ERROR c.n.p.c.t.NewlandPropertyRestTemplateInterceptor -进入拦截器{"loginUserId":"30518939884421922816","page":"1","row":"100","storeId":"400000000000000001","userId":"30518939884421922816"}
2024-12-19 10:55:32.375 [http-nio-8008-exec-9] ERROR c.n.p.c.t.NewlandPropertyRestTemplateInterceptor -进入拦截器{"storeTypeCd":"","name":"","tel":"","loginUserId":"30518939884421922816","page":"1","row":"10","storeId":"400000000000000001","userId":"30518939884421922816"}
2024-12-19 10:55:32.384 [http-nio-8008-exec-10] ERROR c.n.p.c.t.NewlandPropertyRestTemplateInterceptor -进入拦截器{"loginUserId":"30518939884421922816","page":"1","row":"100","storeId":"400000000000000001","userId":"30518939884421922816"}
2024-12-19 10:55:34.734 [http-nio-8008-exec-3] ERROR c.n.p.c.t.NewlandPropertyRestTemplateInterceptor -进入拦截器{"state":"486","page":"1","row":"10"}
2024-12-19 10:55:34.739 [http-nio-8008-exec-5] ERROR c.n.p.c.t.NewlandPropertyRestTemplateInterceptor -进入拦截器{"loginUserId":"30518939884421922816","page":"1","row":"100","storeId":"400000000000000001","userId":"30518939884421922816"}
2024-12-19 10:55:35.854 [http-nio-8008-exec-10] ERROR c.n.p.c.t.NewlandPropertyRestTemplateInterceptor -进入拦截器{"loginUserId":"30518939884421922816","page":"1","row":"100","storeId":"400000000000000001","userId":"30518939884421922816"}
2024-12-19 10:55:35.857 [http-nio-8008-exec-4] ERROR c.n.p.c.t.NewlandPropertyRestTemplateInterceptor -进入拦截器{"smsName":"","smsType":"","loginUserId":"30518939884421922816","page":"1","row":"10","storeId":"400000000000000001","userId":"30518939884421922816"}
2024-12-19 10:55:35.876 [http-nio-8008-exec-1] ERROR c.n.p.c.t.NewlandPropertyRestTemplateInterceptor -进入拦截器{"name":"market_sms_key","type":"sms_type","userId":"30518939884421922816"}
2024-12-19 10:55:35.885 [http-nio-8008-exec-7] ERROR c.n.p.c.t.NewlandPropertyRestTemplateInterceptor -进入拦截器{"name":"market_sms_key","type":"sms_type","userId":"30518939884421922816"}
2024-12-19 10:55:35.885 [http-nio-8008-exec-2] ERROR c.n.p.c.t.NewlandPropertyRestTemplateInterceptor -进入拦截器{"name":"market_sms_key","type":"sms_type","userId":"30518939884421922816"}
2024-12-19 10:55:36.643 [http-nio-8008-exec-10] ERROR c.n.p.c.t.NewlandPropertyRestTemplateInterceptor -进入拦截器{"page":"1","row":"100","storeId":"","_uid":"123mlkdinkldldijdhuudjdjkkd","userId":"-1"}
2024-12-19 10:55:36.693 [http-nio-8008-exec-9] ERROR c.n.p.c.t.NewlandPropertyRestTemplateInterceptor -进入拦截器{"loginUserId":"30518939884421922816","page":"1","row":"10","storeId":"400000000000000001","userId":"30518939884421922816"}
2024-12-19 10:55:36.722 [http-nio-8008-exec-5] ERROR c.n.p.c.t.NewlandPropertyRestTemplateInterceptor -进入拦截器{"loginUserId":"30518939884421922816","page":"1","row":"100","storeId":"400000000000000001","userId":"30518939884421922816"}
2024-12-19 10:55:43.046 [http-nio-8008-exec-6] ERROR c.n.p.c.t.NewlandPropertyRestTemplateInterceptor -进入拦截器{"areaLevel":"101","parentAreaCode":"0","storeId":"","userId":"-1"}
2024-12-19 10:55:43.047 [http-nio-8008-exec-1] ERROR c.n.p.c.t.NewlandPropertyRestTemplateInterceptor -进入拦截器{"areaLevel":"101","parentAreaCode":"0","storeId":"","userId":"-1"}
2024-12-19 10:55:43.091 [http-nio-8008-exec-2] ERROR c.n.p.c.t.NewlandPropertyRestTemplateInterceptor -进入拦截器{"page":"1","row":"100","tableName":"building_community_attr"}
2024-12-19 10:55:43.093 [http-nio-8008-exec-4] ERROR c.n.p.c.t.NewlandPropertyRestTemplateInterceptor -进入拦截器{"page":"1","row":"100","tableName":"building_community_attr"}
2024-12-19 10:55:43.094 [http-nio-8008-exec-8] ERROR c.n.p.c.t.NewlandPropertyRestTemplateInterceptor -进入拦截器{"loginUserId":"30518939884421922816","page":"1","row":"100","storeId":"400000000000000001","userId":"30518939884421922816"}
2024-12-19 10:55:43.238 [http-nio-8008-exec-5] ERROR c.n.p.c.t.NewlandPropertyRestTemplateInterceptor -进入拦截器{"cityCode":"","name":"","page":"1","row":"10","communityId":"","storeId":"","userId":"-1"}
2024-12-19 10:55:43.284 [http-nio-8008-exec-3] ERROR c.n.p.c.t.NewlandPropertyRestTemplateInterceptor -进入拦截器{"specCd":"9329000004","page":"1","row":"100"}
2024-12-19 10:55:52.069 [http-nio-8008-exec-4] ERROR c.n.p.c.t.NewlandPropertyRestTemplateInterceptor -进入拦截器{"name":"","tel":"","loginUserId":"30518939884421922816","page":"1","row":"10","storeId":"400000000000000001","userId":"30518939884421922816"}
2024-12-19 10:55:52.081 [http-nio-8008-exec-10] ERROR c.n.p.c.t.NewlandPropertyRestTemplateInterceptor -进入拦截器{"loginUserId":"30518939884421922816","page":"1","row":"100","storeId":"400000000000000001","userId":"30518939884421922816"}
2024-12-19 10:56:16.078 [http-nio-8008-exec-9] ERROR c.n.p.c.t.NewlandPropertyRestTemplateInterceptor -进入拦截器{"page":"1","row":"1","storeId":"","userId":"-1"}
2024-12-19 10:56:16.461 [http-nio-8008-exec-2] ERROR c.n.p.c.t.NewlandPropertyRestTemplateInterceptor -进入拦截器{"loginUserId":"30518939884421922816","page":"1","row":"10","storeId":"400000000000000001","userId":"30518939884421922816","isShow":"Y"}
2024-12-19 10:56:16.467 [http-nio-8008-exec-7] ERROR c.n.p.c.t.NewlandPropertyRestTemplateInterceptor -进入拦截器{"loginUserId":"30518939884421922816","storeId":"400000000000000001","userId":"30518939884421922816"}
2024-12-19 10:56:16.470 [http-nio-8008-exec-5] ERROR c.n.p.c.t.NewlandPropertyRestTemplateInterceptor -进入拦截器{"name":"","tel":"","loginUserId":"30518939884421922816","page":"1","row":"10","storeId":"400000000000000001","userId":"30518939884421922816"}
2024-12-19 10:56:16.491 [http-nio-8008-exec-6] ERROR c.n.p.c.t.NewlandPropertyRestTemplateInterceptor -进入拦截器{"loginUserId":"30518939884421922816","page":"1","row":"100","storeId":"400000000000000001","userId":"30518939884421922816"}
2024-12-19 10:56:16.638 [http-nio-8008-exec-3] ERROR c.n.p.b.websocket.MessageWebsocket -用户错误:30518939884421922816,客户端：53be8728-7d7b-48a0-86b8-0b7965c98446,原因:Connection reset by peer
2024-12-19 10:56:16.920 [http-nio-8008-exec-9] ERROR c.n.p.c.t.NewlandPropertyRestTemplateInterceptor -进入拦截器{"caId":"102022022645630009","loginUserId":"30518939884421922816","communityId":"-1","storeId":"400000000000000001","userId":"30518939884421922816"}
2024-12-19 10:56:18.997 [http-nio-8008-exec-1] ERROR c.n.p.c.t.NewlandPropertyRestTemplateInterceptor -进入拦截器{"name":"","page":"1","row":"10","communityId":"","storeId":"","userId":"-1","memberId":"102024081674491285"}
2024-12-19 10:56:19.030 [http-nio-8008-exec-3] ERROR c.n.p.c.t.NewlandPropertyRestTemplateInterceptor -进入拦截器{"loginUserId":"30518939884421922816","page":"1","row":"100","storeId":"400000000000000001","userId":"30518939884421922816"}
2024-12-19 10:56:20.976 [http-nio-8008-exec-8] ERROR c.n.p.c.t.NewlandPropertyRestTemplateInterceptor -进入拦截器{"name":"","tel":"","loginUserId":"30518939884421922816","page":"1","row":"10","storeId":"400000000000000001","userId":"30518939884421922816"}
2024-12-19 10:56:20.986 [http-nio-8008-exec-7] ERROR c.n.p.c.t.NewlandPropertyRestTemplateInterceptor -进入拦截器{"loginUserId":"30518939884421922816","page":"1","row":"100","storeId":"400000000000000001","userId":"30518939884421922816"}
2024-12-19 10:56:23.809 [http-nio-8008-exec-2] ERROR c.n.p.c.t.NewlandPropertyRestTemplateInterceptor -进入拦截器{"areaLevel":"101","parentAreaCode":"0","storeId":"","userId":"-1"}
2024-12-19 10:56:23.810 [http-nio-8008-exec-9] ERROR c.n.p.c.t.NewlandPropertyRestTemplateInterceptor -进入拦截器{"areaLevel":"101","parentAreaCode":"0","storeId":"","userId":"-1"}
2024-12-19 10:56:23.874 [http-nio-8008-exec-10] ERROR c.n.p.c.t.NewlandPropertyRestTemplateInterceptor -进入拦截器{"page":"1","row":"100","tableName":"building_community_attr"}
2024-12-19 10:56:23.877 [http-nio-8008-exec-4] ERROR c.n.p.c.t.NewlandPropertyRestTemplateInterceptor -进入拦截器{"page":"1","row":"100","tableName":"building_community_attr"}
2024-12-19 10:56:23.879 [http-nio-8008-exec-1] ERROR c.n.p.c.t.NewlandPropertyRestTemplateInterceptor -进入拦截器{"loginUserId":"30518939884421922816","page":"1","row":"100","storeId":"400000000000000001","userId":"30518939884421922816"}
2024-12-19 10:56:24.041 [http-nio-8008-exec-5] ERROR c.n.p.c.t.NewlandPropertyRestTemplateInterceptor -进入拦截器{"cityCode":"","name":"","page":"1","row":"10","communityId":"","storeId":"","userId":"-1"}
2024-12-19 10:56:24.083 [http-nio-8008-exec-7] ERROR c.n.p.c.t.NewlandPropertyRestTemplateInterceptor -进入拦截器{"specCd":"9329000004","page":"1","row":"100"}
2024-12-19 10:56:36.518 [http-nio-8008-exec-4] ERROR c.n.p.c.t.NewlandPropertyRestTemplateInterceptor -进入拦截器{"page":"1","row":"1","storeId":"","userId":"-1"}
2024-12-19 10:56:36.636 [http-nio-8008-exec-8] ERROR c.n.property.boot.filter.JwtFilter -业务处理失败
com.newland.property.utils.exception.FilterException: 您还没有登录，请先登录
	at com.newland.property.boot.filter.JwtFilter.getToken(JwtFilter.java:132)
	at com.newland.property.boot.filter.JwtFilter.doFilter(JwtFilter.java:57)
	at org.apache.catalina.core.ApplicationFilterChain.internalDoFilter(ApplicationFilterChain.java:193)
	at org.apache.catalina.core.ApplicationFilterChain.doFilter(ApplicationFilterChain.java:166)
	at org.springframework.boot.actuate.web.trace.servlet.HttpTraceFilter.doFilterInternal(HttpTraceFilter.java:90)
	at org.springframework.web.filter.OncePerRequestFilter.doFilter(OncePerRequestFilter.java:107)
	at org.apache.catalina.core.ApplicationFilterChain.internalDoFilter(ApplicationFilterChain.java:193)
	at org.apache.catalina.core.ApplicationFilterChain.doFilter(ApplicationFilterChain.java:166)
	at org.springframework.web.filter.RequestContextFilter.doFilterInternal(RequestContextFilter.java:99)
	at org.springframework.web.filter.OncePerRequestFilter.doFilter(OncePerRequestFilter.java:107)
	at org.apache.catalina.core.ApplicationFilterChain.internalDoFilter(ApplicationFilterChain.java:193)
	at org.apache.catalina.core.ApplicationFilterChain.doFilter(ApplicationFilterChain.java:166)
	at org.springframework.web.filter.HttpPutFormContentFilter.doFilterInternal(HttpPutFormContentFilter.java:109)
	at org.springframework.web.filter.OncePerRequestFilter.doFilter(OncePerRequestFilter.java:107)
	at org.apache.catalina.core.ApplicationFilterChain.internalDoFilter(ApplicationFilterChain.java:193)
	at org.apache.catalina.core.ApplicationFilterChain.doFilter(ApplicationFilterChain.java:166)
	at org.springframework.web.filter.HiddenHttpMethodFilter.doFilterInternal(HiddenHttpMethodFilter.java:93)
	at org.springframework.web.filter.OncePerRequestFilter.doFilter(OncePerRequestFilter.java:107)
	at org.apache.catalina.core.ApplicationFilterChain.internalDoFilter(ApplicationFilterChain.java:193)
	at org.apache.catalina.core.ApplicationFilterChain.doFilter(ApplicationFilterChain.java:166)
	at org.springframework.session.web.http.SessionRepositoryFilter.doFilterInternal(SessionRepositoryFilter.java:147)
	at org.springframework.session.web.http.OncePerRequestFilter.doFilter(OncePerRequestFilter.java:81)
	at org.apache.catalina.core.ApplicationFilterChain.internalDoFilter(ApplicationFilterChain.java:193)
	at org.apache.catalina.core.ApplicationFilterChain.doFilter(ApplicationFilterChain.java:166)
	at org.springframework.boot.actuate.metrics.web.servlet.WebMvcMetricsFilter.filterAndRecordMetrics(WebMvcMetricsFilter.java:155)
	at org.springframework.boot.actuate.metrics.web.servlet.WebMvcMetricsFilter.filterAndRecordMetrics(WebMvcMetricsFilter.java:123)
	at org.springframework.boot.actuate.metrics.web.servlet.WebMvcMetricsFilter.doFilterInternal(WebMvcMetricsFilter.java:108)
	at org.springframework.web.filter.OncePerRequestFilter.doFilter(OncePerRequestFilter.java:107)
	at org.apache.catalina.core.ApplicationFilterChain.internalDoFilter(ApplicationFilterChain.java:193)
	at org.apache.catalina.core.ApplicationFilterChain.doFilter(ApplicationFilterChain.java:166)
	at org.springframework.web.filter.CharacterEncodingFilter.doFilterInternal(CharacterEncodingFilter.java:200)
	at org.springframework.web.filter.OncePerRequestFilter.doFilter(OncePerRequestFilter.java:107)
	at org.apache.catalina.core.ApplicationFilterChain.internalDoFilter(ApplicationFilterChain.java:193)
	at org.apache.catalina.core.ApplicationFilterChain.doFilter(ApplicationFilterChain.java:166)
	at org.apache.catalina.core.StandardWrapperValve.invoke(StandardWrapperValve.java:198)
	at org.apache.catalina.core.StandardContextValve.invoke(StandardContextValve.java:96)
	at org.apache.catalina.authenticator.AuthenticatorBase.invoke(AuthenticatorBase.java:493)
	at org.apache.catalina.core.StandardHostValve.invoke(StandardHostValve.java:140)
	at org.apache.catalina.valves.ErrorReportValve.invoke(ErrorReportValve.java:81)
	at org.apache.catalina.core.StandardEngineValve.invoke(StandardEngineValve.java:87)
	at org.apache.catalina.connector.CoyoteAdapter.service(CoyoteAdapter.java:342)
	at org.apache.coyote.http11.Http11Processor.service(Http11Processor.java:800)
	at org.apache.coyote.AbstractProcessorLight.process(AbstractProcessorLight.java:66)
	at org.apache.coyote.AbstractProtocol$ConnectionHandler.process(AbstractProtocol.java:800)
	at org.apache.tomcat.util.net.NioEndpoint$SocketProcessor.doRun(NioEndpoint.java:1471)
	at org.apache.tomcat.util.net.SocketProcessorBase.run(SocketProcessorBase.java:49)
	at java.util.concurrent.ThreadPoolExecutor.runWorker(ThreadPoolExecutor.java:1149)
	at java.util.concurrent.ThreadPoolExecutor$Worker.run(ThreadPoolExecutor.java:624)
	at org.apache.tomcat.util.threads.TaskThread$WrappingRunnable.run(TaskThread.java:61)
	at java.lang.Thread.run(Thread.java:748)
2024-12-19 10:56:36.639 [http-nio-8008-exec-9] ERROR c.n.property.boot.filter.JwtFilter -业务处理失败
com.newland.property.utils.exception.FilterException: 您还没有登录，请先登录
	at com.newland.property.boot.filter.JwtFilter.getToken(JwtFilter.java:132)
	at com.newland.property.boot.filter.JwtFilter.doFilter(JwtFilter.java:57)
	at org.apache.catalina.core.ApplicationFilterChain.internalDoFilter(ApplicationFilterChain.java:193)
	at org.apache.catalina.core.ApplicationFilterChain.doFilter(ApplicationFilterChain.java:166)
	at org.springframework.boot.actuate.web.trace.servlet.HttpTraceFilter.doFilterInternal(HttpTraceFilter.java:90)
	at org.springframework.web.filter.OncePerRequestFilter.doFilter(OncePerRequestFilter.java:107)
	at org.apache.catalina.core.ApplicationFilterChain.internalDoFilter(ApplicationFilterChain.java:193)
	at org.apache.catalina.core.ApplicationFilterChain.doFilter(ApplicationFilterChain.java:166)
	at org.springframework.web.filter.RequestContextFilter.doFilterInternal(RequestContextFilter.java:99)
	at org.springframework.web.filter.OncePerRequestFilter.doFilter(OncePerRequestFilter.java:107)
	at org.apache.catalina.core.ApplicationFilterChain.internalDoFilter(ApplicationFilterChain.java:193)
	at org.apache.catalina.core.ApplicationFilterChain.doFilter(ApplicationFilterChain.java:166)
	at org.springframework.web.filter.HttpPutFormContentFilter.doFilterInternal(HttpPutFormContentFilter.java:109)
	at org.springframework.web.filter.OncePerRequestFilter.doFilter(OncePerRequestFilter.java:107)
	at org.apache.catalina.core.ApplicationFilterChain.internalDoFilter(ApplicationFilterChain.java:193)
	at org.apache.catalina.core.ApplicationFilterChain.doFilter(ApplicationFilterChain.java:166)
	at org.springframework.web.filter.HiddenHttpMethodFilter.doFilterInternal(HiddenHttpMethodFilter.java:93)
	at org.springframework.web.filter.OncePerRequestFilter.doFilter(OncePerRequestFilter.java:107)
	at org.apache.catalina.core.ApplicationFilterChain.internalDoFilter(ApplicationFilterChain.java:193)
	at org.apache.catalina.core.ApplicationFilterChain.doFilter(ApplicationFilterChain.java:166)
	at org.springframework.session.web.http.SessionRepositoryFilter.doFilterInternal(SessionRepositoryFilter.java:147)
	at org.springframework.session.web.http.OncePerRequestFilter.doFilter(OncePerRequestFilter.java:81)
	at org.apache.catalina.core.ApplicationFilterChain.internalDoFilter(ApplicationFilterChain.java:193)
	at org.apache.catalina.core.ApplicationFilterChain.doFilter(ApplicationFilterChain.java:166)
	at org.springframework.boot.actuate.metrics.web.servlet.WebMvcMetricsFilter.filterAndRecordMetrics(WebMvcMetricsFilter.java:155)
	at org.springframework.boot.actuate.metrics.web.servlet.WebMvcMetricsFilter.filterAndRecordMetrics(WebMvcMetricsFilter.java:123)
	at org.springframework.boot.actuate.metrics.web.servlet.WebMvcMetricsFilter.doFilterInternal(WebMvcMetricsFilter.java:108)
	at org.springframework.web.filter.OncePerRequestFilter.doFilter(OncePerRequestFilter.java:107)
	at org.apache.catalina.core.ApplicationFilterChain.internalDoFilter(ApplicationFilterChain.java:193)
	at org.apache.catalina.core.ApplicationFilterChain.doFilter(ApplicationFilterChain.java:166)
	at org.springframework.web.filter.CharacterEncodingFilter.doFilterInternal(CharacterEncodingFilter.java:200)
	at org.springframework.web.filter.OncePerRequestFilter.doFilter(OncePerRequestFilter.java:107)
	at org.apache.catalina.core.ApplicationFilterChain.internalDoFilter(ApplicationFilterChain.java:193)
	at org.apache.catalina.core.ApplicationFilterChain.doFilter(ApplicationFilterChain.java:166)
	at org.apache.catalina.core.StandardWrapperValve.invoke(StandardWrapperValve.java:198)
	at org.apache.catalina.core.StandardContextValve.invoke(StandardContextValve.java:96)
	at org.apache.catalina.authenticator.AuthenticatorBase.invoke(AuthenticatorBase.java:493)
	at org.apache.catalina.core.StandardHostValve.invoke(StandardHostValve.java:140)
	at org.apache.catalina.valves.ErrorReportValve.invoke(ErrorReportValve.java:81)
	at org.apache.catalina.core.StandardEngineValve.invoke(StandardEngineValve.java:87)
	at org.apache.catalina.connector.CoyoteAdapter.service(CoyoteAdapter.java:342)
	at org.apache.coyote.http11.Http11Processor.service(Http11Processor.java:800)
	at org.apache.coyote.AbstractProcessorLight.process(AbstractProcessorLight.java:66)
	at org.apache.coyote.AbstractProtocol$ConnectionHandler.process(AbstractProtocol.java:800)
	at org.apache.tomcat.util.net.NioEndpoint$SocketProcessor.doRun(NioEndpoint.java:1471)
	at org.apache.tomcat.util.net.SocketProcessorBase.run(SocketProcessorBase.java:49)
	at java.util.concurrent.ThreadPoolExecutor.runWorker(ThreadPoolExecutor.java:1149)
	at java.util.concurrent.ThreadPoolExecutor$Worker.run(ThreadPoolExecutor.java:624)
	at org.apache.tomcat.util.threads.TaskThread$WrappingRunnable.run(TaskThread.java:61)
	at java.lang.Thread.run(Thread.java:748)
2024-12-19 10:56:36.656 [http-nio-8008-exec-2] ERROR c.n.property.boot.filter.JwtFilter -业务处理失败
com.newland.property.utils.exception.FilterException: 您还没有登录，请先登录
	at com.newland.property.boot.filter.JwtFilter.getToken(JwtFilter.java:132)
	at com.newland.property.boot.filter.JwtFilter.doFilter(JwtFilter.java:57)
	at org.apache.catalina.core.ApplicationFilterChain.internalDoFilter(ApplicationFilterChain.java:193)
	at org.apache.catalina.core.ApplicationFilterChain.doFilter(ApplicationFilterChain.java:166)
	at org.springframework.boot.actuate.web.trace.servlet.HttpTraceFilter.doFilterInternal(HttpTraceFilter.java:90)
	at org.springframework.web.filter.OncePerRequestFilter.doFilter(OncePerRequestFilter.java:107)
	at org.apache.catalina.core.ApplicationFilterChain.internalDoFilter(ApplicationFilterChain.java:193)
	at org.apache.catalina.core.ApplicationFilterChain.doFilter(ApplicationFilterChain.java:166)
	at org.springframework.web.filter.RequestContextFilter.doFilterInternal(RequestContextFilter.java:99)
	at org.springframework.web.filter.OncePerRequestFilter.doFilter(OncePerRequestFilter.java:107)
	at org.apache.catalina.core.ApplicationFilterChain.internalDoFilter(ApplicationFilterChain.java:193)
	at org.apache.catalina.core.ApplicationFilterChain.doFilter(ApplicationFilterChain.java:166)
	at org.springframework.web.filter.HttpPutFormContentFilter.doFilterInternal(HttpPutFormContentFilter.java:109)
	at org.springframework.web.filter.OncePerRequestFilter.doFilter(OncePerRequestFilter.java:107)
	at org.apache.catalina.core.ApplicationFilterChain.internalDoFilter(ApplicationFilterChain.java:193)
	at org.apache.catalina.core.ApplicationFilterChain.doFilter(ApplicationFilterChain.java:166)
	at org.springframework.web.filter.HiddenHttpMethodFilter.doFilterInternal(HiddenHttpMethodFilter.java:93)
	at org.springframework.web.filter.OncePerRequestFilter.doFilter(OncePerRequestFilter.java:107)
	at org.apache.catalina.core.ApplicationFilterChain.internalDoFilter(ApplicationFilterChain.java:193)
	at org.apache.catalina.core.ApplicationFilterChain.doFilter(ApplicationFilterChain.java:166)
	at org.springframework.session.web.http.SessionRepositoryFilter.doFilterInternal(SessionRepositoryFilter.java:147)
	at org.springframework.session.web.http.OncePerRequestFilter.doFilter(OncePerRequestFilter.java:81)
	at org.apache.catalina.core.ApplicationFilterChain.internalDoFilter(ApplicationFilterChain.java:193)
	at org.apache.catalina.core.ApplicationFilterChain.doFilter(ApplicationFilterChain.java:166)
	at org.springframework.boot.actuate.metrics.web.servlet.WebMvcMetricsFilter.filterAndRecordMetrics(WebMvcMetricsFilter.java:155)
	at org.springframework.boot.actuate.metrics.web.servlet.WebMvcMetricsFilter.filterAndRecordMetrics(WebMvcMetricsFilter.java:123)
	at org.springframework.boot.actuate.metrics.web.servlet.WebMvcMetricsFilter.doFilterInternal(WebMvcMetricsFilter.java:108)
	at org.springframework.web.filter.OncePerRequestFilter.doFilter(OncePerRequestFilter.java:107)
	at org.apache.catalina.core.ApplicationFilterChain.internalDoFilter(ApplicationFilterChain.java:193)
	at org.apache.catalina.core.ApplicationFilterChain.doFilter(ApplicationFilterChain.java:166)
	at org.springframework.web.filter.CharacterEncodingFilter.doFilterInternal(CharacterEncodingFilter.java:200)
	at org.springframework.web.filter.OncePerRequestFilter.doFilter(OncePerRequestFilter.java:107)
	at org.apache.catalina.core.ApplicationFilterChain.internalDoFilter(ApplicationFilterChain.java:193)
	at org.apache.catalina.core.ApplicationFilterChain.doFilter(ApplicationFilterChain.java:166)
	at org.apache.catalina.core.StandardWrapperValve.invoke(StandardWrapperValve.java:198)
	at org.apache.catalina.core.StandardContextValve.invoke(StandardContextValve.java:96)
	at org.apache.catalina.authenticator.AuthenticatorBase.invoke(AuthenticatorBase.java:493)
	at org.apache.catalina.core.StandardHostValve.invoke(StandardHostValve.java:140)
	at org.apache.catalina.valves.ErrorReportValve.invoke(ErrorReportValve.java:81)
	at org.apache.catalina.core.StandardEngineValve.invoke(StandardEngineValve.java:87)
	at org.apache.catalina.connector.CoyoteAdapter.service(CoyoteAdapter.java:342)
	at org.apache.coyote.http11.Http11Processor.service(Http11Processor.java:800)
	at org.apache.coyote.AbstractProcessorLight.process(AbstractProcessorLight.java:66)
	at org.apache.coyote.AbstractProtocol$ConnectionHandler.process(AbstractProtocol.java:800)
	at org.apache.tomcat.util.net.NioEndpoint$SocketProcessor.doRun(NioEndpoint.java:1471)
	at org.apache.tomcat.util.net.SocketProcessorBase.run(SocketProcessorBase.java:49)
	at java.util.concurrent.ThreadPoolExecutor.runWorker(ThreadPoolExecutor.java:1149)
	at java.util.concurrent.ThreadPoolExecutor$Worker.run(ThreadPoolExecutor.java:624)
	at org.apache.tomcat.util.threads.TaskThread$WrappingRunnable.run(TaskThread.java:61)
	at java.lang.Thread.run(Thread.java:748)
2024-12-19 10:56:39.185 [http-nio-8008-exec-1] ERROR c.n.property.boot.filter.JwtFilter -业务处理失败
com.newland.property.utils.exception.FilterException: 您还没有登录，请先登录
	at com.newland.property.boot.filter.JwtFilter.getToken(JwtFilter.java:132)
	at com.newland.property.boot.filter.JwtFilter.doFilter(JwtFilter.java:57)
	at org.apache.catalina.core.ApplicationFilterChain.internalDoFilter(ApplicationFilterChain.java:193)
	at org.apache.catalina.core.ApplicationFilterChain.doFilter(ApplicationFilterChain.java:166)
	at org.springframework.boot.actuate.web.trace.servlet.HttpTraceFilter.doFilterInternal(HttpTraceFilter.java:90)
	at org.springframework.web.filter.OncePerRequestFilter.doFilter(OncePerRequestFilter.java:107)
	at org.apache.catalina.core.ApplicationFilterChain.internalDoFilter(ApplicationFilterChain.java:193)
	at org.apache.catalina.core.ApplicationFilterChain.doFilter(ApplicationFilterChain.java:166)
	at org.springframework.web.filter.RequestContextFilter.doFilterInternal(RequestContextFilter.java:99)
	at org.springframework.web.filter.OncePerRequestFilter.doFilter(OncePerRequestFilter.java:107)
	at org.apache.catalina.core.ApplicationFilterChain.internalDoFilter(ApplicationFilterChain.java:193)
	at org.apache.catalina.core.ApplicationFilterChain.doFilter(ApplicationFilterChain.java:166)
	at org.springframework.web.filter.HttpPutFormContentFilter.doFilterInternal(HttpPutFormContentFilter.java:109)
	at org.springframework.web.filter.OncePerRequestFilter.doFilter(OncePerRequestFilter.java:107)
	at org.apache.catalina.core.ApplicationFilterChain.internalDoFilter(ApplicationFilterChain.java:193)
	at org.apache.catalina.core.ApplicationFilterChain.doFilter(ApplicationFilterChain.java:166)
	at org.springframework.web.filter.HiddenHttpMethodFilter.doFilterInternal(HiddenHttpMethodFilter.java:93)
	at org.springframework.web.filter.OncePerRequestFilter.doFilter(OncePerRequestFilter.java:107)
	at org.apache.catalina.core.ApplicationFilterChain.internalDoFilter(ApplicationFilterChain.java:193)
	at org.apache.catalina.core.ApplicationFilterChain.doFilter(ApplicationFilterChain.java:166)
	at org.springframework.session.web.http.SessionRepositoryFilter.doFilterInternal(SessionRepositoryFilter.java:147)
	at org.springframework.session.web.http.OncePerRequestFilter.doFilter(OncePerRequestFilter.java:81)
	at org.apache.catalina.core.ApplicationFilterChain.internalDoFilter(ApplicationFilterChain.java:193)
	at org.apache.catalina.core.ApplicationFilterChain.doFilter(ApplicationFilterChain.java:166)
	at org.springframework.boot.actuate.metrics.web.servlet.WebMvcMetricsFilter.filterAndRecordMetrics(WebMvcMetricsFilter.java:155)
	at org.springframework.boot.actuate.metrics.web.servlet.WebMvcMetricsFilter.filterAndRecordMetrics(WebMvcMetricsFilter.java:123)
	at org.springframework.boot.actuate.metrics.web.servlet.WebMvcMetricsFilter.doFilterInternal(WebMvcMetricsFilter.java:108)
	at org.springframework.web.filter.OncePerRequestFilter.doFilter(OncePerRequestFilter.java:107)
	at org.apache.catalina.core.ApplicationFilterChain.internalDoFilter(ApplicationFilterChain.java:193)
	at org.apache.catalina.core.ApplicationFilterChain.doFilter(ApplicationFilterChain.java:166)
	at org.springframework.web.filter.CharacterEncodingFilter.doFilterInternal(CharacterEncodingFilter.java:200)
	at org.springframework.web.filter.OncePerRequestFilter.doFilter(OncePerRequestFilter.java:107)
	at org.apache.catalina.core.ApplicationFilterChain.internalDoFilter(ApplicationFilterChain.java:193)
	at org.apache.catalina.core.ApplicationFilterChain.doFilter(ApplicationFilterChain.java:166)
	at org.apache.catalina.core.StandardWrapperValve.invoke(StandardWrapperValve.java:198)
	at org.apache.catalina.core.StandardContextValve.invoke(StandardContextValve.java:96)
	at org.apache.catalina.authenticator.AuthenticatorBase.invoke(AuthenticatorBase.java:493)
	at org.apache.catalina.core.StandardHostValve.invoke(StandardHostValve.java:140)
	at org.apache.catalina.valves.ErrorReportValve.invoke(ErrorReportValve.java:81)
	at org.apache.catalina.core.StandardEngineValve.invoke(StandardEngineValve.java:87)
	at org.apache.catalina.connector.CoyoteAdapter.service(CoyoteAdapter.java:342)
	at org.apache.coyote.http11.Http11Processor.service(Http11Processor.java:800)
	at org.apache.coyote.AbstractProcessorLight.process(AbstractProcessorLight.java:66)
	at org.apache.coyote.AbstractProtocol$ConnectionHandler.process(AbstractProtocol.java:800)
	at org.apache.tomcat.util.net.NioEndpoint$SocketProcessor.doRun(NioEndpoint.java:1471)
	at org.apache.tomcat.util.net.SocketProcessorBase.run(SocketProcessorBase.java:49)
	at java.util.concurrent.ThreadPoolExecutor.runWorker(ThreadPoolExecutor.java:1149)
	at java.util.concurrent.ThreadPoolExecutor$Worker.run(ThreadPoolExecutor.java:624)
	at org.apache.tomcat.util.threads.TaskThread$WrappingRunnable.run(TaskThread.java:61)
	at java.lang.Thread.run(Thread.java:748)
2024-12-19 10:56:39.360 [http-nio-8008-exec-3] ERROR c.n.p.c.t.NewlandPropertyRestTemplateInterceptor -进入拦截器{"page":"1","row":"1","storeId":"","userId":"-1"}
2024-12-19 10:56:48.729 [http-nio-8008-exec-10] ERROR c.n.p.c.t.NewlandPropertyRestTemplateInterceptor -进入拦截器{"passwd":"3b34708d9082cccf9ed861ea526304d5","logo":"HC","validateCode":"x3je","errorInfo":"","userId":"-1","username":"admin"}
2024-12-19 10:56:48.972 [http-nio-8008-exec-9] ERROR c.n.p.c.t.NewlandPropertyRestTemplateInterceptor -进入拦截器{"userId":"30518939884421922816"}
2024-12-19 10:56:49.096 [http-nio-8008-exec-9] ERROR c.n.p.c.t.NewlandPropertyRestTemplateInterceptor -进入拦截器{"loginUserId":"30518939884421922816","storeId":"400000000000000001","_uId":"ccdd00opikookjuhyyttvhnnjuuu","userId":"30518939884421922816"}
2024-12-19 10:56:49.278 [http-nio-8008-exec-1] ERROR c.n.p.c.t.NewlandPropertyRestTemplateInterceptor -进入拦截器{"a":"HC","loginUserId":"30518939884421922816","storeId":"400000000000000001","userId":"30518939884421922816"}
2024-12-19 10:56:49.483 [http-nio-8008-exec-7] ERROR c.n.p.c.t.NewlandPropertyRestTemplateInterceptor -进入拦截器{"loginUserId":"30518939884421922816","page":"1","row":"3","storeId":"400000000000000001","_uId":"ccdd00opikookjuhyyttvhnnjuuu","userId":"30518939884421922816"}
2024-12-19 10:56:49.730 [http-nio-8008-exec-3] ERROR c.n.p.c.t.NewlandPropertyRestTemplateInterceptor -进入拦截器{"page":"1","row":"1","storeId":"","userId":"-1"}
2024-12-19 10:56:50.042 [http-nio-8008-exec-2] ERROR c.n.p.c.t.NewlandPropertyRestTemplateInterceptor -进入拦截器{"loginUserId":"30518939884421922816","storeId":"400000000000000001","userId":"30518939884421922816"}
2024-12-19 10:56:50.047 [http-nio-8008-exec-10] ERROR c.n.p.c.t.NewlandPropertyRestTemplateInterceptor -进入拦截器{"loginUserId":"30518939884421922816","page":"1","row":"10","storeId":"400000000000000001","userId":"30518939884421922816","isShow":"Y"}
2024-12-19 10:56:50.056 [http-nio-8008-exec-4] ERROR c.n.p.c.t.NewlandPropertyRestTemplateInterceptor -进入拦截器{"loginUserId":"30518939884421922816","page":"1","row":"100","storeId":"400000000000000001","userId":"30518939884421922816"}
2024-12-19 10:56:50.245 [http-nio-8008-exec-5] ERROR c.n.p.c.t.NewlandPropertyRestTemplateInterceptor -进入拦截器{"caId":"102022022645630009","loginUserId":"30518939884421922816","communityId":"-1","storeId":"400000000000000001","userId":"30518939884421922816"}
2024-12-19 10:56:51.010 [http-nio-8008-exec-8] ERROR c.n.p.c.t.NewlandPropertyRestTemplateInterceptor -进入拦截器{"loginUserId":"30518939884421922816","storeId":"400000000000000001","userId":"30518939884421922816","platform":"admin"}
2024-12-19 10:56:51.010 [http-nio-8008-exec-6] ERROR c.n.p.c.t.NewlandPropertyRestTemplateInterceptor -进入拦截器{"loginUserId":"30518939884421922816","storeId":"400000000000000001","userId":"30518939884421922816","platform":"admin"}
2024-12-19 10:56:51.010 [http-nio-8008-exec-3] ERROR c.n.p.c.t.NewlandPropertyRestTemplateInterceptor -进入拦截器{"loginUserId":"30518939884421922816","storeId":"400000000000000001","userId":"30518939884421922816","platform":"admin"}
2024-12-19 10:56:53.845 [http-nio-8008-exec-2] ERROR c.n.p.c.t.NewlandPropertyRestTemplateInterceptor -进入拦截器{"loginUserId":"30518939884421922816","page":"1","row":"100","storeId":"400000000000000001","userId":"30518939884421922816"}
2024-12-19 10:56:53.867 [http-nio-8008-exec-4] ERROR c.n.p.c.t.NewlandPropertyRestTemplateInterceptor -进入拦截器{"storeTypeCd":"800900000001","typeCd":"222222","loginUserId":"30518939884421922816","page":"1","row":"10","storeId":"400000000000000001","userName":"admin","userId":"30518939884421922816"}
2024-12-19 10:56:54.740 [http-nio-8008-exec-10] ERROR c.n.p.c.t.NewlandPropertyRestTemplateInterceptor -进入拦截器{"typeCd":"1001","hktName":"","shopId":"9999","page":"1","row":"10","isShow":""}
2024-12-19 10:56:54.778 [http-nio-8008-exec-1] ERROR c.n.p.c.t.NewlandPropertyRestTemplateInterceptor -进入拦截器{"loginUserId":"30518939884421922816","page":"1","row":"100","storeId":"400000000000000001","userId":"30518939884421922816"}
2024-12-19 10:56:54.782 [http-nio-8008-exec-9] ERROR c.n.p.c.t.NewlandPropertyRestTemplateInterceptor -进入拦截器{"loginUserId":"30518939884421922816","page":"1","row":"100","storeId":"400000000000000001","userId":"30518939884421922816"}
2024-12-19 10:56:54.825 [http-nio-8008-exec-10] ERROR c.n.p.b.smo.impl.ApiServiceSMOImpl -请求下游服务【http://127.0.0.1:8008/housekeepingType/queryHousekeepingType?hktName=&isShow=&shopId=9999&typeCd=1001&page=1&row=10】异常，参数为<{"typeCd":"1001","hktName":"","shopId":"9999","page":"1","row":"10","isShow":""},{referer=[http://127.0.0.1:3000/], content-length=[0], hostName=[localhost], req-time=[20241219105654], sec-fetch-site=[same-origin], sign=[], REQUEST_URL=[http://127.0.0.1:3000/app/housekeepingType/queryHousekeepingType?hktName=&isShow=&shopId=9999&typeCd=1001&page=1&row=10], transaction-id=[6d344a06-3ebf-450a-8b6c-356da8eba5f6], sec-ch-ua-mobile=[?0], host=[127.0.0.1:3000], connection=[close], SERVICE=[/housekeepingType/queryHousekeepingType], app_id=[8000418004], store-id=[], property-lang=[cn], RESOURCE=[housekeepingType], sec-fetch-mode=[cors], transaction_id=[6d344a06-3ebf-450a-8b6c-356da8eba5f6], app-id=[8000418004], accept-language=[zh-CN,zh;q=0.9], cookie=[SESSION=NDQxYTAwZDgtYzc2Ny00NTI0LTlmY2ItZTA2ZTI5NjYzNWZl; Hm_lvt_adedae9bc250561cc17e96dc1fb46079=1734576997; HMACCOUNT=82B94E3E619AAE11; _newland_property_token_=eyJ0eXAiOiJKV1QiLCJhbGciOiJIUzI1NiJ9.eyJpc3MiOiJuZXdsYW5kIiwidXNlck5hbWUiOiJhZG1pbiIsImp0aSI6IjQzZDFjMTAyM2YxODQ5OTBhMjc1NTU2YzU4MWM5ZGNkIn0.EIo-HwlpLucdDHXYmFSVtwsZkbPk_fqOlTefnvPJ8AE; Hm_lpvt_adedae9bc250561cc17e96dc1fb46079=1734577010], user-id=[-1], IP=[127.0.0.1], version=[v1.7], req_time=[20241219105654], accept=[application/json, text/plain, */*], accept-charset=[utf-8], sec-ch-ua=["Google Chrome";v="131", "Chromium";v="131", "Not_A Brand";v="24"], ACTION=[queryHousekeepingType], port=[8008], user_id=[-1], sec-ch-ua-platform=["macOS"], x-requested-with=[XMLHttpRequest], METHOD=[GET], accept-encoding=[gzip, deflate, br, zstd], user-agent=[Mozilla/5.0 (Macintosh; Intel Mac OS X 10_15_7) AppleWebKit/537.36 (KHTML, like Gecko) Chrome/131.0.0.0 Safari/537.36], sec-fetch-dest=[empty]}>{"timestamp":"2024-12-19T02:56:54.810+0000","status":404,"error":"Not Found","message":"No message available","path":"/housekeepingType/queryHousekeepingType"}
org.springframework.web.client.HttpClientErrorException: 404 
	at org.springframework.web.client.DefaultResponseErrorHandler.handleError(DefaultResponseErrorHandler.java:94)
	at org.springframework.web.client.DefaultResponseErrorHandler.handleError(DefaultResponseErrorHandler.java:79)
	at org.springframework.web.client.ResponseErrorHandler.handleError(ResponseErrorHandler.java:63)
	at org.springframework.web.client.RestTemplate.handleResponse(RestTemplate.java:766)
	at org.springframework.web.client.RestTemplate.doExecute(RestTemplate.java:724)
	at org.springframework.web.client.RestTemplate.execute(RestTemplate.java:680)
	at org.springframework.web.client.RestTemplate.exchange(RestTemplate.java:600)
	at com.newland.property.core.client.RestTemplate.exchange(RestTemplate.java:39)
	at com.newland.property.core.client.OutRestTemplate.exchange(OutRestTemplate.java:54)
	at com.newland.property.boot.smo.impl.ApiServiceSMOImpl.doTransfer(ApiServiceSMOImpl.java:493)
	at com.newland.property.boot.smo.impl.ApiServiceSMOImpl.invokeBusinessSystem(ApiServiceSMOImpl.java:396)
	at com.newland.property.boot.smo.impl.ApiServiceSMOImpl.service(ApiServiceSMOImpl.java:103)
	at com.newland.property.boot.smo.impl.ApiServiceSMOImpl$$FastClassBySpringCGLIB$$a08c9dd8.invoke(<generated>)
	at org.springframework.cglib.proxy.MethodProxy.invoke(MethodProxy.java:204)
	at org.springframework.aop.framework.CglibAopProxy$CglibMethodInvocation.invokeJoinpoint(CglibAopProxy.java:746)
	at org.springframework.aop.framework.ReflectiveMethodInvocation.proceed(ReflectiveMethodInvocation.java:163)
	at org.springframework.aop.aspectj.MethodInvocationProceedingJoinPoint.proceed(MethodInvocationProceedingJoinPoint.java:88)
	at com.newland.property.core.trace.NewlandPropertyTraceLogAop.around(NewlandPropertyTraceLogAop.java:49)
	at sun.reflect.GeneratedMethodAccessor244.invoke(Unknown Source)
	at sun.reflect.DelegatingMethodAccessorImpl.invoke(DelegatingMethodAccessorImpl.java:43)
	at java.lang.reflect.Method.invoke(Method.java:498)
	at org.springframework.aop.aspectj.AbstractAspectJAdvice.invokeAdviceMethodWithGivenArgs(AbstractAspectJAdvice.java:644)
	at org.springframework.aop.aspectj.AbstractAspectJAdvice.invokeAdviceMethod(AbstractAspectJAdvice.java:633)
	at org.springframework.aop.aspectj.AspectJAroundAdvice.invoke(AspectJAroundAdvice.java:70)
	at org.springframework.aop.framework.ReflectiveMethodInvocation.proceed(ReflectiveMethodInvocation.java:174)
	at org.springframework.aop.interceptor.ExposeInvocationInterceptor.invoke(ExposeInvocationInterceptor.java:92)
	at org.springframework.aop.framework.ReflectiveMethodInvocation.proceed(ReflectiveMethodInvocation.java:185)
	at org.springframework.aop.framework.CglibAopProxy$DynamicAdvisedInterceptor.intercept(CglibAopProxy.java:688)
	at com.newland.property.boot.smo.impl.ApiServiceSMOImpl$$EnhancerBySpringCGLIB$$42cc4753.service(<generated>)
	at com.newland.property.boot.smo.api.impl.ApiSMOImpl.doApi(ApiSMOImpl.java:116)
	at com.newland.property.boot.controller.app.AppController.subServiceGet(AppController.java:182)
	at com.newland.property.boot.controller.app.AppController$$FastClassBySpringCGLIB$$6216bd11.invoke(<generated>)
	at org.springframework.cglib.proxy.MethodProxy.invoke(MethodProxy.java:204)
	at org.springframework.aop.framework.CglibAopProxy$CglibMethodInvocation.invokeJoinpoint(CglibAopProxy.java:746)
	at org.springframework.aop.framework.ReflectiveMethodInvocation.proceed(ReflectiveMethodInvocation.java:163)
	at org.springframework.aop.framework.adapter.MethodBeforeAdviceInterceptor.invoke(MethodBeforeAdviceInterceptor.java:56)
	at org.springframework.aop.framework.ReflectiveMethodInvocation.proceed(ReflectiveMethodInvocation.java:185)
	at org.springframework.aop.aspectj.MethodInvocationProceedingJoinPoint.proceed(MethodInvocationProceedingJoinPoint.java:88)
	at com.newland.property.boot.aop.PageProcessAspect.around(PageProcessAspect.java:180)
	at sun.reflect.GeneratedMethodAccessor273.invoke(Unknown Source)
	at sun.reflect.DelegatingMethodAccessorImpl.invoke(DelegatingMethodAccessorImpl.java:43)
	at java.lang.reflect.Method.invoke(Method.java:498)
	at org.springframework.aop.aspectj.AbstractAspectJAdvice.invokeAdviceMethodWithGivenArgs(AbstractAspectJAdvice.java:644)
	at org.springframework.aop.aspectj.AbstractAspectJAdvice.invokeAdviceMethod(AbstractAspectJAdvice.java:633)
	at org.springframework.aop.aspectj.AspectJAroundAdvice.invoke(AspectJAroundAdvice.java:70)
	at org.springframework.aop.framework.ReflectiveMethodInvocation.proceed(ReflectiveMethodInvocation.java:185)
	at org.springframework.aop.aspectj.AspectJAfterAdvice.invoke(AspectJAfterAdvice.java:47)
	at org.springframework.aop.framework.ReflectiveMethodInvocation.proceed(ReflectiveMethodInvocation.java:185)
	at org.springframework.aop.framework.adapter.AfterReturningAdviceInterceptor.invoke(AfterReturningAdviceInterceptor.java:55)
	at org.springframework.aop.framework.ReflectiveMethodInvocation.proceed(ReflectiveMethodInvocation.java:185)
	at org.springframework.aop.aspectj.AspectJAfterThrowingAdvice.invoke(AspectJAfterThrowingAdvice.java:62)
	at org.springframework.aop.framework.ReflectiveMethodInvocation.proceed(ReflectiveMethodInvocation.java:185)
	at org.springframework.aop.aspectj.MethodInvocationProceedingJoinPoint.proceed(MethodInvocationProceedingJoinPoint.java:88)
	at com.newland.property.core.language.NewlandPropertyLangAop.around(NewlandPropertyLangAop.java:41)
	at sun.reflect.GeneratedMethodAccessor272.invoke(Unknown Source)
	at sun.reflect.DelegatingMethodAccessorImpl.invoke(DelegatingMethodAccessorImpl.java:43)
	at java.lang.reflect.Method.invoke(Method.java:498)
	at org.springframework.aop.aspectj.AbstractAspectJAdvice.invokeAdviceMethodWithGivenArgs(AbstractAspectJAdvice.java:644)
	at org.springframework.aop.aspectj.AbstractAspectJAdvice.invokeAdviceMethod(AbstractAspectJAdvice.java:633)
	at org.springframework.aop.aspectj.AspectJAroundAdvice.invoke(AspectJAroundAdvice.java:70)
	at org.springframework.aop.framework.ReflectiveMethodInvocation.proceed(ReflectiveMethodInvocation.java:174)
	at org.springframework.aop.interceptor.ExposeInvocationInterceptor.invoke(ExposeInvocationInterceptor.java:92)
	at org.springframework.aop.framework.ReflectiveMethodInvocation.proceed(ReflectiveMethodInvocation.java:185)
	at org.springframework.aop.framework.CglibAopProxy$DynamicAdvisedInterceptor.intercept(CglibAopProxy.java:688)
	at com.newland.property.boot.controller.app.AppController$$EnhancerBySpringCGLIB$$e75abd54.subServiceGet(<generated>)
	at sun.reflect.NativeMethodAccessorImpl.invoke0(Native Method)
	at sun.reflect.NativeMethodAccessorImpl.invoke(NativeMethodAccessorImpl.java:62)
	at sun.reflect.DelegatingMethodAccessorImpl.invoke(DelegatingMethodAccessorImpl.java:43)
	at java.lang.reflect.Method.invoke(Method.java:498)
	at org.springframework.web.method.support.InvocableHandlerMethod.doInvoke(InvocableHandlerMethod.java:209)
	at org.springframework.web.method.support.InvocableHandlerMethod.invokeForRequest(InvocableHandlerMethod.java:136)
	at org.springframework.web.servlet.mvc.method.annotation.ServletInvocableHandlerMethod.invokeAndHandle(ServletInvocableHandlerMethod.java:102)
	at org.springframework.web.servlet.mvc.method.annotation.RequestMappingHandlerAdapter.invokeHandlerMethod(RequestMappingHandlerAdapter.java:877)
	at org.springframework.web.servlet.mvc.method.annotation.RequestMappingHandlerAdapter.handleInternal(RequestMappingHandlerAdapter.java:783)
	at org.springframework.web.servlet.mvc.method.AbstractHandlerMethodAdapter.handle(AbstractHandlerMethodAdapter.java:87)
	at org.springframework.web.servlet.DispatcherServlet.doDispatch(DispatcherServlet.java:991)
	at org.springframework.web.servlet.DispatcherServlet.doService(DispatcherServlet.java:925)
	at org.springframework.web.servlet.FrameworkServlet.processRequest(FrameworkServlet.java:974)
	at org.springframework.web.servlet.FrameworkServlet.doGet(FrameworkServlet.java:866)
	at javax.servlet.http.HttpServlet.service(HttpServlet.java:635)
	at org.springframework.web.servlet.FrameworkServlet.service(FrameworkServlet.java:851)
	at javax.servlet.http.HttpServlet.service(HttpServlet.java:742)
	at org.apache.catalina.core.ApplicationFilterChain.internalDoFilter(ApplicationFilterChain.java:231)
	at org.apache.catalina.core.ApplicationFilterChain.doFilter(ApplicationFilterChain.java:166)
	at org.apache.tomcat.websocket.server.WsFilter.doFilter(WsFilter.java:52)
	at org.apache.catalina.core.ApplicationFilterChain.internalDoFilter(ApplicationFilterChain.java:193)
	at org.apache.catalina.core.ApplicationFilterChain.doFilter(ApplicationFilterChain.java:166)
	at com.newland.property.boot.filter.JwtFilter.doFilter(JwtFilter.java:51)
	at org.apache.catalina.core.ApplicationFilterChain.internalDoFilter(ApplicationFilterChain.java:193)
	at org.apache.catalina.core.ApplicationFilterChain.doFilter(ApplicationFilterChain.java:166)
	at org.springframework.boot.actuate.web.trace.servlet.HttpTraceFilter.doFilterInternal(HttpTraceFilter.java:90)
	at org.springframework.web.filter.OncePerRequestFilter.doFilter(OncePerRequestFilter.java:107)
	at org.apache.catalina.core.ApplicationFilterChain.internalDoFilter(ApplicationFilterChain.java:193)
	at org.apache.catalina.core.ApplicationFilterChain.doFilter(ApplicationFilterChain.java:166)
	at org.springframework.web.filter.RequestContextFilter.doFilterInternal(RequestContextFilter.java:99)
	at org.springframework.web.filter.OncePerRequestFilter.doFilter(OncePerRequestFilter.java:107)
	at org.apache.catalina.core.ApplicationFilterChain.internalDoFilter(ApplicationFilterChain.java:193)
	at org.apache.catalina.core.ApplicationFilterChain.doFilter(ApplicationFilterChain.java:166)
	at org.springframework.web.filter.HttpPutFormContentFilter.doFilterInternal(HttpPutFormContentFilter.java:109)
	at org.springframework.web.filter.OncePerRequestFilter.doFilter(OncePerRequestFilter.java:107)
	at org.apache.catalina.core.ApplicationFilterChain.internalDoFilter(ApplicationFilterChain.java:193)
	at org.apache.catalina.core.ApplicationFilterChain.doFilter(ApplicationFilterChain.java:166)
	at org.springframework.web.filter.HiddenHttpMethodFilter.doFilterInternal(HiddenHttpMethodFilter.java:93)
	at org.springframework.web.filter.OncePerRequestFilter.doFilter(OncePerRequestFilter.java:107)
	at org.apache.catalina.core.ApplicationFilterChain.internalDoFilter(ApplicationFilterChain.java:193)
	at org.apache.catalina.core.ApplicationFilterChain.doFilter(ApplicationFilterChain.java:166)
	at org.springframework.session.web.http.SessionRepositoryFilter.doFilterInternal(SessionRepositoryFilter.java:147)
	at org.springframework.session.web.http.OncePerRequestFilter.doFilter(OncePerRequestFilter.java:81)
	at org.apache.catalina.core.ApplicationFilterChain.internalDoFilter(ApplicationFilterChain.java:193)
	at org.apache.catalina.core.ApplicationFilterChain.doFilter(ApplicationFilterChain.java:166)
	at org.springframework.boot.actuate.metrics.web.servlet.WebMvcMetricsFilter.filterAndRecordMetrics(WebMvcMetricsFilter.java:155)
	at org.springframework.boot.actuate.metrics.web.servlet.WebMvcMetricsFilter.filterAndRecordMetrics(WebMvcMetricsFilter.java:123)
	at org.springframework.boot.actuate.metrics.web.servlet.WebMvcMetricsFilter.doFilterInternal(WebMvcMetricsFilter.java:108)
	at org.springframework.web.filter.OncePerRequestFilter.doFilter(OncePerRequestFilter.java:107)
	at org.apache.catalina.core.ApplicationFilterChain.internalDoFilter(ApplicationFilterChain.java:193)
	at org.apache.catalina.core.ApplicationFilterChain.doFilter(ApplicationFilterChain.java:166)
	at org.springframework.web.filter.CharacterEncodingFilter.doFilterInternal(CharacterEncodingFilter.java:200)
	at org.springframework.web.filter.OncePerRequestFilter.doFilter(OncePerRequestFilter.java:107)
	at org.apache.catalina.core.ApplicationFilterChain.internalDoFilter(ApplicationFilterChain.java:193)
	at org.apache.catalina.core.ApplicationFilterChain.doFilter(ApplicationFilterChain.java:166)
	at org.apache.catalina.core.StandardWrapperValve.invoke(StandardWrapperValve.java:198)
	at org.apache.catalina.core.StandardContextValve.invoke(StandardContextValve.java:96)
	at org.apache.catalina.authenticator.AuthenticatorBase.invoke(AuthenticatorBase.java:493)
	at org.apache.catalina.core.StandardHostValve.invoke(StandardHostValve.java:140)
	at org.apache.catalina.valves.ErrorReportValve.invoke(ErrorReportValve.java:81)
	at org.apache.catalina.core.StandardEngineValve.invoke(StandardEngineValve.java:87)
	at org.apache.catalina.connector.CoyoteAdapter.service(CoyoteAdapter.java:342)
	at org.apache.coyote.http11.Http11Processor.service(Http11Processor.java:800)
	at org.apache.coyote.AbstractProcessorLight.process(AbstractProcessorLight.java:66)
	at org.apache.coyote.AbstractProtocol$ConnectionHandler.process(AbstractProtocol.java:800)
	at org.apache.tomcat.util.net.NioEndpoint$SocketProcessor.doRun(NioEndpoint.java:1471)
	at org.apache.tomcat.util.net.SocketProcessorBase.run(SocketProcessorBase.java:49)
	at java.util.concurrent.ThreadPoolExecutor.runWorker(ThreadPoolExecutor.java:1149)
	at java.util.concurrent.ThreadPoolExecutor$Worker.run(ThreadPoolExecutor.java:624)
	at org.apache.tomcat.util.threads.TaskThread$WrappingRunnable.run(TaskThread.java:61)
	at java.lang.Thread.run(Thread.java:748)
2024-12-19 10:56:54.832 [http-nio-8008-exec-8] ERROR c.n.p.c.e.c.ServiceCmdEventPublishing -发布侦听失败，失败原因为：
com.newland.property.utils.exception.ListenerExecuteException: 服务【/shop/queryShopsByAdmin】当前不支持
	at com.newland.property.core.event.cmd.ServiceCmdEventPublishing.multicastEvent(ServiceCmdEventPublishing.java:156)
	at com.newland.property.core.event.cmd.ServiceCmdEventPublishing.multicastEvent(ServiceCmdEventPublishing.java:135)
	at com.newland.property.core.event.cmd.ServiceCmdEventPublishing.multicastEvent(ServiceCmdEventPublishing.java:109)
	at com.newland.property.service.smo.impl.CmdServiceSMOImpl.invokeBusinessSystem(CmdServiceSMOImpl.java:99)
	at com.newland.property.service.smo.impl.CmdServiceSMOImpl.cmd(CmdServiceSMOImpl.java:78)
	at com.newland.property.service.smo.impl.CmdServiceSMOImpl$$FastClassBySpringCGLIB$$f6be9887.invoke(<generated>)
	at org.springframework.cglib.proxy.MethodProxy.invoke(MethodProxy.java:204)
	at org.springframework.aop.framework.CglibAopProxy$CglibMethodInvocation.invokeJoinpoint(CglibAopProxy.java:746)
	at org.springframework.aop.framework.ReflectiveMethodInvocation.proceed(ReflectiveMethodInvocation.java:163)
	at org.springframework.aop.aspectj.MethodInvocationProceedingJoinPoint.proceed(MethodInvocationProceedingJoinPoint.java:88)
	at com.newland.property.core.trace.NewlandPropertyTraceLogAop.around(NewlandPropertyTraceLogAop.java:49)
	at sun.reflect.GeneratedMethodAccessor244.invoke(Unknown Source)
	at sun.reflect.DelegatingMethodAccessorImpl.invoke(DelegatingMethodAccessorImpl.java:43)
	at java.lang.reflect.Method.invoke(Method.java:498)
	at org.springframework.aop.aspectj.AbstractAspectJAdvice.invokeAdviceMethodWithGivenArgs(AbstractAspectJAdvice.java:644)
	at org.springframework.aop.aspectj.AbstractAspectJAdvice.invokeAdviceMethod(AbstractAspectJAdvice.java:633)
	at org.springframework.aop.aspectj.AspectJAroundAdvice.invoke(AspectJAroundAdvice.java:70)
	at org.springframework.aop.framework.ReflectiveMethodInvocation.proceed(ReflectiveMethodInvocation.java:174)
	at org.springframework.aop.interceptor.ExposeInvocationInterceptor.invoke(ExposeInvocationInterceptor.java:92)
	at org.springframework.aop.framework.ReflectiveMethodInvocation.proceed(ReflectiveMethodInvocation.java:185)
	at org.springframework.aop.framework.CglibAopProxy$DynamicAdvisedInterceptor.intercept(CglibAopProxy.java:688)
	at com.newland.property.service.smo.impl.CmdServiceSMOImpl$$EnhancerBySpringCGLIB$$76c0dcc0.cmd(<generated>)
	at com.newland.property.service.api.CmdApi.subServicePost(CmdApi.java:107)
	at com.newland.property.service.api.CmdApi$$FastClassBySpringCGLIB$$885b20b6.invoke(<generated>)
	at org.springframework.cglib.proxy.MethodProxy.invoke(MethodProxy.java:204)
	at org.springframework.aop.framework.CglibAopProxy$CglibMethodInvocation.invokeJoinpoint(CglibAopProxy.java:746)
	at org.springframework.aop.framework.ReflectiveMethodInvocation.proceed(ReflectiveMethodInvocation.java:163)
	at org.springframework.aop.interceptor.ExposeInvocationInterceptor.invoke(ExposeInvocationInterceptor.java:92)
	at org.springframework.aop.framework.ReflectiveMethodInvocation.proceed(ReflectiveMethodInvocation.java:185)
	at org.springframework.aop.framework.CglibAopProxy$DynamicAdvisedInterceptor.intercept(CglibAopProxy.java:688)
	at com.newland.property.service.api.CmdApi$$EnhancerBySpringCGLIB$$be61c333.subServicePost(<generated>)
	at sun.reflect.NativeMethodAccessorImpl.invoke0(Native Method)
	at sun.reflect.NativeMethodAccessorImpl.invoke(NativeMethodAccessorImpl.java:62)
	at sun.reflect.DelegatingMethodAccessorImpl.invoke(DelegatingMethodAccessorImpl.java:43)
	at java.lang.reflect.Method.invoke(Method.java:498)
	at org.springframework.web.method.support.InvocableHandlerMethod.doInvoke(InvocableHandlerMethod.java:209)
	at org.springframework.web.method.support.InvocableHandlerMethod.invokeForRequest(InvocableHandlerMethod.java:136)
	at org.springframework.web.servlet.mvc.method.annotation.ServletInvocableHandlerMethod.invokeAndHandle(ServletInvocableHandlerMethod.java:102)
	at org.springframework.web.servlet.mvc.method.annotation.RequestMappingHandlerAdapter.invokeHandlerMethod(RequestMappingHandlerAdapter.java:877)
	at org.springframework.web.servlet.mvc.method.annotation.RequestMappingHandlerAdapter.handleInternal(RequestMappingHandlerAdapter.java:783)
	at org.springframework.web.servlet.mvc.method.AbstractHandlerMethodAdapter.handle(AbstractHandlerMethodAdapter.java:87)
	at org.springframework.web.servlet.DispatcherServlet.doDispatch(DispatcherServlet.java:991)
	at org.springframework.web.servlet.DispatcherServlet.doService(DispatcherServlet.java:925)
	at org.springframework.web.servlet.FrameworkServlet.processRequest(FrameworkServlet.java:974)
	at org.springframework.web.servlet.FrameworkServlet.doPost(FrameworkServlet.java:877)
	at javax.servlet.http.HttpServlet.service(HttpServlet.java:661)
	at org.springframework.web.servlet.FrameworkServlet.service(FrameworkServlet.java:851)
	at javax.servlet.http.HttpServlet.service(HttpServlet.java:742)
	at org.apache.catalina.core.ApplicationFilterChain.internalDoFilter(ApplicationFilterChain.java:231)
	at org.apache.catalina.core.ApplicationFilterChain.doFilter(ApplicationFilterChain.java:166)
	at org.apache.tomcat.websocket.server.WsFilter.doFilter(WsFilter.java:52)
	at org.apache.catalina.core.ApplicationFilterChain.internalDoFilter(ApplicationFilterChain.java:193)
	at org.apache.catalina.core.ApplicationFilterChain.doFilter(ApplicationFilterChain.java:166)
	at org.springframework.boot.actuate.web.trace.servlet.HttpTraceFilter.doFilterInternal(HttpTraceFilter.java:90)
	at org.springframework.web.filter.OncePerRequestFilter.doFilter(OncePerRequestFilter.java:107)
	at org.apache.catalina.core.ApplicationFilterChain.internalDoFilter(ApplicationFilterChain.java:193)
	at org.apache.catalina.core.ApplicationFilterChain.doFilter(ApplicationFilterChain.java:166)
	at org.springframework.web.filter.RequestContextFilter.doFilterInternal(RequestContextFilter.java:99)
	at org.springframework.web.filter.OncePerRequestFilter.doFilter(OncePerRequestFilter.java:107)
	at org.apache.catalina.core.ApplicationFilterChain.internalDoFilter(ApplicationFilterChain.java:193)
	at org.apache.catalina.core.ApplicationFilterChain.doFilter(ApplicationFilterChain.java:166)
	at org.springframework.web.filter.HttpPutFormContentFilter.doFilterInternal(HttpPutFormContentFilter.java:109)
	at org.springframework.web.filter.OncePerRequestFilter.doFilter(OncePerRequestFilter.java:107)
	at org.apache.catalina.core.ApplicationFilterChain.internalDoFilter(ApplicationFilterChain.java:193)
	at org.apache.catalina.core.ApplicationFilterChain.doFilter(ApplicationFilterChain.java:166)
	at org.springframework.web.filter.HiddenHttpMethodFilter.doFilterInternal(HiddenHttpMethodFilter.java:93)
	at org.springframework.web.filter.OncePerRequestFilter.doFilter(OncePerRequestFilter.java:107)
	at org.apache.catalina.core.ApplicationFilterChain.internalDoFilter(ApplicationFilterChain.java:193)
	at org.apache.catalina.core.ApplicationFilterChain.doFilter(ApplicationFilterChain.java:166)
	at org.springframework.session.web.http.SessionRepositoryFilter.doFilterInternal(SessionRepositoryFilter.java:147)
	at org.springframework.session.web.http.OncePerRequestFilter.doFilter(OncePerRequestFilter.java:81)
	at org.apache.catalina.core.ApplicationFilterChain.internalDoFilter(ApplicationFilterChain.java:193)
	at org.apache.catalina.core.ApplicationFilterChain.doFilter(ApplicationFilterChain.java:166)
	at org.springframework.boot.actuate.metrics.web.servlet.WebMvcMetricsFilter.filterAndRecordMetrics(WebMvcMetricsFilter.java:155)
	at org.springframework.boot.actuate.metrics.web.servlet.WebMvcMetricsFilter.filterAndRecordMetrics(WebMvcMetricsFilter.java:123)
	at org.springframework.boot.actuate.metrics.web.servlet.WebMvcMetricsFilter.doFilterInternal(WebMvcMetricsFilter.java:108)
	at org.springframework.web.filter.OncePerRequestFilter.doFilter(OncePerRequestFilter.java:107)
	at org.apache.catalina.core.ApplicationFilterChain.internalDoFilter(ApplicationFilterChain.java:193)
	at org.apache.catalina.core.ApplicationFilterChain.doFilter(ApplicationFilterChain.java:166)
	at org.springframework.web.filter.CharacterEncodingFilter.doFilterInternal(CharacterEncodingFilter.java:200)
	at org.springframework.web.filter.OncePerRequestFilter.doFilter(OncePerRequestFilter.java:107)
	at org.apache.catalina.core.ApplicationFilterChain.internalDoFilter(ApplicationFilterChain.java:193)
	at org.apache.catalina.core.ApplicationFilterChain.doFilter(ApplicationFilterChain.java:166)
	at org.apache.catalina.core.StandardWrapperValve.invoke(StandardWrapperValve.java:198)
	at org.apache.catalina.core.StandardContextValve.invoke(StandardContextValve.java:96)
	at org.apache.catalina.authenticator.AuthenticatorBase.invoke(AuthenticatorBase.java:493)
	at org.apache.catalina.core.StandardHostValve.invoke(StandardHostValve.java:140)
	at org.apache.catalina.valves.ErrorReportValve.invoke(ErrorReportValve.java:81)
	at org.apache.catalina.core.StandardEngineValve.invoke(StandardEngineValve.java:87)
	at org.apache.catalina.connector.CoyoteAdapter.service(CoyoteAdapter.java:342)
	at org.apache.coyote.http11.Http11Processor.service(Http11Processor.java:800)
	at org.apache.coyote.AbstractProcessorLight.process(AbstractProcessorLight.java:66)
	at org.apache.coyote.AbstractProtocol$ConnectionHandler.process(AbstractProtocol.java:800)
	at org.apache.tomcat.util.net.NioEndpoint$SocketProcessor.doRun(NioEndpoint.java:1471)
	at org.apache.tomcat.util.net.SocketProcessorBase.run(SocketProcessorBase.java:49)
	at java.util.concurrent.ThreadPoolExecutor.runWorker(ThreadPoolExecutor.java:1149)
	at java.util.concurrent.ThreadPoolExecutor$Worker.run(ThreadPoolExecutor.java:624)
	at org.apache.tomcat.util.threads.TaskThread$WrappingRunnable.run(TaskThread.java:61)
	at java.lang.Thread.run(Thread.java:748)
2024-12-19 10:56:54.833 [http-nio-8008-exec-8] ERROR c.n.property.service.api.CmdApi -请求post 方法[queryShopsByAdmin]失败：{"loginUserId":"30518939884421922816","page":"1","row":"100","storeId":"400000000000000001","userId":"30518939884421922816"}
com.newland.property.utils.exception.ListenerExecuteException: 服务【/shop/queryShopsByAdmin】当前不支持
	at com.newland.property.core.event.cmd.ServiceCmdEventPublishing.multicastEvent(ServiceCmdEventPublishing.java:156)
	at com.newland.property.core.event.cmd.ServiceCmdEventPublishing.multicastEvent(ServiceCmdEventPublishing.java:135)
	at com.newland.property.core.event.cmd.ServiceCmdEventPublishing.multicastEvent(ServiceCmdEventPublishing.java:109)
	at com.newland.property.service.smo.impl.CmdServiceSMOImpl.invokeBusinessSystem(CmdServiceSMOImpl.java:99)
	at com.newland.property.service.smo.impl.CmdServiceSMOImpl.cmd(CmdServiceSMOImpl.java:78)
	at com.newland.property.service.smo.impl.CmdServiceSMOImpl$$FastClassBySpringCGLIB$$f6be9887.invoke(<generated>)
	at org.springframework.cglib.proxy.MethodProxy.invoke(MethodProxy.java:204)
	at org.springframework.aop.framework.CglibAopProxy$CglibMethodInvocation.invokeJoinpoint(CglibAopProxy.java:746)
	at org.springframework.aop.framework.ReflectiveMethodInvocation.proceed(ReflectiveMethodInvocation.java:163)
	at org.springframework.aop.aspectj.MethodInvocationProceedingJoinPoint.proceed(MethodInvocationProceedingJoinPoint.java:88)
	at com.newland.property.core.trace.NewlandPropertyTraceLogAop.around(NewlandPropertyTraceLogAop.java:49)
	at sun.reflect.GeneratedMethodAccessor244.invoke(Unknown Source)
	at sun.reflect.DelegatingMethodAccessorImpl.invoke(DelegatingMethodAccessorImpl.java:43)
	at java.lang.reflect.Method.invoke(Method.java:498)
	at org.springframework.aop.aspectj.AbstractAspectJAdvice.invokeAdviceMethodWithGivenArgs(AbstractAspectJAdvice.java:644)
	at org.springframework.aop.aspectj.AbstractAspectJAdvice.invokeAdviceMethod(AbstractAspectJAdvice.java:633)
	at org.springframework.aop.aspectj.AspectJAroundAdvice.invoke(AspectJAroundAdvice.java:70)
	at org.springframework.aop.framework.ReflectiveMethodInvocation.proceed(ReflectiveMethodInvocation.java:174)
	at org.springframework.aop.interceptor.ExposeInvocationInterceptor.invoke(ExposeInvocationInterceptor.java:92)
	at org.springframework.aop.framework.ReflectiveMethodInvocation.proceed(ReflectiveMethodInvocation.java:185)
	at org.springframework.aop.framework.CglibAopProxy$DynamicAdvisedInterceptor.intercept(CglibAopProxy.java:688)
	at com.newland.property.service.smo.impl.CmdServiceSMOImpl$$EnhancerBySpringCGLIB$$76c0dcc0.cmd(<generated>)
	at com.newland.property.service.api.CmdApi.subServicePost(CmdApi.java:107)
	at com.newland.property.service.api.CmdApi$$FastClassBySpringCGLIB$$885b20b6.invoke(<generated>)
	at org.springframework.cglib.proxy.MethodProxy.invoke(MethodProxy.java:204)
	at org.springframework.aop.framework.CglibAopProxy$CglibMethodInvocation.invokeJoinpoint(CglibAopProxy.java:746)
	at org.springframework.aop.framework.ReflectiveMethodInvocation.proceed(ReflectiveMethodInvocation.java:163)
	at org.springframework.aop.interceptor.ExposeInvocationInterceptor.invoke(ExposeInvocationInterceptor.java:92)
	at org.springframework.aop.framework.ReflectiveMethodInvocation.proceed(ReflectiveMethodInvocation.java:185)
	at org.springframework.aop.framework.CglibAopProxy$DynamicAdvisedInterceptor.intercept(CglibAopProxy.java:688)
	at com.newland.property.service.api.CmdApi$$EnhancerBySpringCGLIB$$be61c333.subServicePost(<generated>)
	at sun.reflect.NativeMethodAccessorImpl.invoke0(Native Method)
	at sun.reflect.NativeMethodAccessorImpl.invoke(NativeMethodAccessorImpl.java:62)
	at sun.reflect.DelegatingMethodAccessorImpl.invoke(DelegatingMethodAccessorImpl.java:43)
	at java.lang.reflect.Method.invoke(Method.java:498)
	at org.springframework.web.method.support.InvocableHandlerMethod.doInvoke(InvocableHandlerMethod.java:209)
	at org.springframework.web.method.support.InvocableHandlerMethod.invokeForRequest(InvocableHandlerMethod.java:136)
	at org.springframework.web.servlet.mvc.method.annotation.ServletInvocableHandlerMethod.invokeAndHandle(ServletInvocableHandlerMethod.java:102)
	at org.springframework.web.servlet.mvc.method.annotation.RequestMappingHandlerAdapter.invokeHandlerMethod(RequestMappingHandlerAdapter.java:877)
	at org.springframework.web.servlet.mvc.method.annotation.RequestMappingHandlerAdapter.handleInternal(RequestMappingHandlerAdapter.java:783)
	at org.springframework.web.servlet.mvc.method.AbstractHandlerMethodAdapter.handle(AbstractHandlerMethodAdapter.java:87)
	at org.springframework.web.servlet.DispatcherServlet.doDispatch(DispatcherServlet.java:991)
	at org.springframework.web.servlet.DispatcherServlet.doService(DispatcherServlet.java:925)
	at org.springframework.web.servlet.FrameworkServlet.processRequest(FrameworkServlet.java:974)
	at org.springframework.web.servlet.FrameworkServlet.doPost(FrameworkServlet.java:877)
	at javax.servlet.http.HttpServlet.service(HttpServlet.java:661)
	at org.springframework.web.servlet.FrameworkServlet.service(FrameworkServlet.java:851)
	at javax.servlet.http.HttpServlet.service(HttpServlet.java:742)
	at org.apache.catalina.core.ApplicationFilterChain.internalDoFilter(ApplicationFilterChain.java:231)
	at org.apache.catalina.core.ApplicationFilterChain.doFilter(ApplicationFilterChain.java:166)
	at org.apache.tomcat.websocket.server.WsFilter.doFilter(WsFilter.java:52)
	at org.apache.catalina.core.ApplicationFilterChain.internalDoFilter(ApplicationFilterChain.java:193)
	at org.apache.catalina.core.ApplicationFilterChain.doFilter(ApplicationFilterChain.java:166)
	at org.springframework.boot.actuate.web.trace.servlet.HttpTraceFilter.doFilterInternal(HttpTraceFilter.java:90)
	at org.springframework.web.filter.OncePerRequestFilter.doFilter(OncePerRequestFilter.java:107)
	at org.apache.catalina.core.ApplicationFilterChain.internalDoFilter(ApplicationFilterChain.java:193)
	at org.apache.catalina.core.ApplicationFilterChain.doFilter(ApplicationFilterChain.java:166)
	at org.springframework.web.filter.RequestContextFilter.doFilterInternal(RequestContextFilter.java:99)
	at org.springframework.web.filter.OncePerRequestFilter.doFilter(OncePerRequestFilter.java:107)
	at org.apache.catalina.core.ApplicationFilterChain.internalDoFilter(ApplicationFilterChain.java:193)
	at org.apache.catalina.core.ApplicationFilterChain.doFilter(ApplicationFilterChain.java:166)
	at org.springframework.web.filter.HttpPutFormContentFilter.doFilterInternal(HttpPutFormContentFilter.java:109)
	at org.springframework.web.filter.OncePerRequestFilter.doFilter(OncePerRequestFilter.java:107)
	at org.apache.catalina.core.ApplicationFilterChain.internalDoFilter(ApplicationFilterChain.java:193)
	at org.apache.catalina.core.ApplicationFilterChain.doFilter(ApplicationFilterChain.java:166)
	at org.springframework.web.filter.HiddenHttpMethodFilter.doFilterInternal(HiddenHttpMethodFilter.java:93)
	at org.springframework.web.filter.OncePerRequestFilter.doFilter(OncePerRequestFilter.java:107)
	at org.apache.catalina.core.ApplicationFilterChain.internalDoFilter(ApplicationFilterChain.java:193)
	at org.apache.catalina.core.ApplicationFilterChain.doFilter(ApplicationFilterChain.java:166)
	at org.springframework.session.web.http.SessionRepositoryFilter.doFilterInternal(SessionRepositoryFilter.java:147)
	at org.springframework.session.web.http.OncePerRequestFilter.doFilter(OncePerRequestFilter.java:81)
	at org.apache.catalina.core.ApplicationFilterChain.internalDoFilter(ApplicationFilterChain.java:193)
	at org.apache.catalina.core.ApplicationFilterChain.doFilter(ApplicationFilterChain.java:166)
	at org.springframework.boot.actuate.metrics.web.servlet.WebMvcMetricsFilter.filterAndRecordMetrics(WebMvcMetricsFilter.java:155)
	at org.springframework.boot.actuate.metrics.web.servlet.WebMvcMetricsFilter.filterAndRecordMetrics(WebMvcMetricsFilter.java:123)
	at org.springframework.boot.actuate.metrics.web.servlet.WebMvcMetricsFilter.doFilterInternal(WebMvcMetricsFilter.java:108)
	at org.springframework.web.filter.OncePerRequestFilter.doFilter(OncePerRequestFilter.java:107)
	at org.apache.catalina.core.ApplicationFilterChain.internalDoFilter(ApplicationFilterChain.java:193)
	at org.apache.catalina.core.ApplicationFilterChain.doFilter(ApplicationFilterChain.java:166)
	at org.springframework.web.filter.CharacterEncodingFilter.doFilterInternal(CharacterEncodingFilter.java:200)
	at org.springframework.web.filter.OncePerRequestFilter.doFilter(OncePerRequestFilter.java:107)
	at org.apache.catalina.core.ApplicationFilterChain.internalDoFilter(ApplicationFilterChain.java:193)
	at org.apache.catalina.core.ApplicationFilterChain.doFilter(ApplicationFilterChain.java:166)
	at org.apache.catalina.core.StandardWrapperValve.invoke(StandardWrapperValve.java:198)
	at org.apache.catalina.core.StandardContextValve.invoke(StandardContextValve.java:96)
	at org.apache.catalina.authenticator.AuthenticatorBase.invoke(AuthenticatorBase.java:493)
	at org.apache.catalina.core.StandardHostValve.invoke(StandardHostValve.java:140)
	at org.apache.catalina.valves.ErrorReportValve.invoke(ErrorReportValve.java:81)
	at org.apache.catalina.core.StandardEngineValve.invoke(StandardEngineValve.java:87)
	at org.apache.catalina.connector.CoyoteAdapter.service(CoyoteAdapter.java:342)
	at org.apache.coyote.http11.Http11Processor.service(Http11Processor.java:800)
	at org.apache.coyote.AbstractProcessorLight.process(AbstractProcessorLight.java:66)
	at org.apache.coyote.AbstractProtocol$ConnectionHandler.process(AbstractProtocol.java:800)
	at org.apache.tomcat.util.net.NioEndpoint$SocketProcessor.doRun(NioEndpoint.java:1471)
	at org.apache.tomcat.util.net.SocketProcessorBase.run(SocketProcessorBase.java:49)
	at java.util.concurrent.ThreadPoolExecutor.runWorker(ThreadPoolExecutor.java:1149)
	at java.util.concurrent.ThreadPoolExecutor$Worker.run(ThreadPoolExecutor.java:624)
	at org.apache.tomcat.util.threads.TaskThread$WrappingRunnable.run(TaskThread.java:61)
	at java.lang.Thread.run(Thread.java:748)
2024-12-19 10:56:54.864 [http-nio-8008-exec-9] ERROR c.n.p.b.smo.impl.ApiServiceSMOImpl -请求下游服务【http://127.0.0.1:8008/cmd/shop/queryShopsByAdmin?page=1&row=100】异常，参数为<{"loginUserId":"30518939884421922816","page":"1","row":"100","storeId":"400000000000000001","userId":"30518939884421922816"},{referer=[http://127.0.0.1:3000/], content-length=[0], hostName=[localhost], req-time=[20241219105654], sec-fetch-site=[same-origin], sign=[], iss=[newland], REQUEST_URL=[http://127.0.0.1:3000/app/shop/queryShopsByAdmin?page=1&row=100], transaction-id=[5aa93c14-0cf5-46ca-b456-c0d3c4992cb4], sec-ch-ua-mobile=[?0], host=[127.0.0.1:3000], connection=[close], SERVICE=[/shop/queryShopsByAdmin], app_id=[8000418004], jti=[43d1c1023f184990a275556c581c9dcd], login-user-id=[30518939884421922816], store-id=[400000000000000001], property-lang=[cn], RESOURCE=[shop], sec-fetch-mode=[cors], transaction_id=[5aa93c14-0cf5-46ca-b456-c0d3c4992cb4], app-id=[8000418004], accept-language=[zh-CN,zh;q=0.9], cookie=[SESSION=NDQxYTAwZDgtYzc2Ny00NTI0LTlmY2ItZTA2ZTI5NjYzNWZl; Hm_lvt_adedae9bc250561cc17e96dc1fb46079=1734576997; HMACCOUNT=82B94E3E619AAE11; _newland_property_token_=eyJ0eXAiOiJKV1QiLCJhbGciOiJIUzI1NiJ9.eyJpc3MiOiJuZXdsYW5kIiwidXNlck5hbWUiOiJhZG1pbiIsImp0aSI6IjQzZDFjMTAyM2YxODQ5OTBhMjc1NTU2YzU4MWM5ZGNkIn0.EIo-HwlpLucdDHXYmFSVtwsZkbPk_fqOlTefnvPJ8AE; Hm_lpvt_adedae9bc250561cc17e96dc1fb46079=1734577010], IP=[127.0.0.1], user-id=[30518939884421922816], userName=[-], version=[v1.7], userId=[30518939884421922816], req_time=[20241219105654], accept=[application/json, text/plain, */*], accept-charset=[utf-8], sec-ch-ua=["Google Chrome";v="131", "Chromium";v="131", "Not_A Brand";v="24"], ACTION=[queryShopsByAdmin], port=[8008], user_id=[30518939884421922816], sec-ch-ua-platform=["macOS"], x-requested-with=[XMLHttpRequest], METHOD=[GET], accept-encoding=[gzip, deflate, br, zstd], user-agent=[Mozilla/5.0 (Macintosh; Intel Mac OS X 10_15_7) AppleWebKit/537.36 (KHTML, like Gecko) Chrome/131.0.0.0 Safari/537.36], sec-fetch-dest=[empty]}>请求发生异常，服务【/shop/queryShopsByAdmin】当前不支持
org.springframework.web.client.HttpServerErrorException: 500 
	at org.springframework.web.client.DefaultResponseErrorHandler.handleError(DefaultResponseErrorHandler.java:97)
	at org.springframework.web.client.DefaultResponseErrorHandler.handleError(DefaultResponseErrorHandler.java:79)
	at org.springframework.web.client.ResponseErrorHandler.handleError(ResponseErrorHandler.java:63)
	at org.springframework.web.client.RestTemplate.handleResponse(RestTemplate.java:766)
	at org.springframework.web.client.RestTemplate.doExecute(RestTemplate.java:724)
	at org.springframework.web.client.RestTemplate.execute(RestTemplate.java:680)
	at org.springframework.web.client.RestTemplate.exchange(RestTemplate.java:600)
	at com.newland.property.core.client.RestTemplate.exchange(RestTemplate.java:39)
	at com.newland.property.core.client.OutRestTemplate.exchange(OutRestTemplate.java:54)
	at com.newland.property.boot.smo.impl.ApiServiceSMOImpl.dealCmd(ApiServiceSMOImpl.java:598)
	at com.newland.property.boot.smo.impl.ApiServiceSMOImpl.invokeBusinessSystem(ApiServiceSMOImpl.java:406)
	at com.newland.property.boot.smo.impl.ApiServiceSMOImpl.service(ApiServiceSMOImpl.java:103)
	at com.newland.property.boot.smo.impl.ApiServiceSMOImpl$$FastClassBySpringCGLIB$$a08c9dd8.invoke(<generated>)
	at org.springframework.cglib.proxy.MethodProxy.invoke(MethodProxy.java:204)
	at org.springframework.aop.framework.CglibAopProxy$CglibMethodInvocation.invokeJoinpoint(CglibAopProxy.java:746)
	at org.springframework.aop.framework.ReflectiveMethodInvocation.proceed(ReflectiveMethodInvocation.java:163)
	at org.springframework.aop.aspectj.MethodInvocationProceedingJoinPoint.proceed(MethodInvocationProceedingJoinPoint.java:88)
	at com.newland.property.core.trace.NewlandPropertyTraceLogAop.around(NewlandPropertyTraceLogAop.java:49)
	at sun.reflect.GeneratedMethodAccessor244.invoke(Unknown Source)
	at sun.reflect.DelegatingMethodAccessorImpl.invoke(DelegatingMethodAccessorImpl.java:43)
	at java.lang.reflect.Method.invoke(Method.java:498)
	at org.springframework.aop.aspectj.AbstractAspectJAdvice.invokeAdviceMethodWithGivenArgs(AbstractAspectJAdvice.java:644)
	at org.springframework.aop.aspectj.AbstractAspectJAdvice.invokeAdviceMethod(AbstractAspectJAdvice.java:633)
	at org.springframework.aop.aspectj.AspectJAroundAdvice.invoke(AspectJAroundAdvice.java:70)
	at org.springframework.aop.framework.ReflectiveMethodInvocation.proceed(ReflectiveMethodInvocation.java:174)
	at org.springframework.aop.interceptor.ExposeInvocationInterceptor.invoke(ExposeInvocationInterceptor.java:92)
	at org.springframework.aop.framework.ReflectiveMethodInvocation.proceed(ReflectiveMethodInvocation.java:185)
	at org.springframework.aop.framework.CglibAopProxy$DynamicAdvisedInterceptor.intercept(CglibAopProxy.java:688)
	at com.newland.property.boot.smo.impl.ApiServiceSMOImpl$$EnhancerBySpringCGLIB$$42cc4753.service(<generated>)
	at com.newland.property.boot.smo.api.impl.ApiSMOImpl.doApi(ApiSMOImpl.java:116)
	at com.newland.property.boot.controller.app.AppController.subServiceGet(AppController.java:182)
	at com.newland.property.boot.controller.app.AppController$$FastClassBySpringCGLIB$$6216bd11.invoke(<generated>)
	at org.springframework.cglib.proxy.MethodProxy.invoke(MethodProxy.java:204)
	at org.springframework.aop.framework.CglibAopProxy$CglibMethodInvocation.invokeJoinpoint(CglibAopProxy.java:746)
	at org.springframework.aop.framework.ReflectiveMethodInvocation.proceed(ReflectiveMethodInvocation.java:163)
	at org.springframework.aop.framework.adapter.MethodBeforeAdviceInterceptor.invoke(MethodBeforeAdviceInterceptor.java:56)
	at org.springframework.aop.framework.ReflectiveMethodInvocation.proceed(ReflectiveMethodInvocation.java:185)
	at org.springframework.aop.aspectj.MethodInvocationProceedingJoinPoint.proceed(MethodInvocationProceedingJoinPoint.java:88)
	at com.newland.property.boot.aop.PageProcessAspect.around(PageProcessAspect.java:180)
	at sun.reflect.GeneratedMethodAccessor273.invoke(Unknown Source)
	at sun.reflect.DelegatingMethodAccessorImpl.invoke(DelegatingMethodAccessorImpl.java:43)
	at java.lang.reflect.Method.invoke(Method.java:498)
	at org.springframework.aop.aspectj.AbstractAspectJAdvice.invokeAdviceMethodWithGivenArgs(AbstractAspectJAdvice.java:644)
	at org.springframework.aop.aspectj.AbstractAspectJAdvice.invokeAdviceMethod(AbstractAspectJAdvice.java:633)
	at org.springframework.aop.aspectj.AspectJAroundAdvice.invoke(AspectJAroundAdvice.java:70)
	at org.springframework.aop.framework.ReflectiveMethodInvocation.proceed(ReflectiveMethodInvocation.java:185)
	at org.springframework.aop.aspectj.AspectJAfterAdvice.invoke(AspectJAfterAdvice.java:47)
	at org.springframework.aop.framework.ReflectiveMethodInvocation.proceed(ReflectiveMethodInvocation.java:185)
	at org.springframework.aop.framework.adapter.AfterReturningAdviceInterceptor.invoke(AfterReturningAdviceInterceptor.java:55)
	at org.springframework.aop.framework.ReflectiveMethodInvocation.proceed(ReflectiveMethodInvocation.java:185)
	at org.springframework.aop.aspectj.AspectJAfterThrowingAdvice.invoke(AspectJAfterThrowingAdvice.java:62)
	at org.springframework.aop.framework.ReflectiveMethodInvocation.proceed(ReflectiveMethodInvocation.java:185)
	at org.springframework.aop.aspectj.MethodInvocationProceedingJoinPoint.proceed(MethodInvocationProceedingJoinPoint.java:88)
	at com.newland.property.core.language.NewlandPropertyLangAop.around(NewlandPropertyLangAop.java:41)
	at sun.reflect.GeneratedMethodAccessor272.invoke(Unknown Source)
	at sun.reflect.DelegatingMethodAccessorImpl.invoke(DelegatingMethodAccessorImpl.java:43)
	at java.lang.reflect.Method.invoke(Method.java:498)
	at org.springframework.aop.aspectj.AbstractAspectJAdvice.invokeAdviceMethodWithGivenArgs(AbstractAspectJAdvice.java:644)
	at org.springframework.aop.aspectj.AbstractAspectJAdvice.invokeAdviceMethod(AbstractAspectJAdvice.java:633)
	at org.springframework.aop.aspectj.AspectJAroundAdvice.invoke(AspectJAroundAdvice.java:70)
	at org.springframework.aop.framework.ReflectiveMethodInvocation.proceed(ReflectiveMethodInvocation.java:174)
	at org.springframework.aop.interceptor.ExposeInvocationInterceptor.invoke(ExposeInvocationInterceptor.java:92)
	at org.springframework.aop.framework.ReflectiveMethodInvocation.proceed(ReflectiveMethodInvocation.java:185)
	at org.springframework.aop.framework.CglibAopProxy$DynamicAdvisedInterceptor.intercept(CglibAopProxy.java:688)
	at com.newland.property.boot.controller.app.AppController$$EnhancerBySpringCGLIB$$e75abd54.subServiceGet(<generated>)
	at sun.reflect.NativeMethodAccessorImpl.invoke0(Native Method)
	at sun.reflect.NativeMethodAccessorImpl.invoke(NativeMethodAccessorImpl.java:62)
	at sun.reflect.DelegatingMethodAccessorImpl.invoke(DelegatingMethodAccessorImpl.java:43)
	at java.lang.reflect.Method.invoke(Method.java:498)
	at org.springframework.web.method.support.InvocableHandlerMethod.doInvoke(InvocableHandlerMethod.java:209)
	at org.springframework.web.method.support.InvocableHandlerMethod.invokeForRequest(InvocableHandlerMethod.java:136)
	at org.springframework.web.servlet.mvc.method.annotation.ServletInvocableHandlerMethod.invokeAndHandle(ServletInvocableHandlerMethod.java:102)
	at org.springframework.web.servlet.mvc.method.annotation.RequestMappingHandlerAdapter.invokeHandlerMethod(RequestMappingHandlerAdapter.java:877)
	at org.springframework.web.servlet.mvc.method.annotation.RequestMappingHandlerAdapter.handleInternal(RequestMappingHandlerAdapter.java:783)
	at org.springframework.web.servlet.mvc.method.AbstractHandlerMethodAdapter.handle(AbstractHandlerMethodAdapter.java:87)
	at org.springframework.web.servlet.DispatcherServlet.doDispatch(DispatcherServlet.java:991)
	at org.springframework.web.servlet.DispatcherServlet.doService(DispatcherServlet.java:925)
	at org.springframework.web.servlet.FrameworkServlet.processRequest(FrameworkServlet.java:974)
	at org.springframework.web.servlet.FrameworkServlet.doGet(FrameworkServlet.java:866)
	at javax.servlet.http.HttpServlet.service(HttpServlet.java:635)
	at org.springframework.web.servlet.FrameworkServlet.service(FrameworkServlet.java:851)
	at javax.servlet.http.HttpServlet.service(HttpServlet.java:742)
	at org.apache.catalina.core.ApplicationFilterChain.internalDoFilter(ApplicationFilterChain.java:231)
	at org.apache.catalina.core.ApplicationFilterChain.doFilter(ApplicationFilterChain.java:166)
	at org.apache.tomcat.websocket.server.WsFilter.doFilter(WsFilter.java:52)
	at org.apache.catalina.core.ApplicationFilterChain.internalDoFilter(ApplicationFilterChain.java:193)
	at org.apache.catalina.core.ApplicationFilterChain.doFilter(ApplicationFilterChain.java:166)
	at com.newland.property.boot.filter.JwtFilter.doFilter(JwtFilter.java:76)
	at org.apache.catalina.core.ApplicationFilterChain.internalDoFilter(ApplicationFilterChain.java:193)
	at org.apache.catalina.core.ApplicationFilterChain.doFilter(ApplicationFilterChain.java:166)
	at org.springframework.boot.actuate.web.trace.servlet.HttpTraceFilter.doFilterInternal(HttpTraceFilter.java:90)
	at org.springframework.web.filter.OncePerRequestFilter.doFilter(OncePerRequestFilter.java:107)
	at org.apache.catalina.core.ApplicationFilterChain.internalDoFilter(ApplicationFilterChain.java:193)
	at org.apache.catalina.core.ApplicationFilterChain.doFilter(ApplicationFilterChain.java:166)
	at org.springframework.web.filter.RequestContextFilter.doFilterInternal(RequestContextFilter.java:99)
	at org.springframework.web.filter.OncePerRequestFilter.doFilter(OncePerRequestFilter.java:107)
	at org.apache.catalina.core.ApplicationFilterChain.internalDoFilter(ApplicationFilterChain.java:193)
	at org.apache.catalina.core.ApplicationFilterChain.doFilter(ApplicationFilterChain.java:166)
	at org.springframework.web.filter.HttpPutFormContentFilter.doFilterInternal(HttpPutFormContentFilter.java:109)
	at org.springframework.web.filter.OncePerRequestFilter.doFilter(OncePerRequestFilter.java:107)
	at org.apache.catalina.core.ApplicationFilterChain.internalDoFilter(ApplicationFilterChain.java:193)
	at org.apache.catalina.core.ApplicationFilterChain.doFilter(ApplicationFilterChain.java:166)
	at org.springframework.web.filter.HiddenHttpMethodFilter.doFilterInternal(HiddenHttpMethodFilter.java:93)
	at org.springframework.web.filter.OncePerRequestFilter.doFilter(OncePerRequestFilter.java:107)
	at org.apache.catalina.core.ApplicationFilterChain.internalDoFilter(ApplicationFilterChain.java:193)
	at org.apache.catalina.core.ApplicationFilterChain.doFilter(ApplicationFilterChain.java:166)
	at org.springframework.session.web.http.SessionRepositoryFilter.doFilterInternal(SessionRepositoryFilter.java:147)
	at org.springframework.session.web.http.OncePerRequestFilter.doFilter(OncePerRequestFilter.java:81)
	at org.apache.catalina.core.ApplicationFilterChain.internalDoFilter(ApplicationFilterChain.java:193)
	at org.apache.catalina.core.ApplicationFilterChain.doFilter(ApplicationFilterChain.java:166)
	at org.springframework.boot.actuate.metrics.web.servlet.WebMvcMetricsFilter.filterAndRecordMetrics(WebMvcMetricsFilter.java:155)
	at org.springframework.boot.actuate.metrics.web.servlet.WebMvcMetricsFilter.filterAndRecordMetrics(WebMvcMetricsFilter.java:123)
	at org.springframework.boot.actuate.metrics.web.servlet.WebMvcMetricsFilter.doFilterInternal(WebMvcMetricsFilter.java:108)
	at org.springframework.web.filter.OncePerRequestFilter.doFilter(OncePerRequestFilter.java:107)
	at org.apache.catalina.core.ApplicationFilterChain.internalDoFilter(ApplicationFilterChain.java:193)
	at org.apache.catalina.core.ApplicationFilterChain.doFilter(ApplicationFilterChain.java:166)
	at org.springframework.web.filter.CharacterEncodingFilter.doFilterInternal(CharacterEncodingFilter.java:200)
	at org.springframework.web.filter.OncePerRequestFilter.doFilter(OncePerRequestFilter.java:107)
	at org.apache.catalina.core.ApplicationFilterChain.internalDoFilter(ApplicationFilterChain.java:193)
	at org.apache.catalina.core.ApplicationFilterChain.doFilter(ApplicationFilterChain.java:166)
	at org.apache.catalina.core.StandardWrapperValve.invoke(StandardWrapperValve.java:198)
	at org.apache.catalina.core.StandardContextValve.invoke(StandardContextValve.java:96)
	at org.apache.catalina.authenticator.AuthenticatorBase.invoke(AuthenticatorBase.java:493)
	at org.apache.catalina.core.StandardHostValve.invoke(StandardHostValve.java:140)
	at org.apache.catalina.valves.ErrorReportValve.invoke(ErrorReportValve.java:81)
	at org.apache.catalina.core.StandardEngineValve.invoke(StandardEngineValve.java:87)
	at org.apache.catalina.connector.CoyoteAdapter.service(CoyoteAdapter.java:342)
	at org.apache.coyote.http11.Http11Processor.service(Http11Processor.java:800)
	at org.apache.coyote.AbstractProcessorLight.process(AbstractProcessorLight.java:66)
	at org.apache.coyote.AbstractProtocol$ConnectionHandler.process(AbstractProtocol.java:800)
	at org.apache.tomcat.util.net.NioEndpoint$SocketProcessor.doRun(NioEndpoint.java:1471)
	at org.apache.tomcat.util.net.SocketProcessorBase.run(SocketProcessorBase.java:49)
	at java.util.concurrent.ThreadPoolExecutor.runWorker(ThreadPoolExecutor.java:1149)
	at java.util.concurrent.ThreadPoolExecutor$Worker.run(ThreadPoolExecutor.java:624)
	at org.apache.tomcat.util.threads.TaskThread$WrappingRunnable.run(TaskThread.java:61)
	at java.lang.Thread.run(Thread.java:748)
2024-12-19 10:56:54.953 [http-nio-8008-exec-7] ERROR c.n.p.c.t.NewlandPropertyRestTemplateInterceptor -进入拦截器{"loginUserId":"30518939884421922816","page":"1","row":"100","storeId":"400000000000000001","userId":"30518939884421922816"}
2024-12-19 10:56:54.997 [http-nio-8008-exec-5] ERROR c.n.p.c.e.c.ServiceCmdEventPublishing -发布侦听失败，失败原因为：
com.newland.property.utils.exception.ListenerExecuteException: 服务【/shop/queryShopsByAdmin】当前不支持
	at com.newland.property.core.event.cmd.ServiceCmdEventPublishing.multicastEvent(ServiceCmdEventPublishing.java:156)
	at com.newland.property.core.event.cmd.ServiceCmdEventPublishing.multicastEvent(ServiceCmdEventPublishing.java:135)
	at com.newland.property.core.event.cmd.ServiceCmdEventPublishing.multicastEvent(ServiceCmdEventPublishing.java:109)
	at com.newland.property.service.smo.impl.CmdServiceSMOImpl.invokeBusinessSystem(CmdServiceSMOImpl.java:99)
	at com.newland.property.service.smo.impl.CmdServiceSMOImpl.cmd(CmdServiceSMOImpl.java:78)
	at com.newland.property.service.smo.impl.CmdServiceSMOImpl$$FastClassBySpringCGLIB$$f6be9887.invoke(<generated>)
	at org.springframework.cglib.proxy.MethodProxy.invoke(MethodProxy.java:204)
	at org.springframework.aop.framework.CglibAopProxy$CglibMethodInvocation.invokeJoinpoint(CglibAopProxy.java:746)
	at org.springframework.aop.framework.ReflectiveMethodInvocation.proceed(ReflectiveMethodInvocation.java:163)
	at org.springframework.aop.aspectj.MethodInvocationProceedingJoinPoint.proceed(MethodInvocationProceedingJoinPoint.java:88)
	at com.newland.property.core.trace.NewlandPropertyTraceLogAop.around(NewlandPropertyTraceLogAop.java:49)
	at sun.reflect.GeneratedMethodAccessor244.invoke(Unknown Source)
	at sun.reflect.DelegatingMethodAccessorImpl.invoke(DelegatingMethodAccessorImpl.java:43)
	at java.lang.reflect.Method.invoke(Method.java:498)
	at org.springframework.aop.aspectj.AbstractAspectJAdvice.invokeAdviceMethodWithGivenArgs(AbstractAspectJAdvice.java:644)
	at org.springframework.aop.aspectj.AbstractAspectJAdvice.invokeAdviceMethod(AbstractAspectJAdvice.java:633)
	at org.springframework.aop.aspectj.AspectJAroundAdvice.invoke(AspectJAroundAdvice.java:70)
	at org.springframework.aop.framework.ReflectiveMethodInvocation.proceed(ReflectiveMethodInvocation.java:174)
	at org.springframework.aop.interceptor.ExposeInvocationInterceptor.invoke(ExposeInvocationInterceptor.java:92)
	at org.springframework.aop.framework.ReflectiveMethodInvocation.proceed(ReflectiveMethodInvocation.java:185)
	at org.springframework.aop.framework.CglibAopProxy$DynamicAdvisedInterceptor.intercept(CglibAopProxy.java:688)
	at com.newland.property.service.smo.impl.CmdServiceSMOImpl$$EnhancerBySpringCGLIB$$76c0dcc0.cmd(<generated>)
	at com.newland.property.service.api.CmdApi.subServicePost(CmdApi.java:107)
	at com.newland.property.service.api.CmdApi$$FastClassBySpringCGLIB$$885b20b6.invoke(<generated>)
	at org.springframework.cglib.proxy.MethodProxy.invoke(MethodProxy.java:204)
	at org.springframework.aop.framework.CglibAopProxy$CglibMethodInvocation.invokeJoinpoint(CglibAopProxy.java:746)
	at org.springframework.aop.framework.ReflectiveMethodInvocation.proceed(ReflectiveMethodInvocation.java:163)
	at org.springframework.aop.interceptor.ExposeInvocationInterceptor.invoke(ExposeInvocationInterceptor.java:92)
	at org.springframework.aop.framework.ReflectiveMethodInvocation.proceed(ReflectiveMethodInvocation.java:185)
	at org.springframework.aop.framework.CglibAopProxy$DynamicAdvisedInterceptor.intercept(CglibAopProxy.java:688)
	at com.newland.property.service.api.CmdApi$$EnhancerBySpringCGLIB$$be61c333.subServicePost(<generated>)
	at sun.reflect.NativeMethodAccessorImpl.invoke0(Native Method)
	at sun.reflect.NativeMethodAccessorImpl.invoke(NativeMethodAccessorImpl.java:62)
	at sun.reflect.DelegatingMethodAccessorImpl.invoke(DelegatingMethodAccessorImpl.java:43)
	at java.lang.reflect.Method.invoke(Method.java:498)
	at org.springframework.web.method.support.InvocableHandlerMethod.doInvoke(InvocableHandlerMethod.java:209)
	at org.springframework.web.method.support.InvocableHandlerMethod.invokeForRequest(InvocableHandlerMethod.java:136)
	at org.springframework.web.servlet.mvc.method.annotation.ServletInvocableHandlerMethod.invokeAndHandle(ServletInvocableHandlerMethod.java:102)
	at org.springframework.web.servlet.mvc.method.annotation.RequestMappingHandlerAdapter.invokeHandlerMethod(RequestMappingHandlerAdapter.java:877)
	at org.springframework.web.servlet.mvc.method.annotation.RequestMappingHandlerAdapter.handleInternal(RequestMappingHandlerAdapter.java:783)
	at org.springframework.web.servlet.mvc.method.AbstractHandlerMethodAdapter.handle(AbstractHandlerMethodAdapter.java:87)
	at org.springframework.web.servlet.DispatcherServlet.doDispatch(DispatcherServlet.java:991)
	at org.springframework.web.servlet.DispatcherServlet.doService(DispatcherServlet.java:925)
	at org.springframework.web.servlet.FrameworkServlet.processRequest(FrameworkServlet.java:974)
	at org.springframework.web.servlet.FrameworkServlet.doPost(FrameworkServlet.java:877)
	at javax.servlet.http.HttpServlet.service(HttpServlet.java:661)
	at org.springframework.web.servlet.FrameworkServlet.service(FrameworkServlet.java:851)
	at javax.servlet.http.HttpServlet.service(HttpServlet.java:742)
	at org.apache.catalina.core.ApplicationFilterChain.internalDoFilter(ApplicationFilterChain.java:231)
	at org.apache.catalina.core.ApplicationFilterChain.doFilter(ApplicationFilterChain.java:166)
	at org.apache.tomcat.websocket.server.WsFilter.doFilter(WsFilter.java:52)
	at org.apache.catalina.core.ApplicationFilterChain.internalDoFilter(ApplicationFilterChain.java:193)
	at org.apache.catalina.core.ApplicationFilterChain.doFilter(ApplicationFilterChain.java:166)
	at org.springframework.boot.actuate.web.trace.servlet.HttpTraceFilter.doFilterInternal(HttpTraceFilter.java:90)
	at org.springframework.web.filter.OncePerRequestFilter.doFilter(OncePerRequestFilter.java:107)
	at org.apache.catalina.core.ApplicationFilterChain.internalDoFilter(ApplicationFilterChain.java:193)
	at org.apache.catalina.core.ApplicationFilterChain.doFilter(ApplicationFilterChain.java:166)
	at org.springframework.web.filter.RequestContextFilter.doFilterInternal(RequestContextFilter.java:99)
	at org.springframework.web.filter.OncePerRequestFilter.doFilter(OncePerRequestFilter.java:107)
	at org.apache.catalina.core.ApplicationFilterChain.internalDoFilter(ApplicationFilterChain.java:193)
	at org.apache.catalina.core.ApplicationFilterChain.doFilter(ApplicationFilterChain.java:166)
	at org.springframework.web.filter.HttpPutFormContentFilter.doFilterInternal(HttpPutFormContentFilter.java:109)
	at org.springframework.web.filter.OncePerRequestFilter.doFilter(OncePerRequestFilter.java:107)
	at org.apache.catalina.core.ApplicationFilterChain.internalDoFilter(ApplicationFilterChain.java:193)
	at org.apache.catalina.core.ApplicationFilterChain.doFilter(ApplicationFilterChain.java:166)
	at org.springframework.web.filter.HiddenHttpMethodFilter.doFilterInternal(HiddenHttpMethodFilter.java:93)
	at org.springframework.web.filter.OncePerRequestFilter.doFilter(OncePerRequestFilter.java:107)
	at org.apache.catalina.core.ApplicationFilterChain.internalDoFilter(ApplicationFilterChain.java:193)
	at org.apache.catalina.core.ApplicationFilterChain.doFilter(ApplicationFilterChain.java:166)
	at org.springframework.session.web.http.SessionRepositoryFilter.doFilterInternal(SessionRepositoryFilter.java:147)
	at org.springframework.session.web.http.OncePerRequestFilter.doFilter(OncePerRequestFilter.java:81)
	at org.apache.catalina.core.ApplicationFilterChain.internalDoFilter(ApplicationFilterChain.java:193)
	at org.apache.catalina.core.ApplicationFilterChain.doFilter(ApplicationFilterChain.java:166)
	at org.springframework.boot.actuate.metrics.web.servlet.WebMvcMetricsFilter.filterAndRecordMetrics(WebMvcMetricsFilter.java:155)
	at org.springframework.boot.actuate.metrics.web.servlet.WebMvcMetricsFilter.filterAndRecordMetrics(WebMvcMetricsFilter.java:123)
	at org.springframework.boot.actuate.metrics.web.servlet.WebMvcMetricsFilter.doFilterInternal(WebMvcMetricsFilter.java:108)
	at org.springframework.web.filter.OncePerRequestFilter.doFilter(OncePerRequestFilter.java:107)
	at org.apache.catalina.core.ApplicationFilterChain.internalDoFilter(ApplicationFilterChain.java:193)
	at org.apache.catalina.core.ApplicationFilterChain.doFilter(ApplicationFilterChain.java:166)
	at org.springframework.web.filter.CharacterEncodingFilter.doFilterInternal(CharacterEncodingFilter.java:200)
	at org.springframework.web.filter.OncePerRequestFilter.doFilter(OncePerRequestFilter.java:107)
	at org.apache.catalina.core.ApplicationFilterChain.internalDoFilter(ApplicationFilterChain.java:193)
	at org.apache.catalina.core.ApplicationFilterChain.doFilter(ApplicationFilterChain.java:166)
	at org.apache.catalina.core.StandardWrapperValve.invoke(StandardWrapperValve.java:198)
	at org.apache.catalina.core.StandardContextValve.invoke(StandardContextValve.java:96)
	at org.apache.catalina.authenticator.AuthenticatorBase.invoke(AuthenticatorBase.java:493)
	at org.apache.catalina.core.StandardHostValve.invoke(StandardHostValve.java:140)
	at org.apache.catalina.valves.ErrorReportValve.invoke(ErrorReportValve.java:81)
	at org.apache.catalina.core.StandardEngineValve.invoke(StandardEngineValve.java:87)
	at org.apache.catalina.connector.CoyoteAdapter.service(CoyoteAdapter.java:342)
	at org.apache.coyote.http11.Http11Processor.service(Http11Processor.java:800)
	at org.apache.coyote.AbstractProcessorLight.process(AbstractProcessorLight.java:66)
	at org.apache.coyote.AbstractProtocol$ConnectionHandler.process(AbstractProtocol.java:800)
	at org.apache.tomcat.util.net.NioEndpoint$SocketProcessor.doRun(NioEndpoint.java:1471)
	at org.apache.tomcat.util.net.SocketProcessorBase.run(SocketProcessorBase.java:49)
	at java.util.concurrent.ThreadPoolExecutor.runWorker(ThreadPoolExecutor.java:1149)
	at java.util.concurrent.ThreadPoolExecutor$Worker.run(ThreadPoolExecutor.java:624)
	at org.apache.tomcat.util.threads.TaskThread$WrappingRunnable.run(TaskThread.java:61)
	at java.lang.Thread.run(Thread.java:748)
2024-12-19 10:56:54.997 [http-nio-8008-exec-5] ERROR c.n.property.service.api.CmdApi -请求post 方法[queryShopsByAdmin]失败：{"loginUserId":"30518939884421922816","page":"1","row":"100","storeId":"400000000000000001","userId":"30518939884421922816"}
com.newland.property.utils.exception.ListenerExecuteException: 服务【/shop/queryShopsByAdmin】当前不支持
	at com.newland.property.core.event.cmd.ServiceCmdEventPublishing.multicastEvent(ServiceCmdEventPublishing.java:156)
	at com.newland.property.core.event.cmd.ServiceCmdEventPublishing.multicastEvent(ServiceCmdEventPublishing.java:135)
	at com.newland.property.core.event.cmd.ServiceCmdEventPublishing.multicastEvent(ServiceCmdEventPublishing.java:109)
	at com.newland.property.service.smo.impl.CmdServiceSMOImpl.invokeBusinessSystem(CmdServiceSMOImpl.java:99)
	at com.newland.property.service.smo.impl.CmdServiceSMOImpl.cmd(CmdServiceSMOImpl.java:78)
	at com.newland.property.service.smo.impl.CmdServiceSMOImpl$$FastClassBySpringCGLIB$$f6be9887.invoke(<generated>)
	at org.springframework.cglib.proxy.MethodProxy.invoke(MethodProxy.java:204)
	at org.springframework.aop.framework.CglibAopProxy$CglibMethodInvocation.invokeJoinpoint(CglibAopProxy.java:746)
	at org.springframework.aop.framework.ReflectiveMethodInvocation.proceed(ReflectiveMethodInvocation.java:163)
	at org.springframework.aop.aspectj.MethodInvocationProceedingJoinPoint.proceed(MethodInvocationProceedingJoinPoint.java:88)
	at com.newland.property.core.trace.NewlandPropertyTraceLogAop.around(NewlandPropertyTraceLogAop.java:49)
	at sun.reflect.GeneratedMethodAccessor244.invoke(Unknown Source)
	at sun.reflect.DelegatingMethodAccessorImpl.invoke(DelegatingMethodAccessorImpl.java:43)
	at java.lang.reflect.Method.invoke(Method.java:498)
	at org.springframework.aop.aspectj.AbstractAspectJAdvice.invokeAdviceMethodWithGivenArgs(AbstractAspectJAdvice.java:644)
	at org.springframework.aop.aspectj.AbstractAspectJAdvice.invokeAdviceMethod(AbstractAspectJAdvice.java:633)
	at org.springframework.aop.aspectj.AspectJAroundAdvice.invoke(AspectJAroundAdvice.java:70)
	at org.springframework.aop.framework.ReflectiveMethodInvocation.proceed(ReflectiveMethodInvocation.java:174)
	at org.springframework.aop.interceptor.ExposeInvocationInterceptor.invoke(ExposeInvocationInterceptor.java:92)
	at org.springframework.aop.framework.ReflectiveMethodInvocation.proceed(ReflectiveMethodInvocation.java:185)
	at org.springframework.aop.framework.CglibAopProxy$DynamicAdvisedInterceptor.intercept(CglibAopProxy.java:688)
	at com.newland.property.service.smo.impl.CmdServiceSMOImpl$$EnhancerBySpringCGLIB$$76c0dcc0.cmd(<generated>)
	at com.newland.property.service.api.CmdApi.subServicePost(CmdApi.java:107)
	at com.newland.property.service.api.CmdApi$$FastClassBySpringCGLIB$$885b20b6.invoke(<generated>)
	at org.springframework.cglib.proxy.MethodProxy.invoke(MethodProxy.java:204)
	at org.springframework.aop.framework.CglibAopProxy$CglibMethodInvocation.invokeJoinpoint(CglibAopProxy.java:746)
	at org.springframework.aop.framework.ReflectiveMethodInvocation.proceed(ReflectiveMethodInvocation.java:163)
	at org.springframework.aop.interceptor.ExposeInvocationInterceptor.invoke(ExposeInvocationInterceptor.java:92)
	at org.springframework.aop.framework.ReflectiveMethodInvocation.proceed(ReflectiveMethodInvocation.java:185)
	at org.springframework.aop.framework.CglibAopProxy$DynamicAdvisedInterceptor.intercept(CglibAopProxy.java:688)
	at com.newland.property.service.api.CmdApi$$EnhancerBySpringCGLIB$$be61c333.subServicePost(<generated>)
	at sun.reflect.NativeMethodAccessorImpl.invoke0(Native Method)
	at sun.reflect.NativeMethodAccessorImpl.invoke(NativeMethodAccessorImpl.java:62)
	at sun.reflect.DelegatingMethodAccessorImpl.invoke(DelegatingMethodAccessorImpl.java:43)
	at java.lang.reflect.Method.invoke(Method.java:498)
	at org.springframework.web.method.support.InvocableHandlerMethod.doInvoke(InvocableHandlerMethod.java:209)
	at org.springframework.web.method.support.InvocableHandlerMethod.invokeForRequest(InvocableHandlerMethod.java:136)
	at org.springframework.web.servlet.mvc.method.annotation.ServletInvocableHandlerMethod.invokeAndHandle(ServletInvocableHandlerMethod.java:102)
	at org.springframework.web.servlet.mvc.method.annotation.RequestMappingHandlerAdapter.invokeHandlerMethod(RequestMappingHandlerAdapter.java:877)
	at org.springframework.web.servlet.mvc.method.annotation.RequestMappingHandlerAdapter.handleInternal(RequestMappingHandlerAdapter.java:783)
	at org.springframework.web.servlet.mvc.method.AbstractHandlerMethodAdapter.handle(AbstractHandlerMethodAdapter.java:87)
	at org.springframework.web.servlet.DispatcherServlet.doDispatch(DispatcherServlet.java:991)
	at org.springframework.web.servlet.DispatcherServlet.doService(DispatcherServlet.java:925)
	at org.springframework.web.servlet.FrameworkServlet.processRequest(FrameworkServlet.java:974)
	at org.springframework.web.servlet.FrameworkServlet.doPost(FrameworkServlet.java:877)
	at javax.servlet.http.HttpServlet.service(HttpServlet.java:661)
	at org.springframework.web.servlet.FrameworkServlet.service(FrameworkServlet.java:851)
	at javax.servlet.http.HttpServlet.service(HttpServlet.java:742)
	at org.apache.catalina.core.ApplicationFilterChain.internalDoFilter(ApplicationFilterChain.java:231)
	at org.apache.catalina.core.ApplicationFilterChain.doFilter(ApplicationFilterChain.java:166)
	at org.apache.tomcat.websocket.server.WsFilter.doFilter(WsFilter.java:52)
	at org.apache.catalina.core.ApplicationFilterChain.internalDoFilter(ApplicationFilterChain.java:193)
	at org.apache.catalina.core.ApplicationFilterChain.doFilter(ApplicationFilterChain.java:166)
	at org.springframework.boot.actuate.web.trace.servlet.HttpTraceFilter.doFilterInternal(HttpTraceFilter.java:90)
	at org.springframework.web.filter.OncePerRequestFilter.doFilter(OncePerRequestFilter.java:107)
	at org.apache.catalina.core.ApplicationFilterChain.internalDoFilter(ApplicationFilterChain.java:193)
	at org.apache.catalina.core.ApplicationFilterChain.doFilter(ApplicationFilterChain.java:166)
	at org.springframework.web.filter.RequestContextFilter.doFilterInternal(RequestContextFilter.java:99)
	at org.springframework.web.filter.OncePerRequestFilter.doFilter(OncePerRequestFilter.java:107)
	at org.apache.catalina.core.ApplicationFilterChain.internalDoFilter(ApplicationFilterChain.java:193)
	at org.apache.catalina.core.ApplicationFilterChain.doFilter(ApplicationFilterChain.java:166)
	at org.springframework.web.filter.HttpPutFormContentFilter.doFilterInternal(HttpPutFormContentFilter.java:109)
	at org.springframework.web.filter.OncePerRequestFilter.doFilter(OncePerRequestFilter.java:107)
	at org.apache.catalina.core.ApplicationFilterChain.internalDoFilter(ApplicationFilterChain.java:193)
	at org.apache.catalina.core.ApplicationFilterChain.doFilter(ApplicationFilterChain.java:166)
	at org.springframework.web.filter.HiddenHttpMethodFilter.doFilterInternal(HiddenHttpMethodFilter.java:93)
	at org.springframework.web.filter.OncePerRequestFilter.doFilter(OncePerRequestFilter.java:107)
	at org.apache.catalina.core.ApplicationFilterChain.internalDoFilter(ApplicationFilterChain.java:193)
	at org.apache.catalina.core.ApplicationFilterChain.doFilter(ApplicationFilterChain.java:166)
	at org.springframework.session.web.http.SessionRepositoryFilter.doFilterInternal(SessionRepositoryFilter.java:147)
	at org.springframework.session.web.http.OncePerRequestFilter.doFilter(OncePerRequestFilter.java:81)
	at org.apache.catalina.core.ApplicationFilterChain.internalDoFilter(ApplicationFilterChain.java:193)
	at org.apache.catalina.core.ApplicationFilterChain.doFilter(ApplicationFilterChain.java:166)
	at org.springframework.boot.actuate.metrics.web.servlet.WebMvcMetricsFilter.filterAndRecordMetrics(WebMvcMetricsFilter.java:155)
	at org.springframework.boot.actuate.metrics.web.servlet.WebMvcMetricsFilter.filterAndRecordMetrics(WebMvcMetricsFilter.java:123)
	at org.springframework.boot.actuate.metrics.web.servlet.WebMvcMetricsFilter.doFilterInternal(WebMvcMetricsFilter.java:108)
	at org.springframework.web.filter.OncePerRequestFilter.doFilter(OncePerRequestFilter.java:107)
	at org.apache.catalina.core.ApplicationFilterChain.internalDoFilter(ApplicationFilterChain.java:193)
	at org.apache.catalina.core.ApplicationFilterChain.doFilter(ApplicationFilterChain.java:166)
	at org.springframework.web.filter.CharacterEncodingFilter.doFilterInternal(CharacterEncodingFilter.java:200)
	at org.springframework.web.filter.OncePerRequestFilter.doFilter(OncePerRequestFilter.java:107)
	at org.apache.catalina.core.ApplicationFilterChain.internalDoFilter(ApplicationFilterChain.java:193)
	at org.apache.catalina.core.ApplicationFilterChain.doFilter(ApplicationFilterChain.java:166)
	at org.apache.catalina.core.StandardWrapperValve.invoke(StandardWrapperValve.java:198)
	at org.apache.catalina.core.StandardContextValve.invoke(StandardContextValve.java:96)
	at org.apache.catalina.authenticator.AuthenticatorBase.invoke(AuthenticatorBase.java:493)
	at org.apache.catalina.core.StandardHostValve.invoke(StandardHostValve.java:140)
	at org.apache.catalina.valves.ErrorReportValve.invoke(ErrorReportValve.java:81)
	at org.apache.catalina.core.StandardEngineValve.invoke(StandardEngineValve.java:87)
	at org.apache.catalina.connector.CoyoteAdapter.service(CoyoteAdapter.java:342)
	at org.apache.coyote.http11.Http11Processor.service(Http11Processor.java:800)
	at org.apache.coyote.AbstractProcessorLight.process(AbstractProcessorLight.java:66)
	at org.apache.coyote.AbstractProtocol$ConnectionHandler.process(AbstractProtocol.java:800)
	at org.apache.tomcat.util.net.NioEndpoint$SocketProcessor.doRun(NioEndpoint.java:1471)
	at org.apache.tomcat.util.net.SocketProcessorBase.run(SocketProcessorBase.java:49)
	at java.util.concurrent.ThreadPoolExecutor.runWorker(ThreadPoolExecutor.java:1149)
	at java.util.concurrent.ThreadPoolExecutor$Worker.run(ThreadPoolExecutor.java:624)
	at org.apache.tomcat.util.threads.TaskThread$WrappingRunnable.run(TaskThread.java:61)
	at java.lang.Thread.run(Thread.java:748)
2024-12-19 10:56:55.019 [http-nio-8008-exec-7] ERROR c.n.p.b.smo.impl.ApiServiceSMOImpl -请求下游服务【http://127.0.0.1:8008/cmd/shop/queryShopsByAdmin?page=1&row=100】异常，参数为<{"loginUserId":"30518939884421922816","page":"1","row":"100","storeId":"400000000000000001","userId":"30518939884421922816"},{referer=[http://127.0.0.1:3000/], content-length=[0], hostName=[localhost], req-time=[20241219105654], sec-fetch-site=[same-origin], sign=[], iss=[newland], REQUEST_URL=[http://127.0.0.1:3000/app/shop/queryShopsByAdmin?page=1&row=100], transaction-id=[7dcf3bcf-baf9-47ab-a7bd-123dffc35d3f], sec-ch-ua-mobile=[?0], host=[127.0.0.1:3000], connection=[close], SERVICE=[/shop/queryShopsByAdmin], app_id=[8000418004], jti=[43d1c1023f184990a275556c581c9dcd], login-user-id=[30518939884421922816], store-id=[400000000000000001], property-lang=[cn], RESOURCE=[shop], sec-fetch-mode=[cors], transaction_id=[7dcf3bcf-baf9-47ab-a7bd-123dffc35d3f], app-id=[8000418004], accept-language=[zh-CN,zh;q=0.9], cookie=[SESSION=NDQxYTAwZDgtYzc2Ny00NTI0LTlmY2ItZTA2ZTI5NjYzNWZl; Hm_lvt_adedae9bc250561cc17e96dc1fb46079=1734576997; HMACCOUNT=82B94E3E619AAE11; _newland_property_token_=eyJ0eXAiOiJKV1QiLCJhbGciOiJIUzI1NiJ9.eyJpc3MiOiJuZXdsYW5kIiwidXNlck5hbWUiOiJhZG1pbiIsImp0aSI6IjQzZDFjMTAyM2YxODQ5OTBhMjc1NTU2YzU4MWM5ZGNkIn0.EIo-HwlpLucdDHXYmFSVtwsZkbPk_fqOlTefnvPJ8AE; Hm_lpvt_adedae9bc250561cc17e96dc1fb46079=1734577010], IP=[127.0.0.1], user-id=[30518939884421922816], userName=[-], version=[v1.7], userId=[30518939884421922816], req_time=[20241219105654], accept=[application/json, text/plain, */*], accept-charset=[utf-8], sec-ch-ua=["Google Chrome";v="131", "Chromium";v="131", "Not_A Brand";v="24"], ACTION=[queryShopsByAdmin], port=[8008], user_id=[30518939884421922816], sec-ch-ua-platform=["macOS"], x-requested-with=[XMLHttpRequest], METHOD=[GET], accept-encoding=[gzip, deflate, br, zstd], user-agent=[Mozilla/5.0 (Macintosh; Intel Mac OS X 10_15_7) AppleWebKit/537.36 (KHTML, like Gecko) Chrome/131.0.0.0 Safari/537.36], sec-fetch-dest=[empty]}>请求发生异常，服务【/shop/queryShopsByAdmin】当前不支持
org.springframework.web.client.HttpServerErrorException: 500 
	at org.springframework.web.client.DefaultResponseErrorHandler.handleError(DefaultResponseErrorHandler.java:97)
	at org.springframework.web.client.DefaultResponseErrorHandler.handleError(DefaultResponseErrorHandler.java:79)
	at org.springframework.web.client.ResponseErrorHandler.handleError(ResponseErrorHandler.java:63)
	at org.springframework.web.client.RestTemplate.handleResponse(RestTemplate.java:766)
	at org.springframework.web.client.RestTemplate.doExecute(RestTemplate.java:724)
	at org.springframework.web.client.RestTemplate.execute(RestTemplate.java:680)
	at org.springframework.web.client.RestTemplate.exchange(RestTemplate.java:600)
	at com.newland.property.core.client.RestTemplate.exchange(RestTemplate.java:39)
	at com.newland.property.core.client.OutRestTemplate.exchange(OutRestTemplate.java:54)
	at com.newland.property.boot.smo.impl.ApiServiceSMOImpl.dealCmd(ApiServiceSMOImpl.java:598)
	at com.newland.property.boot.smo.impl.ApiServiceSMOImpl.invokeBusinessSystem(ApiServiceSMOImpl.java:406)
	at com.newland.property.boot.smo.impl.ApiServiceSMOImpl.service(ApiServiceSMOImpl.java:103)
	at com.newland.property.boot.smo.impl.ApiServiceSMOImpl$$FastClassBySpringCGLIB$$a08c9dd8.invoke(<generated>)
	at org.springframework.cglib.proxy.MethodProxy.invoke(MethodProxy.java:204)
	at org.springframework.aop.framework.CglibAopProxy$CglibMethodInvocation.invokeJoinpoint(CglibAopProxy.java:746)
	at org.springframework.aop.framework.ReflectiveMethodInvocation.proceed(ReflectiveMethodInvocation.java:163)
	at org.springframework.aop.aspectj.MethodInvocationProceedingJoinPoint.proceed(MethodInvocationProceedingJoinPoint.java:88)
	at com.newland.property.core.trace.NewlandPropertyTraceLogAop.around(NewlandPropertyTraceLogAop.java:49)
	at sun.reflect.GeneratedMethodAccessor244.invoke(Unknown Source)
	at sun.reflect.DelegatingMethodAccessorImpl.invoke(DelegatingMethodAccessorImpl.java:43)
	at java.lang.reflect.Method.invoke(Method.java:498)
	at org.springframework.aop.aspectj.AbstractAspectJAdvice.invokeAdviceMethodWithGivenArgs(AbstractAspectJAdvice.java:644)
	at org.springframework.aop.aspectj.AbstractAspectJAdvice.invokeAdviceMethod(AbstractAspectJAdvice.java:633)
	at org.springframework.aop.aspectj.AspectJAroundAdvice.invoke(AspectJAroundAdvice.java:70)
	at org.springframework.aop.framework.ReflectiveMethodInvocation.proceed(ReflectiveMethodInvocation.java:174)
	at org.springframework.aop.interceptor.ExposeInvocationInterceptor.invoke(ExposeInvocationInterceptor.java:92)
	at org.springframework.aop.framework.ReflectiveMethodInvocation.proceed(ReflectiveMethodInvocation.java:185)
	at org.springframework.aop.framework.CglibAopProxy$DynamicAdvisedInterceptor.intercept(CglibAopProxy.java:688)
	at com.newland.property.boot.smo.impl.ApiServiceSMOImpl$$EnhancerBySpringCGLIB$$42cc4753.service(<generated>)
	at com.newland.property.boot.smo.api.impl.ApiSMOImpl.doApi(ApiSMOImpl.java:116)
	at com.newland.property.boot.controller.app.AppController.subServiceGet(AppController.java:182)
	at com.newland.property.boot.controller.app.AppController$$FastClassBySpringCGLIB$$6216bd11.invoke(<generated>)
	at org.springframework.cglib.proxy.MethodProxy.invoke(MethodProxy.java:204)
	at org.springframework.aop.framework.CglibAopProxy$CglibMethodInvocation.invokeJoinpoint(CglibAopProxy.java:746)
	at org.springframework.aop.framework.ReflectiveMethodInvocation.proceed(ReflectiveMethodInvocation.java:163)
	at org.springframework.aop.framework.adapter.MethodBeforeAdviceInterceptor.invoke(MethodBeforeAdviceInterceptor.java:56)
	at org.springframework.aop.framework.ReflectiveMethodInvocation.proceed(ReflectiveMethodInvocation.java:185)
	at org.springframework.aop.aspectj.MethodInvocationProceedingJoinPoint.proceed(MethodInvocationProceedingJoinPoint.java:88)
	at com.newland.property.boot.aop.PageProcessAspect.around(PageProcessAspect.java:180)
	at sun.reflect.GeneratedMethodAccessor273.invoke(Unknown Source)
	at sun.reflect.DelegatingMethodAccessorImpl.invoke(DelegatingMethodAccessorImpl.java:43)
	at java.lang.reflect.Method.invoke(Method.java:498)
	at org.springframework.aop.aspectj.AbstractAspectJAdvice.invokeAdviceMethodWithGivenArgs(AbstractAspectJAdvice.java:644)
	at org.springframework.aop.aspectj.AbstractAspectJAdvice.invokeAdviceMethod(AbstractAspectJAdvice.java:633)
	at org.springframework.aop.aspectj.AspectJAroundAdvice.invoke(AspectJAroundAdvice.java:70)
	at org.springframework.aop.framework.ReflectiveMethodInvocation.proceed(ReflectiveMethodInvocation.java:185)
	at org.springframework.aop.aspectj.AspectJAfterAdvice.invoke(AspectJAfterAdvice.java:47)
	at org.springframework.aop.framework.ReflectiveMethodInvocation.proceed(ReflectiveMethodInvocation.java:185)
	at org.springframework.aop.framework.adapter.AfterReturningAdviceInterceptor.invoke(AfterReturningAdviceInterceptor.java:55)
	at org.springframework.aop.framework.ReflectiveMethodInvocation.proceed(ReflectiveMethodInvocation.java:185)
	at org.springframework.aop.aspectj.AspectJAfterThrowingAdvice.invoke(AspectJAfterThrowingAdvice.java:62)
	at org.springframework.aop.framework.ReflectiveMethodInvocation.proceed(ReflectiveMethodInvocation.java:185)
	at org.springframework.aop.aspectj.MethodInvocationProceedingJoinPoint.proceed(MethodInvocationProceedingJoinPoint.java:88)
	at com.newland.property.core.language.NewlandPropertyLangAop.around(NewlandPropertyLangAop.java:41)
	at sun.reflect.GeneratedMethodAccessor272.invoke(Unknown Source)
	at sun.reflect.DelegatingMethodAccessorImpl.invoke(DelegatingMethodAccessorImpl.java:43)
	at java.lang.reflect.Method.invoke(Method.java:498)
	at org.springframework.aop.aspectj.AbstractAspectJAdvice.invokeAdviceMethodWithGivenArgs(AbstractAspectJAdvice.java:644)
	at org.springframework.aop.aspectj.AbstractAspectJAdvice.invokeAdviceMethod(AbstractAspectJAdvice.java:633)
	at org.springframework.aop.aspectj.AspectJAroundAdvice.invoke(AspectJAroundAdvice.java:70)
	at org.springframework.aop.framework.ReflectiveMethodInvocation.proceed(ReflectiveMethodInvocation.java:174)
	at org.springframework.aop.interceptor.ExposeInvocationInterceptor.invoke(ExposeInvocationInterceptor.java:92)
	at org.springframework.aop.framework.ReflectiveMethodInvocation.proceed(ReflectiveMethodInvocation.java:185)
	at org.springframework.aop.framework.CglibAopProxy$DynamicAdvisedInterceptor.intercept(CglibAopProxy.java:688)
	at com.newland.property.boot.controller.app.AppController$$EnhancerBySpringCGLIB$$e75abd54.subServiceGet(<generated>)
	at sun.reflect.GeneratedMethodAccessor290.invoke(Unknown Source)
	at sun.reflect.DelegatingMethodAccessorImpl.invoke(DelegatingMethodAccessorImpl.java:43)
	at java.lang.reflect.Method.invoke(Method.java:498)
	at org.springframework.web.method.support.InvocableHandlerMethod.doInvoke(InvocableHandlerMethod.java:209)
	at org.springframework.web.method.support.InvocableHandlerMethod.invokeForRequest(InvocableHandlerMethod.java:136)
	at org.springframework.web.servlet.mvc.method.annotation.ServletInvocableHandlerMethod.invokeAndHandle(ServletInvocableHandlerMethod.java:102)
	at org.springframework.web.servlet.mvc.method.annotation.RequestMappingHandlerAdapter.invokeHandlerMethod(RequestMappingHandlerAdapter.java:877)
	at org.springframework.web.servlet.mvc.method.annotation.RequestMappingHandlerAdapter.handleInternal(RequestMappingHandlerAdapter.java:783)
	at org.springframework.web.servlet.mvc.method.AbstractHandlerMethodAdapter.handle(AbstractHandlerMethodAdapter.java:87)
	at org.springframework.web.servlet.DispatcherServlet.doDispatch(DispatcherServlet.java:991)
	at org.springframework.web.servlet.DispatcherServlet.doService(DispatcherServlet.java:925)
	at org.springframework.web.servlet.FrameworkServlet.processRequest(FrameworkServlet.java:974)
	at org.springframework.web.servlet.FrameworkServlet.doGet(FrameworkServlet.java:866)
	at javax.servlet.http.HttpServlet.service(HttpServlet.java:635)
	at org.springframework.web.servlet.FrameworkServlet.service(FrameworkServlet.java:851)
	at javax.servlet.http.HttpServlet.service(HttpServlet.java:742)
	at org.apache.catalina.core.ApplicationFilterChain.internalDoFilter(ApplicationFilterChain.java:231)
	at org.apache.catalina.core.ApplicationFilterChain.doFilter(ApplicationFilterChain.java:166)
	at org.apache.tomcat.websocket.server.WsFilter.doFilter(WsFilter.java:52)
	at org.apache.catalina.core.ApplicationFilterChain.internalDoFilter(ApplicationFilterChain.java:193)
	at org.apache.catalina.core.ApplicationFilterChain.doFilter(ApplicationFilterChain.java:166)
	at com.newland.property.boot.filter.JwtFilter.doFilter(JwtFilter.java:76)
	at org.apache.catalina.core.ApplicationFilterChain.internalDoFilter(ApplicationFilterChain.java:193)
	at org.apache.catalina.core.ApplicationFilterChain.doFilter(ApplicationFilterChain.java:166)
	at org.springframework.boot.actuate.web.trace.servlet.HttpTraceFilter.doFilterInternal(HttpTraceFilter.java:90)
	at org.springframework.web.filter.OncePerRequestFilter.doFilter(OncePerRequestFilter.java:107)
	at org.apache.catalina.core.ApplicationFilterChain.internalDoFilter(ApplicationFilterChain.java:193)
	at org.apache.catalina.core.ApplicationFilterChain.doFilter(ApplicationFilterChain.java:166)
	at org.springframework.web.filter.RequestContextFilter.doFilterInternal(RequestContextFilter.java:99)
	at org.springframework.web.filter.OncePerRequestFilter.doFilter(OncePerRequestFilter.java:107)
	at org.apache.catalina.core.ApplicationFilterChain.internalDoFilter(ApplicationFilterChain.java:193)
	at org.apache.catalina.core.ApplicationFilterChain.doFilter(ApplicationFilterChain.java:166)
	at org.springframework.web.filter.HttpPutFormContentFilter.doFilterInternal(HttpPutFormContentFilter.java:109)
	at org.springframework.web.filter.OncePerRequestFilter.doFilter(OncePerRequestFilter.java:107)
	at org.apache.catalina.core.ApplicationFilterChain.internalDoFilter(ApplicationFilterChain.java:193)
	at org.apache.catalina.core.ApplicationFilterChain.doFilter(ApplicationFilterChain.java:166)
	at org.springframework.web.filter.HiddenHttpMethodFilter.doFilterInternal(HiddenHttpMethodFilter.java:93)
	at org.springframework.web.filter.OncePerRequestFilter.doFilter(OncePerRequestFilter.java:107)
	at org.apache.catalina.core.ApplicationFilterChain.internalDoFilter(ApplicationFilterChain.java:193)
	at org.apache.catalina.core.ApplicationFilterChain.doFilter(ApplicationFilterChain.java:166)
	at org.springframework.session.web.http.SessionRepositoryFilter.doFilterInternal(SessionRepositoryFilter.java:147)
	at org.springframework.session.web.http.OncePerRequestFilter.doFilter(OncePerRequestFilter.java:81)
	at org.apache.catalina.core.ApplicationFilterChain.internalDoFilter(ApplicationFilterChain.java:193)
	at org.apache.catalina.core.ApplicationFilterChain.doFilter(ApplicationFilterChain.java:166)
	at org.springframework.boot.actuate.metrics.web.servlet.WebMvcMetricsFilter.filterAndRecordMetrics(WebMvcMetricsFilter.java:155)
	at org.springframework.boot.actuate.metrics.web.servlet.WebMvcMetricsFilter.filterAndRecordMetrics(WebMvcMetricsFilter.java:123)
	at org.springframework.boot.actuate.metrics.web.servlet.WebMvcMetricsFilter.doFilterInternal(WebMvcMetricsFilter.java:108)
	at org.springframework.web.filter.OncePerRequestFilter.doFilter(OncePerRequestFilter.java:107)
	at org.apache.catalina.core.ApplicationFilterChain.internalDoFilter(ApplicationFilterChain.java:193)
	at org.apache.catalina.core.ApplicationFilterChain.doFilter(ApplicationFilterChain.java:166)
	at org.springframework.web.filter.CharacterEncodingFilter.doFilterInternal(CharacterEncodingFilter.java:200)
	at org.springframework.web.filter.OncePerRequestFilter.doFilter(OncePerRequestFilter.java:107)
	at org.apache.catalina.core.ApplicationFilterChain.internalDoFilter(ApplicationFilterChain.java:193)
	at org.apache.catalina.core.ApplicationFilterChain.doFilter(ApplicationFilterChain.java:166)
	at org.apache.catalina.core.StandardWrapperValve.invoke(StandardWrapperValve.java:198)
	at org.apache.catalina.core.StandardContextValve.invoke(StandardContextValve.java:96)
	at org.apache.catalina.authenticator.AuthenticatorBase.invoke(AuthenticatorBase.java:493)
	at org.apache.catalina.core.StandardHostValve.invoke(StandardHostValve.java:140)
	at org.apache.catalina.valves.ErrorReportValve.invoke(ErrorReportValve.java:81)
	at org.apache.catalina.core.StandardEngineValve.invoke(StandardEngineValve.java:87)
	at org.apache.catalina.connector.CoyoteAdapter.service(CoyoteAdapter.java:342)
	at org.apache.coyote.http11.Http11Processor.service(Http11Processor.java:800)
	at org.apache.coyote.AbstractProcessorLight.process(AbstractProcessorLight.java:66)
	at org.apache.coyote.AbstractProtocol$ConnectionHandler.process(AbstractProtocol.java:800)
	at org.apache.tomcat.util.net.NioEndpoint$SocketProcessor.doRun(NioEndpoint.java:1471)
	at org.apache.tomcat.util.net.SocketProcessorBase.run(SocketProcessorBase.java:49)
	at java.util.concurrent.ThreadPoolExecutor.runWorker(ThreadPoolExecutor.java:1149)
	at java.util.concurrent.ThreadPoolExecutor$Worker.run(ThreadPoolExecutor.java:624)
	at org.apache.tomcat.util.threads.TaskThread$WrappingRunnable.run(TaskThread.java:61)
	at java.lang.Thread.run(Thread.java:748)
2024-12-19 10:56:56.074 [http-nio-8008-exec-4] ERROR c.n.p.c.t.NewlandPropertyRestTemplateInterceptor -进入拦截器{"loginUserId":"30518939884421922816","page":"1","row":"100","storeId":"400000000000000001","userId":"30518939884421922816"}
2024-12-19 10:56:56.074 [http-nio-8008-exec-2] ERROR c.n.p.c.t.NewlandPropertyRestTemplateInterceptor -进入拦截器{"storeTypeCd":"","name":"","tel":"","loginUserId":"30518939884421922816","page":"1","row":"10","storeId":"400000000000000001","userId":"30518939884421922816"}
2024-12-19 10:59:21.129 [http-nio-8008-exec-8] ERROR c.n.p.c.t.NewlandPropertyRestTemplateInterceptor -进入拦截器{"page":"1","row":"1","storeId":"","userId":"-1"}
2024-12-19 10:59:21.711 [http-nio-8008-exec-9] ERROR c.n.p.c.t.NewlandPropertyRestTemplateInterceptor -进入拦截器{"loginUserId":"30518939884421922816","page":"1","row":"10","storeId":"400000000000000001","userId":"30518939884421922816","isShow":"Y"}
2024-12-19 10:59:21.719 [http-nio-8008-exec-1] ERROR c.n.p.c.t.NewlandPropertyRestTemplateInterceptor -进入拦截器{"loginUserId":"30518939884421922816","storeId":"400000000000000001","userId":"30518939884421922816"}
2024-12-19 10:59:21.744 [http-nio-8008-exec-7] ERROR c.n.p.c.t.NewlandPropertyRestTemplateInterceptor -进入拦截器{"loginUserId":"30518939884421922816","page":"1","row":"100","storeId":"400000000000000001","userId":"30518939884421922816"}
2024-12-19 10:59:21.744 [http-nio-8008-exec-3] ERROR c.n.p.c.t.NewlandPropertyRestTemplateInterceptor -进入拦截器{"storeTypeCd":"","name":"","tel":"","loginUserId":"30518939884421922816","page":"1","row":"10","storeId":"400000000000000001","userId":"30518939884421922816"}
2024-12-19 10:59:22.045 [http-nio-8008-exec-8] ERROR c.n.p.c.t.NewlandPropertyRestTemplateInterceptor -进入拦截器{"caId":"102022022645630009","loginUserId":"30518939884421922816","communityId":"-1","storeId":"400000000000000001","userId":"30518939884421922816"}
2024-12-19 11:00:14.124 [http-nio-8008-exec-6] ERROR c.n.p.c.t.NewlandPropertyRestTemplateInterceptor -进入拦截器{"page":"1","row":"1","storeId":"","userId":"-1"}
2024-12-19 11:00:14.865 [http-nio-8008-exec-9] ERROR c.n.p.c.t.NewlandPropertyRestTemplateInterceptor -进入拦截器{"loginUserId":"30518939884421922816","page":"1","row":"10","storeId":"400000000000000001","userId":"30518939884421922816","isShow":"Y"}
2024-12-19 11:00:14.871 [http-nio-8008-exec-1] ERROR c.n.p.c.t.NewlandPropertyRestTemplateInterceptor -进入拦截器{"loginUserId":"30518939884421922816","storeId":"400000000000000001","userId":"30518939884421922816"}
2024-12-19 11:00:14.887 [http-nio-8008-exec-3] ERROR c.n.p.c.t.NewlandPropertyRestTemplateInterceptor -进入拦截器{"storeTypeCd":"","name":"","tel":"","loginUserId":"30518939884421922816","page":"1","row":"10","storeId":"400000000000000001","userId":"30518939884421922816"}
2024-12-19 11:00:14.887 [http-nio-8008-exec-5] ERROR c.n.p.c.t.NewlandPropertyRestTemplateInterceptor -进入拦截器{"loginUserId":"30518939884421922816","page":"1","row":"100","storeId":"400000000000000001","userId":"30518939884421922816"}
2024-12-19 11:00:15.109 [http-nio-8008-exec-6] ERROR c.n.p.c.t.NewlandPropertyRestTemplateInterceptor -进入拦截器{"caId":"102022022645630009","loginUserId":"30518939884421922816","communityId":"-1","storeId":"400000000000000001","userId":"30518939884421922816"}
2024-12-19 11:01:04.849 [http-nio-8008-exec-10] ERROR c.n.p.c.t.NewlandPropertyRestTemplateInterceptor -进入拦截器{"userId":"30518939884421922816","token":""}
2024-12-19 11:01:04.917 [http-nio-8008-exec-10] ERROR c.n.p.b.smo.impl.ApiServiceSMOImpl -请求下游服务【http://127.0.0.1:8008/cmd/user.service.logout?】异常，参数为<{"userId":"30518939884421922816","token":""},{referer=[http://127.0.0.1:3000/], content-length=[11], req-time=[20241219110104], sec-fetch-site=[same-origin], origin=[http://127.0.0.1:3000], sign=[], _newland_token=[eyJ0eXAiOiJKV1QiLCJhbGciOiJIUzI1NiJ9.eyJpc3MiOiJuZXdsYW5kIiwidXNlck5hbWUiOiJhZG1pbiIsImp0aSI6IjQzZDFjMTAyM2YxODQ5OTBhMjc1NTU2YzU4MWM5ZGNkIn0.EIo-HwlpLucdDHXYmFSVtwsZkbPk_fqOlTefnvPJ8AE], REQUEST_URL=[http://127.0.0.1:8008/user.service.logout], transaction-id=[1dcefc12-c308-4c77-8df5-0b4587bde331], sec-ch-ua-mobile=[?0], host=[127.0.0.1:3000], content-type=[application/json;charset=UTF-8], connection=[close], SERVICE=[user.service.logout], cache-control=[no-cache], app_id=[8000418004], property-lang=[cn], sec-fetch-mode=[cors], transaction_id=[1b15653924674c45b87b453b893ae207], app-id=[8000418004], accept-language=[zh-CN,zh;q=0.9], cookie=[SESSION=NDQxYTAwZDgtYzc2Ny00NTI0LTlmY2ItZTA2ZTI5NjYzNWZl; Hm_lvt_adedae9bc250561cc17e96dc1fb46079=1734576997; HMACCOUNT=82B94E3E619AAE11; _newland_property_token_=eyJ0eXAiOiJKV1QiLCJhbGciOiJIUzI1NiJ9.eyJpc3MiOiJuZXdsYW5kIiwidXNlck5hbWUiOiJhZG1pbiIsImp0aSI6IjQzZDFjMTAyM2YxODQ5OTBhMjc1NTU2YzU4MWM5ZGNkIn0.EIo-HwlpLucdDHXYmFSVtwsZkbPk_fqOlTefnvPJ8AE; Hm_lpvt_adedae9bc250561cc17e96dc1fb46079=1734577215], user-id=[30518939884421922816], version=[v1.7], pragma=[no-cache], req_time=[20241219110104], accept=[application/json, text/plain, */*], accept-charset=[utf-8], sec-ch-ua=["Google Chrome";v="131", "Chromium";v="131", "Not_A Brand";v="24"], user_id=[30518939884421922816], sec-ch-ua-platform=["macOS"], x-requested-with=[XMLHttpRequest], METHOD=[POST], accept-encoding=[gzip, deflate, br, zstd], user-agent=[Mozilla/5.0 (Macintosh; Intel Mac OS X 10_15_7) AppleWebKit/537.36 (KHTML, like Gecko) Chrome/131.0.0.0 Safari/537.36], sec-fetch-dest=[empty]}>退出登录失败，请联系管理员
org.springframework.web.client.HttpClientErrorException: 401 
	at org.springframework.web.client.DefaultResponseErrorHandler.handleError(DefaultResponseErrorHandler.java:94)
	at org.springframework.web.client.DefaultResponseErrorHandler.handleError(DefaultResponseErrorHandler.java:79)
	at org.springframework.web.client.ResponseErrorHandler.handleError(ResponseErrorHandler.java:63)
	at org.springframework.web.client.RestTemplate.handleResponse(RestTemplate.java:766)
	at org.springframework.web.client.RestTemplate.doExecute(RestTemplate.java:724)
	at org.springframework.web.client.RestTemplate.execute(RestTemplate.java:680)
	at org.springframework.web.client.RestTemplate.exchange(RestTemplate.java:600)
	at com.newland.property.core.client.RestTemplate.exchange(RestTemplate.java:39)
	at com.newland.property.core.client.OutRestTemplate.exchange(OutRestTemplate.java:54)
	at com.newland.property.boot.smo.impl.ApiServiceSMOImpl.dealCmd(ApiServiceSMOImpl.java:598)
	at com.newland.property.boot.smo.impl.ApiServiceSMOImpl.invokeBusinessSystem(ApiServiceSMOImpl.java:406)
	at com.newland.property.boot.smo.impl.ApiServiceSMOImpl.service(ApiServiceSMOImpl.java:103)
	at com.newland.property.boot.smo.impl.ApiServiceSMOImpl$$FastClassBySpringCGLIB$$a08c9dd8.invoke(<generated>)
	at org.springframework.cglib.proxy.MethodProxy.invoke(MethodProxy.java:204)
	at org.springframework.aop.framework.CglibAopProxy$CglibMethodInvocation.invokeJoinpoint(CglibAopProxy.java:746)
	at org.springframework.aop.framework.ReflectiveMethodInvocation.proceed(ReflectiveMethodInvocation.java:163)
	at org.springframework.aop.aspectj.MethodInvocationProceedingJoinPoint.proceed(MethodInvocationProceedingJoinPoint.java:88)
	at com.newland.property.core.trace.NewlandPropertyTraceLogAop.around(NewlandPropertyTraceLogAop.java:49)
	at sun.reflect.GeneratedMethodAccessor244.invoke(Unknown Source)
	at sun.reflect.DelegatingMethodAccessorImpl.invoke(DelegatingMethodAccessorImpl.java:43)
	at java.lang.reflect.Method.invoke(Method.java:498)
	at org.springframework.aop.aspectj.AbstractAspectJAdvice.invokeAdviceMethodWithGivenArgs(AbstractAspectJAdvice.java:644)
	at org.springframework.aop.aspectj.AbstractAspectJAdvice.invokeAdviceMethod(AbstractAspectJAdvice.java:633)
	at org.springframework.aop.aspectj.AspectJAroundAdvice.invoke(AspectJAroundAdvice.java:70)
	at org.springframework.aop.framework.ReflectiveMethodInvocation.proceed(ReflectiveMethodInvocation.java:174)
	at org.springframework.aop.interceptor.ExposeInvocationInterceptor.invoke(ExposeInvocationInterceptor.java:92)
	at org.springframework.aop.framework.ReflectiveMethodInvocation.proceed(ReflectiveMethodInvocation.java:185)
	at org.springframework.aop.framework.CglibAopProxy$DynamicAdvisedInterceptor.intercept(CglibAopProxy.java:688)
	at com.newland.property.boot.smo.impl.ApiServiceSMOImpl$$EnhancerBySpringCGLIB$$42cc4753.service(<generated>)
	at com.newland.property.boot.smo.DefaultAbstractComponentSMO.callCenterService(DefaultAbstractComponentSMO.java:120)
	at com.newland.property.boot.smo.impl.NavServiceSMOImpl.doExit(NavServiceSMOImpl.java:42)
	at com.newland.property.boot.components.NavComponent.logout(NavComponent.java:31)
	at sun.reflect.NativeMethodAccessorImpl.invoke0(Native Method)
	at sun.reflect.NativeMethodAccessorImpl.invoke(NativeMethodAccessorImpl.java:62)
	at sun.reflect.DelegatingMethodAccessorImpl.invoke(DelegatingMethodAccessorImpl.java:43)
	at java.lang.reflect.Method.invoke(Method.java:498)
	at com.newland.property.boot.controller.component.CallComponentController.callComponent(CallComponentController.java:172)
	at com.newland.property.boot.controller.component.CallComponentController$$FastClassBySpringCGLIB$$a57f82cb.invoke(<generated>)
	at org.springframework.cglib.proxy.MethodProxy.invoke(MethodProxy.java:204)
	at org.springframework.aop.framework.CglibAopProxy$CglibMethodInvocation.invokeJoinpoint(CglibAopProxy.java:746)
	at org.springframework.aop.framework.ReflectiveMethodInvocation.proceed(ReflectiveMethodInvocation.java:163)
	at org.springframework.aop.framework.adapter.MethodBeforeAdviceInterceptor.invoke(MethodBeforeAdviceInterceptor.java:56)
	at org.springframework.aop.framework.ReflectiveMethodInvocation.proceed(ReflectiveMethodInvocation.java:185)
	at org.springframework.aop.aspectj.MethodInvocationProceedingJoinPoint.proceed(MethodInvocationProceedingJoinPoint.java:88)
	at com.newland.property.boot.aop.PageProcessAspect.around(PageProcessAspect.java:180)
	at sun.reflect.GeneratedMethodAccessor273.invoke(Unknown Source)
	at sun.reflect.DelegatingMethodAccessorImpl.invoke(DelegatingMethodAccessorImpl.java:43)
	at java.lang.reflect.Method.invoke(Method.java:498)
	at org.springframework.aop.aspectj.AbstractAspectJAdvice.invokeAdviceMethodWithGivenArgs(AbstractAspectJAdvice.java:644)
	at org.springframework.aop.aspectj.AbstractAspectJAdvice.invokeAdviceMethod(AbstractAspectJAdvice.java:633)
	at org.springframework.aop.aspectj.AspectJAroundAdvice.invoke(AspectJAroundAdvice.java:70)
	at org.springframework.aop.framework.ReflectiveMethodInvocation.proceed(ReflectiveMethodInvocation.java:185)
	at org.springframework.aop.aspectj.AspectJAfterAdvice.invoke(AspectJAfterAdvice.java:47)
	at org.springframework.aop.framework.ReflectiveMethodInvocation.proceed(ReflectiveMethodInvocation.java:185)
	at org.springframework.aop.framework.adapter.AfterReturningAdviceInterceptor.invoke(AfterReturningAdviceInterceptor.java:55)
	at org.springframework.aop.framework.ReflectiveMethodInvocation.proceed(ReflectiveMethodInvocation.java:185)
	at org.springframework.aop.aspectj.AspectJAfterThrowingAdvice.invoke(AspectJAfterThrowingAdvice.java:62)
	at org.springframework.aop.framework.ReflectiveMethodInvocation.proceed(ReflectiveMethodInvocation.java:185)
	at org.springframework.aop.aspectj.MethodInvocationProceedingJoinPoint.proceed(MethodInvocationProceedingJoinPoint.java:88)
	at com.newland.property.core.language.NewlandPropertyLangAop.around(NewlandPropertyLangAop.java:41)
	at sun.reflect.GeneratedMethodAccessor272.invoke(Unknown Source)
	at sun.reflect.DelegatingMethodAccessorImpl.invoke(DelegatingMethodAccessorImpl.java:43)
	at java.lang.reflect.Method.invoke(Method.java:498)
	at org.springframework.aop.aspectj.AbstractAspectJAdvice.invokeAdviceMethodWithGivenArgs(AbstractAspectJAdvice.java:644)
	at org.springframework.aop.aspectj.AbstractAspectJAdvice.invokeAdviceMethod(AbstractAspectJAdvice.java:633)
	at org.springframework.aop.aspectj.AspectJAroundAdvice.invoke(AspectJAroundAdvice.java:70)
	at org.springframework.aop.framework.ReflectiveMethodInvocation.proceed(ReflectiveMethodInvocation.java:174)
	at org.springframework.aop.interceptor.ExposeInvocationInterceptor.invoke(ExposeInvocationInterceptor.java:92)
	at org.springframework.aop.framework.ReflectiveMethodInvocation.proceed(ReflectiveMethodInvocation.java:185)
	at org.springframework.aop.framework.CglibAopProxy$DynamicAdvisedInterceptor.intercept(CglibAopProxy.java:688)
	at com.newland.property.boot.controller.component.CallComponentController$$EnhancerBySpringCGLIB$$1b972c2.callComponent(<generated>)
	at sun.reflect.NativeMethodAccessorImpl.invoke0(Native Method)
	at sun.reflect.NativeMethodAccessorImpl.invoke(NativeMethodAccessorImpl.java:62)
	at sun.reflect.DelegatingMethodAccessorImpl.invoke(DelegatingMethodAccessorImpl.java:43)
	at java.lang.reflect.Method.invoke(Method.java:498)
	at org.springframework.web.method.support.InvocableHandlerMethod.doInvoke(InvocableHandlerMethod.java:209)
	at org.springframework.web.method.support.InvocableHandlerMethod.invokeForRequest(InvocableHandlerMethod.java:136)
	at org.springframework.web.servlet.mvc.method.annotation.ServletInvocableHandlerMethod.invokeAndHandle(ServletInvocableHandlerMethod.java:102)
	at org.springframework.web.servlet.mvc.method.annotation.RequestMappingHandlerAdapter.invokeHandlerMethod(RequestMappingHandlerAdapter.java:877)
	at org.springframework.web.servlet.mvc.method.annotation.RequestMappingHandlerAdapter.handleInternal(RequestMappingHandlerAdapter.java:783)
	at org.springframework.web.servlet.mvc.method.AbstractHandlerMethodAdapter.handle(AbstractHandlerMethodAdapter.java:87)
	at org.springframework.web.servlet.DispatcherServlet.doDispatch(DispatcherServlet.java:991)
	at org.springframework.web.servlet.DispatcherServlet.doService(DispatcherServlet.java:925)
	at org.springframework.web.servlet.FrameworkServlet.processRequest(FrameworkServlet.java:974)
	at org.springframework.web.servlet.FrameworkServlet.doPost(FrameworkServlet.java:877)
	at javax.servlet.http.HttpServlet.service(HttpServlet.java:661)
	at org.springframework.web.servlet.FrameworkServlet.service(FrameworkServlet.java:851)
	at javax.servlet.http.HttpServlet.service(HttpServlet.java:742)
	at org.apache.catalina.core.ApplicationFilterChain.internalDoFilter(ApplicationFilterChain.java:231)
	at org.apache.catalina.core.ApplicationFilterChain.doFilter(ApplicationFilterChain.java:166)
	at org.apache.tomcat.websocket.server.WsFilter.doFilter(WsFilter.java:52)
	at org.apache.catalina.core.ApplicationFilterChain.internalDoFilter(ApplicationFilterChain.java:193)
	at org.apache.catalina.core.ApplicationFilterChain.doFilter(ApplicationFilterChain.java:166)
	at com.newland.property.boot.filter.JwtFilter.doFilter(JwtFilter.java:76)
	at org.apache.catalina.core.ApplicationFilterChain.internalDoFilter(ApplicationFilterChain.java:193)
	at org.apache.catalina.core.ApplicationFilterChain.doFilter(ApplicationFilterChain.java:166)
	at org.springframework.boot.actuate.web.trace.servlet.HttpTraceFilter.doFilterInternal(HttpTraceFilter.java:90)
	at org.springframework.web.filter.OncePerRequestFilter.doFilter(OncePerRequestFilter.java:107)
	at org.apache.catalina.core.ApplicationFilterChain.internalDoFilter(ApplicationFilterChain.java:193)
	at org.apache.catalina.core.ApplicationFilterChain.doFilter(ApplicationFilterChain.java:166)
	at org.springframework.web.filter.RequestContextFilter.doFilterInternal(RequestContextFilter.java:99)
	at org.springframework.web.filter.OncePerRequestFilter.doFilter(OncePerRequestFilter.java:107)
	at org.apache.catalina.core.ApplicationFilterChain.internalDoFilter(ApplicationFilterChain.java:193)
	at org.apache.catalina.core.ApplicationFilterChain.doFilter(ApplicationFilterChain.java:166)
	at org.springframework.web.filter.HttpPutFormContentFilter.doFilterInternal(HttpPutFormContentFilter.java:109)
	at org.springframework.web.filter.OncePerRequestFilter.doFilter(OncePerRequestFilter.java:107)
	at org.apache.catalina.core.ApplicationFilterChain.internalDoFilter(ApplicationFilterChain.java:193)
	at org.apache.catalina.core.ApplicationFilterChain.doFilter(ApplicationFilterChain.java:166)
	at org.springframework.web.filter.HiddenHttpMethodFilter.doFilterInternal(HiddenHttpMethodFilter.java:93)
	at org.springframework.web.filter.OncePerRequestFilter.doFilter(OncePerRequestFilter.java:107)
	at org.apache.catalina.core.ApplicationFilterChain.internalDoFilter(ApplicationFilterChain.java:193)
	at org.apache.catalina.core.ApplicationFilterChain.doFilter(ApplicationFilterChain.java:166)
	at org.springframework.session.web.http.SessionRepositoryFilter.doFilterInternal(SessionRepositoryFilter.java:147)
	at org.springframework.session.web.http.OncePerRequestFilter.doFilter(OncePerRequestFilter.java:81)
	at org.apache.catalina.core.ApplicationFilterChain.internalDoFilter(ApplicationFilterChain.java:193)
	at org.apache.catalina.core.ApplicationFilterChain.doFilter(ApplicationFilterChain.java:166)
	at org.springframework.boot.actuate.metrics.web.servlet.WebMvcMetricsFilter.filterAndRecordMetrics(WebMvcMetricsFilter.java:155)
	at org.springframework.boot.actuate.metrics.web.servlet.WebMvcMetricsFilter.filterAndRecordMetrics(WebMvcMetricsFilter.java:123)
	at org.springframework.boot.actuate.metrics.web.servlet.WebMvcMetricsFilter.doFilterInternal(WebMvcMetricsFilter.java:108)
	at org.springframework.web.filter.OncePerRequestFilter.doFilter(OncePerRequestFilter.java:107)
	at org.apache.catalina.core.ApplicationFilterChain.internalDoFilter(ApplicationFilterChain.java:193)
	at org.apache.catalina.core.ApplicationFilterChain.doFilter(ApplicationFilterChain.java:166)
	at org.springframework.web.filter.CharacterEncodingFilter.doFilterInternal(CharacterEncodingFilter.java:200)
	at org.springframework.web.filter.OncePerRequestFilter.doFilter(OncePerRequestFilter.java:107)
	at org.apache.catalina.core.ApplicationFilterChain.internalDoFilter(ApplicationFilterChain.java:193)
	at org.apache.catalina.core.ApplicationFilterChain.doFilter(ApplicationFilterChain.java:166)
	at org.apache.catalina.core.StandardWrapperValve.invoke(StandardWrapperValve.java:198)
	at org.apache.catalina.core.StandardContextValve.invoke(StandardContextValve.java:96)
	at org.apache.catalina.authenticator.AuthenticatorBase.invoke(AuthenticatorBase.java:493)
	at org.apache.catalina.core.StandardHostValve.invoke(StandardHostValve.java:140)
	at org.apache.catalina.valves.ErrorReportValve.invoke(ErrorReportValve.java:81)
	at org.apache.catalina.core.StandardEngineValve.invoke(StandardEngineValve.java:87)
	at org.apache.catalina.connector.CoyoteAdapter.service(CoyoteAdapter.java:342)
	at org.apache.coyote.http11.Http11Processor.service(Http11Processor.java:800)
	at org.apache.coyote.AbstractProcessorLight.process(AbstractProcessorLight.java:66)
	at org.apache.coyote.AbstractProtocol$ConnectionHandler.process(AbstractProtocol.java:800)
	at org.apache.tomcat.util.net.NioEndpoint$SocketProcessor.doRun(NioEndpoint.java:1471)
	at org.apache.tomcat.util.net.SocketProcessorBase.run(SocketProcessorBase.java:49)
	at java.util.concurrent.ThreadPoolExecutor.runWorker(ThreadPoolExecutor.java:1149)
	at java.util.concurrent.ThreadPoolExecutor$Worker.run(ThreadPoolExecutor.java:624)
	at org.apache.tomcat.util.threads.TaskThread$WrappingRunnable.run(TaskThread.java:61)
	at java.lang.Thread.run(Thread.java:748)
2024-12-19 11:01:05.227 [http-nio-8008-exec-9] ERROR c.n.p.c.t.NewlandPropertyRestTemplateInterceptor -进入拦截器{"page":"1","row":"1","storeId":"","userId":"-1"}
2024-12-19 11:01:10.648 [http-nio-8008-exec-7] ERROR c.n.p.c.t.NewlandPropertyRestTemplateInterceptor -进入拦截器{"page":"1","row":"1","storeId":"","userId":"-1"}
2024-12-19 11:12:11.016 [http-nio-8008-exec-4] ERROR c.n.p.c.t.NewlandPropertyRestTemplateInterceptor -进入拦截器{"page":"1","row":"1","storeId":"","userId":"-1"}
2024-12-19 11:12:11.438 [http-nio-8008-exec-9] ERROR c.n.p.c.t.NewlandPropertyRestTemplateInterceptor -进入拦截器{"loginUserId":"30518939884421922816","storeId":"400000000000000001","userId":"30518939884421922816"}
2024-12-19 11:12:11.438 [http-nio-8008-exec-1] ERROR c.n.p.c.t.NewlandPropertyRestTemplateInterceptor -进入拦截器{"loginUserId":"30518939884421922816","page":"1","row":"10","storeId":"400000000000000001","userId":"30518939884421922816","isShow":"Y"}
2024-12-19 11:12:11.478 [http-nio-8008-exec-5] ERROR c.n.p.c.t.NewlandPropertyRestTemplateInterceptor -进入拦截器{"loginUserId":"30518939884421922816","page":"1","row":"100","storeId":"400000000000000001","userId":"30518939884421922816"}
2024-12-19 11:12:11.773 [http-nio-8008-exec-6] ERROR c.n.p.c.t.NewlandPropertyRestTemplateInterceptor -进入拦截器{"caId":"102022022645630009","loginUserId":"30518939884421922816","communityId":"-1","storeId":"400000000000000001","userId":"30518939884421922816"}
2024-12-19 11:12:12.433 [http-nio-8008-exec-4] ERROR c.n.p.c.t.NewlandPropertyRestTemplateInterceptor -进入拦截器{"loginUserId":"30518939884421922816","storeId":"400000000000000001","userId":"30518939884421922816","platform":"admin"}
2024-12-19 11:12:12.434 [http-nio-8008-exec-8] ERROR c.n.p.c.t.NewlandPropertyRestTemplateInterceptor -进入拦截器{"loginUserId":"30518939884421922816","storeId":"400000000000000001","userId":"30518939884421922816","platform":"admin"}
2024-12-19 11:12:12.435 [http-nio-8008-exec-10] ERROR c.n.p.c.t.NewlandPropertyRestTemplateInterceptor -进入拦截器{"loginUserId":"30518939884421922816","storeId":"400000000000000001","userId":"30518939884421922816","platform":"admin"}
2024-12-19 11:12:13.694 [http-nio-8008-exec-9] ERROR c.n.p.c.t.NewlandPropertyRestTemplateInterceptor -进入拦截器{"userId":"30518939884421922816","token":""}
2024-12-19 11:12:13.766 [http-nio-8008-exec-9] ERROR c.n.p.b.smo.impl.ApiServiceSMOImpl -请求下游服务【http://127.0.0.1:8008/cmd/user.service.logout?】异常，参数为<{"userId":"30518939884421922816","token":""},{referer=[http://127.0.0.1:3000/], content-length=[11], req-time=[20241219111213], sec-fetch-site=[same-origin], origin=[http://127.0.0.1:3000], sign=[], _newland_token=[eyJ0eXAiOiJKV1QiLCJhbGciOiJIUzI1NiJ9.eyJpc3MiOiJuZXdsYW5kIiwidXNlck5hbWUiOiJhZG1pbiIsImp0aSI6IjQzZDFjMTAyM2YxODQ5OTBhMjc1NTU2YzU4MWM5ZGNkIn0.EIo-HwlpLucdDHXYmFSVtwsZkbPk_fqOlTefnvPJ8AE], REQUEST_URL=[http://127.0.0.1:8008/user.service.logout], transaction-id=[fecfc5f5-e014-4c07-81d5-aebb2e945894], sec-ch-ua-mobile=[?0], host=[127.0.0.1:3000], content-type=[application/json;charset=UTF-8], connection=[close], SERVICE=[user.service.logout], cache-control=[no-cache], app_id=[8000418004], property-lang=[cn], sec-fetch-mode=[cors], transaction_id=[fbc300326ad24406814c4f68887a583b], app-id=[8000418004], accept-language=[zh-CN,zh;q=0.9], cookie=[SESSION=NDQxYTAwZDgtYzc2Ny00NTI0LTlmY2ItZTA2ZTI5NjYzNWZl; Hm_lvt_adedae9bc250561cc17e96dc1fb46079=1734576997; HMACCOUNT=82B94E3E619AAE11; _newland_property_token_=eyJ0eXAiOiJKV1QiLCJhbGciOiJIUzI1NiJ9.eyJpc3MiOiJuZXdsYW5kIiwidXNlck5hbWUiOiJhZG1pbiIsImp0aSI6IjQzZDFjMTAyM2YxODQ5OTBhMjc1NTU2YzU4MWM5ZGNkIn0.EIo-HwlpLucdDHXYmFSVtwsZkbPk_fqOlTefnvPJ8AE; Hm_lpvt_adedae9bc250561cc17e96dc1fb46079=1734577931], user-id=[30518939884421922816], version=[v1.7], pragma=[no-cache], req_time=[20241219111213], accept=[application/json, text/plain, */*], accept-charset=[utf-8], sec-ch-ua=["Google Chrome";v="131", "Chromium";v="131", "Not_A Brand";v="24"], user_id=[30518939884421922816], sec-ch-ua-platform=["macOS"], x-requested-with=[XMLHttpRequest], METHOD=[POST], accept-encoding=[gzip, deflate, br, zstd], user-agent=[Mozilla/5.0 (Macintosh; Intel Mac OS X 10_15_7) AppleWebKit/537.36 (KHTML, like Gecko) Chrome/131.0.0.0 Safari/537.36], sec-fetch-dest=[empty]}>退出登录失败，请联系管理员
org.springframework.web.client.HttpClientErrorException: 401 
	at org.springframework.web.client.DefaultResponseErrorHandler.handleError(DefaultResponseErrorHandler.java:94)
	at org.springframework.web.client.DefaultResponseErrorHandler.handleError(DefaultResponseErrorHandler.java:79)
	at org.springframework.web.client.ResponseErrorHandler.handleError(ResponseErrorHandler.java:63)
	at org.springframework.web.client.RestTemplate.handleResponse(RestTemplate.java:766)
	at org.springframework.web.client.RestTemplate.doExecute(RestTemplate.java:724)
	at org.springframework.web.client.RestTemplate.execute(RestTemplate.java:680)
	at org.springframework.web.client.RestTemplate.exchange(RestTemplate.java:600)
	at com.newland.property.core.client.RestTemplate.exchange(RestTemplate.java:39)
	at com.newland.property.core.client.OutRestTemplate.exchange(OutRestTemplate.java:54)
	at com.newland.property.boot.smo.impl.ApiServiceSMOImpl.dealCmd(ApiServiceSMOImpl.java:598)
	at com.newland.property.boot.smo.impl.ApiServiceSMOImpl.invokeBusinessSystem(ApiServiceSMOImpl.java:406)
	at com.newland.property.boot.smo.impl.ApiServiceSMOImpl.service(ApiServiceSMOImpl.java:103)
	at com.newland.property.boot.smo.impl.ApiServiceSMOImpl$$FastClassBySpringCGLIB$$a08c9dd8.invoke(<generated>)
	at org.springframework.cglib.proxy.MethodProxy.invoke(MethodProxy.java:204)
	at org.springframework.aop.framework.CglibAopProxy$CglibMethodInvocation.invokeJoinpoint(CglibAopProxy.java:746)
	at org.springframework.aop.framework.ReflectiveMethodInvocation.proceed(ReflectiveMethodInvocation.java:163)
	at org.springframework.aop.aspectj.MethodInvocationProceedingJoinPoint.proceed(MethodInvocationProceedingJoinPoint.java:88)
	at com.newland.property.core.trace.NewlandPropertyTraceLogAop.around(NewlandPropertyTraceLogAop.java:49)
	at sun.reflect.GeneratedMethodAccessor244.invoke(Unknown Source)
	at sun.reflect.DelegatingMethodAccessorImpl.invoke(DelegatingMethodAccessorImpl.java:43)
	at java.lang.reflect.Method.invoke(Method.java:498)
	at org.springframework.aop.aspectj.AbstractAspectJAdvice.invokeAdviceMethodWithGivenArgs(AbstractAspectJAdvice.java:644)
	at org.springframework.aop.aspectj.AbstractAspectJAdvice.invokeAdviceMethod(AbstractAspectJAdvice.java:633)
	at org.springframework.aop.aspectj.AspectJAroundAdvice.invoke(AspectJAroundAdvice.java:70)
	at org.springframework.aop.framework.ReflectiveMethodInvocation.proceed(ReflectiveMethodInvocation.java:174)
	at org.springframework.aop.interceptor.ExposeInvocationInterceptor.invoke(ExposeInvocationInterceptor.java:92)
	at org.springframework.aop.framework.ReflectiveMethodInvocation.proceed(ReflectiveMethodInvocation.java:185)
	at org.springframework.aop.framework.CglibAopProxy$DynamicAdvisedInterceptor.intercept(CglibAopProxy.java:688)
	at com.newland.property.boot.smo.impl.ApiServiceSMOImpl$$EnhancerBySpringCGLIB$$42cc4753.service(<generated>)
	at com.newland.property.boot.smo.DefaultAbstractComponentSMO.callCenterService(DefaultAbstractComponentSMO.java:120)
	at com.newland.property.boot.smo.impl.NavServiceSMOImpl.doExit(NavServiceSMOImpl.java:42)
	at com.newland.property.boot.components.NavComponent.logout(NavComponent.java:31)
	at sun.reflect.NativeMethodAccessorImpl.invoke0(Native Method)
	at sun.reflect.NativeMethodAccessorImpl.invoke(NativeMethodAccessorImpl.java:62)
	at sun.reflect.DelegatingMethodAccessorImpl.invoke(DelegatingMethodAccessorImpl.java:43)
	at java.lang.reflect.Method.invoke(Method.java:498)
	at com.newland.property.boot.controller.component.CallComponentController.callComponent(CallComponentController.java:172)
	at com.newland.property.boot.controller.component.CallComponentController$$FastClassBySpringCGLIB$$a57f82cb.invoke(<generated>)
	at org.springframework.cglib.proxy.MethodProxy.invoke(MethodProxy.java:204)
	at org.springframework.aop.framework.CglibAopProxy$CglibMethodInvocation.invokeJoinpoint(CglibAopProxy.java:746)
	at org.springframework.aop.framework.ReflectiveMethodInvocation.proceed(ReflectiveMethodInvocation.java:163)
	at org.springframework.aop.framework.adapter.MethodBeforeAdviceInterceptor.invoke(MethodBeforeAdviceInterceptor.java:56)
	at org.springframework.aop.framework.ReflectiveMethodInvocation.proceed(ReflectiveMethodInvocation.java:185)
	at org.springframework.aop.aspectj.MethodInvocationProceedingJoinPoint.proceed(MethodInvocationProceedingJoinPoint.java:88)
	at com.newland.property.boot.aop.PageProcessAspect.around(PageProcessAspect.java:180)
	at sun.reflect.GeneratedMethodAccessor273.invoke(Unknown Source)
	at sun.reflect.DelegatingMethodAccessorImpl.invoke(DelegatingMethodAccessorImpl.java:43)
	at java.lang.reflect.Method.invoke(Method.java:498)
	at org.springframework.aop.aspectj.AbstractAspectJAdvice.invokeAdviceMethodWithGivenArgs(AbstractAspectJAdvice.java:644)
	at org.springframework.aop.aspectj.AbstractAspectJAdvice.invokeAdviceMethod(AbstractAspectJAdvice.java:633)
	at org.springframework.aop.aspectj.AspectJAroundAdvice.invoke(AspectJAroundAdvice.java:70)
	at org.springframework.aop.framework.ReflectiveMethodInvocation.proceed(ReflectiveMethodInvocation.java:185)
	at org.springframework.aop.aspectj.AspectJAfterAdvice.invoke(AspectJAfterAdvice.java:47)
	at org.springframework.aop.framework.ReflectiveMethodInvocation.proceed(ReflectiveMethodInvocation.java:185)
	at org.springframework.aop.framework.adapter.AfterReturningAdviceInterceptor.invoke(AfterReturningAdviceInterceptor.java:55)
	at org.springframework.aop.framework.ReflectiveMethodInvocation.proceed(ReflectiveMethodInvocation.java:185)
	at org.springframework.aop.aspectj.AspectJAfterThrowingAdvice.invoke(AspectJAfterThrowingAdvice.java:62)
	at org.springframework.aop.framework.ReflectiveMethodInvocation.proceed(ReflectiveMethodInvocation.java:185)
	at org.springframework.aop.aspectj.MethodInvocationProceedingJoinPoint.proceed(MethodInvocationProceedingJoinPoint.java:88)
	at com.newland.property.core.language.NewlandPropertyLangAop.around(NewlandPropertyLangAop.java:41)
	at sun.reflect.GeneratedMethodAccessor272.invoke(Unknown Source)
	at sun.reflect.DelegatingMethodAccessorImpl.invoke(DelegatingMethodAccessorImpl.java:43)
	at java.lang.reflect.Method.invoke(Method.java:498)
	at org.springframework.aop.aspectj.AbstractAspectJAdvice.invokeAdviceMethodWithGivenArgs(AbstractAspectJAdvice.java:644)
	at org.springframework.aop.aspectj.AbstractAspectJAdvice.invokeAdviceMethod(AbstractAspectJAdvice.java:633)
	at org.springframework.aop.aspectj.AspectJAroundAdvice.invoke(AspectJAroundAdvice.java:70)
	at org.springframework.aop.framework.ReflectiveMethodInvocation.proceed(ReflectiveMethodInvocation.java:174)
	at org.springframework.aop.interceptor.ExposeInvocationInterceptor.invoke(ExposeInvocationInterceptor.java:92)
	at org.springframework.aop.framework.ReflectiveMethodInvocation.proceed(ReflectiveMethodInvocation.java:185)
	at org.springframework.aop.framework.CglibAopProxy$DynamicAdvisedInterceptor.intercept(CglibAopProxy.java:688)
	at com.newland.property.boot.controller.component.CallComponentController$$EnhancerBySpringCGLIB$$1b972c2.callComponent(<generated>)
	at sun.reflect.NativeMethodAccessorImpl.invoke0(Native Method)
	at sun.reflect.NativeMethodAccessorImpl.invoke(NativeMethodAccessorImpl.java:62)
	at sun.reflect.DelegatingMethodAccessorImpl.invoke(DelegatingMethodAccessorImpl.java:43)
	at java.lang.reflect.Method.invoke(Method.java:498)
	at org.springframework.web.method.support.InvocableHandlerMethod.doInvoke(InvocableHandlerMethod.java:209)
	at org.springframework.web.method.support.InvocableHandlerMethod.invokeForRequest(InvocableHandlerMethod.java:136)
	at org.springframework.web.servlet.mvc.method.annotation.ServletInvocableHandlerMethod.invokeAndHandle(ServletInvocableHandlerMethod.java:102)
	at org.springframework.web.servlet.mvc.method.annotation.RequestMappingHandlerAdapter.invokeHandlerMethod(RequestMappingHandlerAdapter.java:877)
	at org.springframework.web.servlet.mvc.method.annotation.RequestMappingHandlerAdapter.handleInternal(RequestMappingHandlerAdapter.java:783)
	at org.springframework.web.servlet.mvc.method.AbstractHandlerMethodAdapter.handle(AbstractHandlerMethodAdapter.java:87)
	at org.springframework.web.servlet.DispatcherServlet.doDispatch(DispatcherServlet.java:991)
	at org.springframework.web.servlet.DispatcherServlet.doService(DispatcherServlet.java:925)
	at org.springframework.web.servlet.FrameworkServlet.processRequest(FrameworkServlet.java:974)
	at org.springframework.web.servlet.FrameworkServlet.doPost(FrameworkServlet.java:877)
	at javax.servlet.http.HttpServlet.service(HttpServlet.java:661)
	at org.springframework.web.servlet.FrameworkServlet.service(FrameworkServlet.java:851)
	at javax.servlet.http.HttpServlet.service(HttpServlet.java:742)
	at org.apache.catalina.core.ApplicationFilterChain.internalDoFilter(ApplicationFilterChain.java:231)
	at org.apache.catalina.core.ApplicationFilterChain.doFilter(ApplicationFilterChain.java:166)
	at org.apache.tomcat.websocket.server.WsFilter.doFilter(WsFilter.java:52)
	at org.apache.catalina.core.ApplicationFilterChain.internalDoFilter(ApplicationFilterChain.java:193)
	at org.apache.catalina.core.ApplicationFilterChain.doFilter(ApplicationFilterChain.java:166)
	at com.newland.property.boot.filter.JwtFilter.doFilter(JwtFilter.java:76)
	at org.apache.catalina.core.ApplicationFilterChain.internalDoFilter(ApplicationFilterChain.java:193)
	at org.apache.catalina.core.ApplicationFilterChain.doFilter(ApplicationFilterChain.java:166)
	at org.springframework.boot.actuate.web.trace.servlet.HttpTraceFilter.doFilterInternal(HttpTraceFilter.java:90)
	at org.springframework.web.filter.OncePerRequestFilter.doFilter(OncePerRequestFilter.java:107)
	at org.apache.catalina.core.ApplicationFilterChain.internalDoFilter(ApplicationFilterChain.java:193)
	at org.apache.catalina.core.ApplicationFilterChain.doFilter(ApplicationFilterChain.java:166)
	at org.springframework.web.filter.RequestContextFilter.doFilterInternal(RequestContextFilter.java:99)
	at org.springframework.web.filter.OncePerRequestFilter.doFilter(OncePerRequestFilter.java:107)
	at org.apache.catalina.core.ApplicationFilterChain.internalDoFilter(ApplicationFilterChain.java:193)
	at org.apache.catalina.core.ApplicationFilterChain.doFilter(ApplicationFilterChain.java:166)
	at org.springframework.web.filter.HttpPutFormContentFilter.doFilterInternal(HttpPutFormContentFilter.java:109)
	at org.springframework.web.filter.OncePerRequestFilter.doFilter(OncePerRequestFilter.java:107)
	at org.apache.catalina.core.ApplicationFilterChain.internalDoFilter(ApplicationFilterChain.java:193)
	at org.apache.catalina.core.ApplicationFilterChain.doFilter(ApplicationFilterChain.java:166)
	at org.springframework.web.filter.HiddenHttpMethodFilter.doFilterInternal(HiddenHttpMethodFilter.java:93)
	at org.springframework.web.filter.OncePerRequestFilter.doFilter(OncePerRequestFilter.java:107)
	at org.apache.catalina.core.ApplicationFilterChain.internalDoFilter(ApplicationFilterChain.java:193)
	at org.apache.catalina.core.ApplicationFilterChain.doFilter(ApplicationFilterChain.java:166)
	at org.springframework.session.web.http.SessionRepositoryFilter.doFilterInternal(SessionRepositoryFilter.java:147)
	at org.springframework.session.web.http.OncePerRequestFilter.doFilter(OncePerRequestFilter.java:81)
	at org.apache.catalina.core.ApplicationFilterChain.internalDoFilter(ApplicationFilterChain.java:193)
	at org.apache.catalina.core.ApplicationFilterChain.doFilter(ApplicationFilterChain.java:166)
	at org.springframework.boot.actuate.metrics.web.servlet.WebMvcMetricsFilter.filterAndRecordMetrics(WebMvcMetricsFilter.java:155)
	at org.springframework.boot.actuate.metrics.web.servlet.WebMvcMetricsFilter.filterAndRecordMetrics(WebMvcMetricsFilter.java:123)
	at org.springframework.boot.actuate.metrics.web.servlet.WebMvcMetricsFilter.doFilterInternal(WebMvcMetricsFilter.java:108)
	at org.springframework.web.filter.OncePerRequestFilter.doFilter(OncePerRequestFilter.java:107)
	at org.apache.catalina.core.ApplicationFilterChain.internalDoFilter(ApplicationFilterChain.java:193)
	at org.apache.catalina.core.ApplicationFilterChain.doFilter(ApplicationFilterChain.java:166)
	at org.springframework.web.filter.CharacterEncodingFilter.doFilterInternal(CharacterEncodingFilter.java:200)
	at org.springframework.web.filter.OncePerRequestFilter.doFilter(OncePerRequestFilter.java:107)
	at org.apache.catalina.core.ApplicationFilterChain.internalDoFilter(ApplicationFilterChain.java:193)
	at org.apache.catalina.core.ApplicationFilterChain.doFilter(ApplicationFilterChain.java:166)
	at org.apache.catalina.core.StandardWrapperValve.invoke(StandardWrapperValve.java:198)
	at org.apache.catalina.core.StandardContextValve.invoke(StandardContextValve.java:96)
	at org.apache.catalina.authenticator.AuthenticatorBase.invoke(AuthenticatorBase.java:493)
	at org.apache.catalina.core.StandardHostValve.invoke(StandardHostValve.java:140)
	at org.apache.catalina.valves.ErrorReportValve.invoke(ErrorReportValve.java:81)
	at org.apache.catalina.core.StandardEngineValve.invoke(StandardEngineValve.java:87)
	at org.apache.catalina.connector.CoyoteAdapter.service(CoyoteAdapter.java:342)
	at org.apache.coyote.http11.Http11Processor.service(Http11Processor.java:800)
	at org.apache.coyote.AbstractProcessorLight.process(AbstractProcessorLight.java:66)
	at org.apache.coyote.AbstractProtocol$ConnectionHandler.process(AbstractProtocol.java:800)
	at org.apache.tomcat.util.net.NioEndpoint$SocketProcessor.doRun(NioEndpoint.java:1471)
	at org.apache.tomcat.util.net.SocketProcessorBase.run(SocketProcessorBase.java:49)
	at java.util.concurrent.ThreadPoolExecutor.runWorker(ThreadPoolExecutor.java:1149)
	at java.util.concurrent.ThreadPoolExecutor$Worker.run(ThreadPoolExecutor.java:624)
	at org.apache.tomcat.util.threads.TaskThread$WrappingRunnable.run(TaskThread.java:61)
	at java.lang.Thread.run(Thread.java:748)
2024-12-19 11:12:14.070 [http-nio-8008-exec-7] ERROR c.n.p.c.t.NewlandPropertyRestTemplateInterceptor -进入拦截器{"page":"1","row":"1","storeId":"","userId":"-1"}
2024-12-19 11:26:02.103 [http-nio-8008-exec-2] ERROR c.n.p.c.t.NewlandPropertyRestTemplateInterceptor -进入拦截器{"page":"1","row":"1","storeId":"","userId":"-1"}
2024-12-19 11:31:55.734 [http-nio-8008-exec-3] ERROR c.n.p.c.t.NewlandPropertyRestTemplateInterceptor -进入拦截器{"passwd":"3b34708d9082cccf9ed861ea526304d5","logo":"HC","validateCode":"rl67","errorInfo":"","userId":"-1","username":"admin"}
2024-12-19 11:31:56.036 [http-nio-8008-exec-6] ERROR c.n.p.c.t.NewlandPropertyRestTemplateInterceptor -进入拦截器{"userId":"30518939884421922816"}
2024-12-19 11:31:56.164 [http-nio-8008-exec-6] ERROR c.n.p.c.t.NewlandPropertyRestTemplateInterceptor -进入拦截器{"loginUserId":"30518939884421922816","storeId":"400000000000000001","_uId":"ccdd00opikookjuhyyttvhnnjuuu","userId":"30518939884421922816"}
2024-12-19 11:31:56.364 [http-nio-8008-exec-8] ERROR c.n.p.c.t.NewlandPropertyRestTemplateInterceptor -进入拦截器{"a":"HC","loginUserId":"30518939884421922816","storeId":"400000000000000001","userId":"30518939884421922816"}
2024-12-19 11:31:56.581 [http-nio-8008-exec-2] ERROR c.n.p.c.t.NewlandPropertyRestTemplateInterceptor -进入拦截器{"loginUserId":"30518939884421922816","page":"1","row":"3","storeId":"400000000000000001","_uId":"ccdd00opikookjuhyyttvhnnjuuu","userId":"30518939884421922816"}
2024-12-19 11:31:56.907 [http-nio-8008-exec-9] ERROR c.n.p.c.t.NewlandPropertyRestTemplateInterceptor -进入拦截器{"page":"1","row":"1","storeId":"","userId":"-1"}
2024-12-19 11:31:57.316 [http-nio-8008-exec-7] ERROR c.n.p.c.t.NewlandPropertyRestTemplateInterceptor -进入拦截器{"loginUserId":"30518939884421922816","storeId":"400000000000000001","userId":"30518939884421922816"}
2024-12-19 11:31:57.318 [http-nio-8008-exec-3] ERROR c.n.p.c.t.NewlandPropertyRestTemplateInterceptor -进入拦截器{"loginUserId":"30518939884421922816","page":"1","row":"10","storeId":"400000000000000001","userId":"30518939884421922816","isShow":"Y"}
2024-12-19 11:31:57.334 [http-nio-8008-exec-10] ERROR c.n.p.c.t.NewlandPropertyRestTemplateInterceptor -进入拦截器{"loginUserId":"30518939884421922816","page":"1","row":"100","storeId":"400000000000000001","userId":"30518939884421922816"}
2024-12-19 11:31:57.578 [http-nio-8008-exec-5] ERROR c.n.p.c.t.NewlandPropertyRestTemplateInterceptor -进入拦截器{"caId":"102022022645630009","loginUserId":"30518939884421922816","communityId":"-1","storeId":"400000000000000001","userId":"30518939884421922816"}
2024-12-19 11:31:58.308 [http-nio-8008-exec-4] ERROR c.n.p.c.t.NewlandPropertyRestTemplateInterceptor -进入拦截器{"loginUserId":"30518939884421922816","storeId":"400000000000000001","userId":"30518939884421922816","platform":"admin"}
2024-12-19 11:31:58.319 [http-nio-8008-exec-9] ERROR c.n.p.c.t.NewlandPropertyRestTemplateInterceptor -进入拦截器{"loginUserId":"30518939884421922816","storeId":"400000000000000001","userId":"30518939884421922816","platform":"admin"}
2024-12-19 11:31:58.319 [http-nio-8008-exec-1] ERROR c.n.p.c.t.NewlandPropertyRestTemplateInterceptor -进入拦截器{"loginUserId":"30518939884421922816","storeId":"400000000000000001","userId":"30518939884421922816","platform":"admin"}
2024-12-19 11:32:52.061 [http-nio-8008-exec-7] ERROR c.n.p.c.t.NewlandPropertyRestTemplateInterceptor -进入拦截器{"page":"1","row":"1","storeId":"","userId":"-1"}
2024-12-19 11:32:52.524 [http-nio-8008-exec-6] ERROR c.n.p.b.websocket.MessageWebsocket -用户错误:30518939884421922816,客户端：d7b52cf3-364d-4f53-96a1-e2063b83eda1,原因:Connection reset by peer
2024-12-19 11:32:52.637 [http-nio-8008-exec-2] ERROR c.n.p.c.t.NewlandPropertyRestTemplateInterceptor -进入拦截器{"loginUserId":"30518939884421922816","page":"1","row":"10","storeId":"400000000000000001","userId":"30518939884421922816","isShow":"Y"}
2024-12-19 11:32:52.637 [http-nio-8008-exec-5] ERROR c.n.p.c.t.NewlandPropertyRestTemplateInterceptor -进入拦截器{"loginUserId":"30518939884421922816","storeId":"400000000000000001","userId":"30518939884421922816"}
2024-12-19 11:32:52.646 [http-nio-8008-exec-3] ERROR c.n.p.c.t.NewlandPropertyRestTemplateInterceptor -进入拦截器{"loginUserId":"30518939884421922816","page":"1","row":"100","storeId":"400000000000000001","userId":"30518939884421922816"}
2024-12-19 11:32:52.883 [http-nio-8008-exec-2] ERROR c.n.p.c.t.NewlandPropertyRestTemplateInterceptor -进入拦截器{"caId":"102022022645630009","loginUserId":"30518939884421922816","communityId":"-1","storeId":"400000000000000001","userId":"30518939884421922816"}
2024-12-19 11:32:53.606 [http-nio-8008-exec-8] ERROR c.n.p.c.t.NewlandPropertyRestTemplateInterceptor -进入拦截器{"loginUserId":"30518939884421922816","storeId":"400000000000000001","userId":"30518939884421922816","platform":"admin"}
2024-12-19 11:32:53.607 [http-nio-8008-exec-6] ERROR c.n.p.c.t.NewlandPropertyRestTemplateInterceptor -进入拦截器{"loginUserId":"30518939884421922816","storeId":"400000000000000001","userId":"30518939884421922816","platform":"admin"}
2024-12-19 11:32:53.607 [http-nio-8008-exec-7] ERROR c.n.p.c.t.NewlandPropertyRestTemplateInterceptor -进入拦截器{"loginUserId":"30518939884421922816","storeId":"400000000000000001","userId":"30518939884421922816","platform":"admin"}
2024-12-19 11:33:08.042 [http-nio-8008-exec-3] ERROR c.n.p.c.t.NewlandPropertyRestTemplateInterceptor -进入拦截器{"page":"1","row":"1","storeId":"","userId":"-1"}
2024-12-19 11:33:08.703 [http-nio-8008-exec-2] ERROR c.n.p.c.t.NewlandPropertyRestTemplateInterceptor -进入拦截器{"loginUserId":"30518939884421922816","storeId":"400000000000000001","userId":"30518939884421922816"}
2024-12-19 11:33:08.706 [http-nio-8008-exec-9] ERROR c.n.p.c.t.NewlandPropertyRestTemplateInterceptor -进入拦截器{"loginUserId":"30518939884421922816","page":"1","row":"100","storeId":"400000000000000001","userId":"30518939884421922816"}
2024-12-19 11:33:08.727 [http-nio-8008-exec-10] ERROR c.n.p.c.t.NewlandPropertyRestTemplateInterceptor -进入拦截器{"loginUserId":"30518939884421922816","page":"1","row":"10","storeId":"400000000000000001","userId":"30518939884421922816","isShow":"Y"}
2024-12-19 11:33:08.997 [http-nio-8008-exec-7] ERROR c.n.p.c.t.NewlandPropertyRestTemplateInterceptor -进入拦截器{"caId":"102022022645630009","loginUserId":"30518939884421922816","communityId":"-1","storeId":"400000000000000001","userId":"30518939884421922816"}
2024-12-19 11:33:09.619 [http-nio-8008-exec-3] ERROR c.n.p.c.t.NewlandPropertyRestTemplateInterceptor -进入拦截器{"loginUserId":"30518939884421922816","storeId":"400000000000000001","userId":"30518939884421922816","platform":"admin"}
2024-12-19 11:33:09.619 [http-nio-8008-exec-4] ERROR c.n.p.c.t.NewlandPropertyRestTemplateInterceptor -进入拦截器{"loginUserId":"30518939884421922816","storeId":"400000000000000001","userId":"30518939884421922816","platform":"admin"}
2024-12-19 11:33:09.619 [http-nio-8008-exec-8] ERROR c.n.p.c.t.NewlandPropertyRestTemplateInterceptor -进入拦截器{"loginUserId":"30518939884421922816","storeId":"400000000000000001","userId":"30518939884421922816","platform":"admin"}
2024-12-19 11:33:47.297 [http-nio-8008-exec-5] ERROR c.n.p.c.t.NewlandPropertyRestTemplateInterceptor -进入拦截器{"page":"1","row":"1","storeId":"","userId":"-1"}
2024-12-19 11:33:47.830 [http-nio-8008-exec-8] ERROR c.n.p.c.t.NewlandPropertyRestTemplateInterceptor -进入拦截器{"loginUserId":"30518939884421922816","storeId":"400000000000000001","userId":"30518939884421922816"}
2024-12-19 11:33:47.831 [http-nio-8008-exec-9] ERROR c.n.p.c.t.NewlandPropertyRestTemplateInterceptor -进入拦截器{"loginUserId":"30518939884421922816","page":"1","row":"10","storeId":"400000000000000001","userId":"30518939884421922816","isShow":"Y"}
2024-12-19 11:33:47.933 [http-nio-8008-exec-4] ERROR c.n.p.c.t.NewlandPropertyRestTemplateInterceptor -进入拦截器{"loginUserId":"30518939884421922816","page":"1","row":"100","storeId":"400000000000000001","userId":"30518939884421922816"}
2024-12-19 11:33:48.140 [http-nio-8008-exec-10] ERROR c.n.p.c.t.NewlandPropertyRestTemplateInterceptor -进入拦截器{"caId":"102022022645630009","loginUserId":"30518939884421922816","communityId":"-1","storeId":"400000000000000001","userId":"30518939884421922816"}
2024-12-19 11:33:48.864 [http-nio-8008-exec-6] ERROR c.n.p.c.t.NewlandPropertyRestTemplateInterceptor -进入拦截器{"loginUserId":"30518939884421922816","storeId":"400000000000000001","userId":"30518939884421922816","platform":"admin"}
2024-12-19 11:33:48.866 [http-nio-8008-exec-3] ERROR c.n.p.c.t.NewlandPropertyRestTemplateInterceptor -进入拦截器{"loginUserId":"30518939884421922816","storeId":"400000000000000001","userId":"30518939884421922816","platform":"admin"}
2024-12-19 11:33:48.867 [http-nio-8008-exec-5] ERROR c.n.p.c.t.NewlandPropertyRestTemplateInterceptor -进入拦截器{"loginUserId":"30518939884421922816","storeId":"400000000000000001","userId":"30518939884421922816","platform":"admin"}
2024-12-19 11:34:28.152 [http-nio-8008-exec-7] ERROR c.n.p.c.t.NewlandPropertyRestTemplateInterceptor -进入拦截器{"page":"1","row":"1","storeId":"","userId":"-1"}
2024-12-19 11:34:28.763 [http-nio-8008-exec-9] ERROR c.n.p.c.t.NewlandPropertyRestTemplateInterceptor -进入拦截器{"loginUserId":"30518939884421922816","storeId":"400000000000000001","userId":"30518939884421922816"}
2024-12-19 11:34:28.763 [http-nio-8008-exec-1] ERROR c.n.p.c.t.NewlandPropertyRestTemplateInterceptor -进入拦截器{"loginUserId":"30518939884421922816","page":"1","row":"10","storeId":"400000000000000001","userId":"30518939884421922816","isShow":"Y"}
2024-12-19 11:34:28.768 [http-nio-8008-exec-2] ERROR c.n.p.c.t.NewlandPropertyRestTemplateInterceptor -进入拦截器{"loginUserId":"30518939884421922816","page":"1","row":"100","storeId":"400000000000000001","userId":"30518939884421922816"}
2024-12-19 11:34:29.137 [http-nio-8008-exec-4] ERROR c.n.p.c.t.NewlandPropertyRestTemplateInterceptor -进入拦截器{"caId":"102022022645630009","loginUserId":"30518939884421922816","communityId":"-1","storeId":"400000000000000001","userId":"30518939884421922816"}
2024-12-19 11:34:29.692 [http-nio-8008-exec-7] ERROR c.n.p.c.t.NewlandPropertyRestTemplateInterceptor -进入拦截器{"loginUserId":"30518939884421922816","storeId":"400000000000000001","userId":"30518939884421922816","platform":"admin"}
2024-12-19 11:34:29.692 [http-nio-8008-exec-5] ERROR c.n.p.c.t.NewlandPropertyRestTemplateInterceptor -进入拦截器{"loginUserId":"30518939884421922816","storeId":"400000000000000001","userId":"30518939884421922816","platform":"admin"}
2024-12-19 11:34:29.693 [http-nio-8008-exec-6] ERROR c.n.p.c.t.NewlandPropertyRestTemplateInterceptor -进入拦截器{"loginUserId":"30518939884421922816","storeId":"400000000000000001","userId":"30518939884421922816","platform":"admin"}
2024-12-19 11:34:53.220 [http-nio-8008-exec-9] ERROR c.n.p.c.t.NewlandPropertyRestTemplateInterceptor -进入拦截器{"page":"1","row":"1","storeId":"","userId":"-1"}
2024-12-19 11:34:53.766 [http-nio-8008-exec-3] ERROR c.n.p.c.t.NewlandPropertyRestTemplateInterceptor -进入拦截器{"loginUserId":"30518939884421922816","storeId":"400000000000000001","userId":"30518939884421922816"}
2024-12-19 11:34:53.768 [http-nio-8008-exec-4] ERROR c.n.p.c.t.NewlandPropertyRestTemplateInterceptor -进入拦截器{"loginUserId":"30518939884421922816","page":"1","row":"10","storeId":"400000000000000001","userId":"30518939884421922816","isShow":"Y"}
2024-12-19 11:34:53.788 [http-nio-8008-exec-8] ERROR c.n.p.c.t.NewlandPropertyRestTemplateInterceptor -进入拦截器{"loginUserId":"30518939884421922816","page":"1","row":"100","storeId":"400000000000000001","userId":"30518939884421922816"}
2024-12-19 11:34:54.091 [http-nio-8008-exec-2] ERROR c.n.p.c.t.NewlandPropertyRestTemplateInterceptor -进入拦截器{"caId":"102022022645630009","loginUserId":"30518939884421922816","communityId":"-1","storeId":"400000000000000001","userId":"30518939884421922816"}
2024-12-19 11:34:54.725 [http-nio-8008-exec-9] ERROR c.n.p.c.t.NewlandPropertyRestTemplateInterceptor -进入拦截器{"loginUserId":"30518939884421922816","storeId":"400000000000000001","userId":"30518939884421922816","platform":"admin"}
2024-12-19 11:34:54.726 [http-nio-8008-exec-6] ERROR c.n.p.c.t.NewlandPropertyRestTemplateInterceptor -进入拦截器{"loginUserId":"30518939884421922816","storeId":"400000000000000001","userId":"30518939884421922816","platform":"admin"}
2024-12-19 11:34:54.732 [http-nio-8008-exec-1] ERROR c.n.p.c.t.NewlandPropertyRestTemplateInterceptor -进入拦截器{"loginUserId":"30518939884421922816","storeId":"400000000000000001","userId":"30518939884421922816","platform":"admin"}
2024-12-19 11:34:55.436 [http-nio-8008-exec-3] ERROR c.n.p.c.t.NewlandPropertyRestTemplateInterceptor -进入拦截器{"page":"1","row":"1","storeId":"","userId":"-1"}
2024-12-19 11:34:55.908 [http-nio-8008-exec-2] ERROR c.n.p.c.t.NewlandPropertyRestTemplateInterceptor -进入拦截器{"loginUserId":"30518939884421922816","page":"1","row":"10","storeId":"400000000000000001","userId":"30518939884421922816","isShow":"Y"}
2024-12-19 11:34:55.910 [http-nio-8008-exec-4] ERROR c.n.p.c.t.NewlandPropertyRestTemplateInterceptor -进入拦截器{"loginUserId":"30518939884421922816","storeId":"400000000000000001","userId":"30518939884421922816"}
2024-12-19 11:34:55.928 [http-nio-8008-exec-6] ERROR c.n.p.c.t.NewlandPropertyRestTemplateInterceptor -进入拦截器{"loginUserId":"30518939884421922816","page":"1","row":"100","storeId":"400000000000000001","userId":"30518939884421922816"}
2024-12-19 11:34:56.197 [http-nio-8008-exec-8] ERROR c.n.p.c.t.NewlandPropertyRestTemplateInterceptor -进入拦截器{"caId":"102022022645630009","loginUserId":"30518939884421922816","communityId":"-1","storeId":"400000000000000001","userId":"30518939884421922816"}
2024-12-19 11:34:56.874 [http-nio-8008-exec-5] ERROR c.n.p.c.t.NewlandPropertyRestTemplateInterceptor -进入拦截器{"loginUserId":"30518939884421922816","storeId":"400000000000000001","userId":"30518939884421922816","platform":"admin"}
2024-12-19 11:34:56.880 [http-nio-8008-exec-7] ERROR c.n.p.c.t.NewlandPropertyRestTemplateInterceptor -进入拦截器{"loginUserId":"30518939884421922816","storeId":"400000000000000001","userId":"30518939884421922816","platform":"admin"}
2024-12-19 11:34:56.882 [http-nio-8008-exec-3] ERROR c.n.p.c.t.NewlandPropertyRestTemplateInterceptor -进入拦截器{"loginUserId":"30518939884421922816","storeId":"400000000000000001","userId":"30518939884421922816","platform":"admin"}
2024-12-19 11:35:14.447 [http-nio-8008-exec-6] ERROR c.n.p.c.t.NewlandPropertyRestTemplateInterceptor -进入拦截器{"page":"1","row":"1","storeId":"","userId":"-1"}
2024-12-19 11:35:14.987 [http-nio-8008-exec-8] ERROR c.n.p.c.t.NewlandPropertyRestTemplateInterceptor -进入拦截器{"loginUserId":"30518939884421922816","page":"1","row":"10","storeId":"400000000000000001","userId":"30518939884421922816","isShow":"Y"}
2024-12-19 11:35:14.988 [http-nio-8008-exec-9] ERROR c.n.p.c.t.NewlandPropertyRestTemplateInterceptor -进入拦截器{"loginUserId":"30518939884421922816","storeId":"400000000000000001","userId":"30518939884421922816"}
2024-12-19 11:35:15.080 [http-nio-8008-exec-5] ERROR c.n.p.c.t.NewlandPropertyRestTemplateInterceptor -进入拦截器{"loginUserId":"30518939884421922816","page":"1","row":"100","storeId":"400000000000000001","userId":"30518939884421922816"}
2024-12-19 11:35:15.326 [http-nio-8008-exec-4] ERROR c.n.p.c.t.NewlandPropertyRestTemplateInterceptor -进入拦截器{"caId":"102022022645630009","loginUserId":"30518939884421922816","communityId":"-1","storeId":"400000000000000001","userId":"30518939884421922816"}
2024-12-19 11:35:16.039 [http-nio-8008-exec-2] ERROR c.n.p.c.t.NewlandPropertyRestTemplateInterceptor -进入拦截器{"loginUserId":"30518939884421922816","storeId":"400000000000000001","userId":"30518939884421922816","platform":"admin"}
2024-12-19 11:35:16.039 [http-nio-8008-exec-1] ERROR c.n.p.c.t.NewlandPropertyRestTemplateInterceptor -进入拦截器{"loginUserId":"30518939884421922816","storeId":"400000000000000001","userId":"30518939884421922816","platform":"admin"}
2024-12-19 11:35:16.039 [http-nio-8008-exec-6] ERROR c.n.p.c.t.NewlandPropertyRestTemplateInterceptor -进入拦截器{"loginUserId":"30518939884421922816","storeId":"400000000000000001","userId":"30518939884421922816","platform":"admin"}
2024-12-19 11:35:38.960 [http-nio-8008-exec-5] ERROR c.n.p.c.t.NewlandPropertyRestTemplateInterceptor -进入拦截器{"page":"1","row":"1","storeId":"","userId":"-1"}
2024-12-19 11:35:39.540 [http-nio-8008-exec-8] ERROR c.n.p.c.t.NewlandPropertyRestTemplateInterceptor -进入拦截器{"loginUserId":"30518939884421922816","storeId":"400000000000000001","userId":"30518939884421922816"}
2024-12-19 11:35:39.540 [http-nio-8008-exec-4] ERROR c.n.p.c.t.NewlandPropertyRestTemplateInterceptor -进入拦截器{"loginUserId":"30518939884421922816","page":"1","row":"10","storeId":"400000000000000001","userId":"30518939884421922816","isShow":"Y"}
2024-12-19 11:35:39.557 [http-nio-8008-exec-2] ERROR c.n.p.c.t.NewlandPropertyRestTemplateInterceptor -进入拦截器{"loginUserId":"30518939884421922816","page":"1","row":"100","storeId":"400000000000000001","userId":"30518939884421922816"}
2024-12-19 11:35:39.898 [http-nio-8008-exec-3] ERROR c.n.p.c.t.NewlandPropertyRestTemplateInterceptor -进入拦截器{"caId":"102022022645630009","loginUserId":"30518939884421922816","communityId":"-1","storeId":"400000000000000001","userId":"30518939884421922816"}
2024-12-19 11:35:40.441 [http-nio-8008-exec-7] ERROR c.n.p.c.t.NewlandPropertyRestTemplateInterceptor -进入拦截器{"loginUserId":"30518939884421922816","storeId":"400000000000000001","userId":"30518939884421922816","platform":"admin"}
2024-12-19 11:35:40.441 [http-nio-8008-exec-5] ERROR c.n.p.c.t.NewlandPropertyRestTemplateInterceptor -进入拦截器{"loginUserId":"30518939884421922816","storeId":"400000000000000001","userId":"30518939884421922816","platform":"admin"}
2024-12-19 11:35:40.441 [http-nio-8008-exec-1] ERROR c.n.p.c.t.NewlandPropertyRestTemplateInterceptor -进入拦截器{"loginUserId":"30518939884421922816","storeId":"400000000000000001","userId":"30518939884421922816","platform":"admin"}
2024-12-19 11:35:44.996 [http-nio-8008-exec-2] ERROR c.n.p.c.t.NewlandPropertyRestTemplateInterceptor -进入拦截器{"page":"1","row":"1","storeId":"","userId":"-1"}
2024-12-19 11:35:45.407 [http-nio-8008-exec-9] ERROR c.n.p.c.t.NewlandPropertyRestTemplateInterceptor -进入拦截器{"loginUserId":"30518939884421922816","storeId":"400000000000000001","userId":"30518939884421922816"}
2024-12-19 11:35:45.407 [http-nio-8008-exec-3] ERROR c.n.p.c.t.NewlandPropertyRestTemplateInterceptor -进入拦截器{"loginUserId":"30518939884421922816","page":"1","row":"10","storeId":"400000000000000001","userId":"30518939884421922816","isShow":"Y"}
2024-12-19 11:35:45.432 [http-nio-8008-exec-7] ERROR c.n.p.c.t.NewlandPropertyRestTemplateInterceptor -进入拦截器{"loginUserId":"30518939884421922816","page":"1","row":"100","storeId":"400000000000000001","userId":"30518939884421922816"}
2024-12-19 11:35:45.702 [http-nio-8008-exec-8] ERROR c.n.p.c.t.NewlandPropertyRestTemplateInterceptor -进入拦截器{"caId":"102022022645630009","loginUserId":"30518939884421922816","communityId":"-1","storeId":"400000000000000001","userId":"30518939884421922816"}
2024-12-19 11:35:46.355 [http-nio-8008-exec-4] ERROR c.n.p.c.t.NewlandPropertyRestTemplateInterceptor -进入拦截器{"loginUserId":"30518939884421922816","storeId":"400000000000000001","userId":"30518939884421922816","platform":"admin"}
2024-12-19 11:35:46.355 [http-nio-8008-exec-6] ERROR c.n.p.c.t.NewlandPropertyRestTemplateInterceptor -进入拦截器{"loginUserId":"30518939884421922816","storeId":"400000000000000001","userId":"30518939884421922816","platform":"admin"}
2024-12-19 11:35:46.355 [http-nio-8008-exec-2] ERROR c.n.p.c.t.NewlandPropertyRestTemplateInterceptor -进入拦截器{"loginUserId":"30518939884421922816","storeId":"400000000000000001","userId":"30518939884421922816","platform":"admin"}
2024-12-19 11:36:06.971 [http-nio-8008-exec-7] ERROR c.n.p.c.t.NewlandPropertyRestTemplateInterceptor -进入拦截器{"page":"1","row":"1","storeId":"","userId":"-1"}
2024-12-19 11:36:07.559 [http-nio-8008-exec-1] ERROR c.n.p.c.t.NewlandPropertyRestTemplateInterceptor -进入拦截器{"loginUserId":"30518939884421922816","storeId":"400000000000000001","userId":"30518939884421922816"}
2024-12-19 11:36:07.559 [http-nio-8008-exec-8] ERROR c.n.p.c.t.NewlandPropertyRestTemplateInterceptor -进入拦截器{"loginUserId":"30518939884421922816","page":"1","row":"10","storeId":"400000000000000001","userId":"30518939884421922816","isShow":"Y"}
2024-12-19 11:36:07.566 [http-nio-8008-exec-6] ERROR c.n.p.c.t.NewlandPropertyRestTemplateInterceptor -进入拦截器{"loginUserId":"30518939884421922816","page":"1","row":"100","storeId":"400000000000000001","userId":"30518939884421922816"}
2024-12-19 11:36:07.845 [http-nio-8008-exec-9] ERROR c.n.p.c.t.NewlandPropertyRestTemplateInterceptor -进入拦截器{"caId":"102022022645630009","loginUserId":"30518939884421922816","communityId":"-1","storeId":"400000000000000001","userId":"30518939884421922816"}
2024-12-19 11:36:08.411 [http-nio-8008-exec-5] ERROR c.n.p.c.t.NewlandPropertyRestTemplateInterceptor -进入拦截器{"loginUserId":"30518939884421922816","storeId":"400000000000000001","userId":"30518939884421922816","platform":"admin"}
2024-12-19 11:36:08.413 [http-nio-8008-exec-7] ERROR c.n.p.c.t.NewlandPropertyRestTemplateInterceptor -进入拦截器{"loginUserId":"30518939884421922816","storeId":"400000000000000001","userId":"30518939884421922816","platform":"admin"}
2024-12-19 11:36:08.413 [http-nio-8008-exec-3] ERROR c.n.p.c.t.NewlandPropertyRestTemplateInterceptor -进入拦截器{"loginUserId":"30518939884421922816","storeId":"400000000000000001","userId":"30518939884421922816","platform":"admin"}
2024-12-19 11:39:37.308 [http-nio-8008-exec-3] ERROR c.n.p.c.t.NewlandPropertyRestTemplateInterceptor -进入拦截器{"page":"1","row":"1","storeId":"","userId":"-1"}
2024-12-19 11:39:37.821 [http-nio-8008-exec-1] ERROR c.n.p.c.t.NewlandPropertyRestTemplateInterceptor -进入拦截器{"loginUserId":"30518939884421922816","storeId":"400000000000000001","userId":"30518939884421922816"}
2024-12-19 11:39:37.822 [http-nio-8008-exec-7] ERROR c.n.p.c.t.NewlandPropertyRestTemplateInterceptor -进入拦截器{"loginUserId":"30518939884421922816","page":"1","row":"10","storeId":"400000000000000001","userId":"30518939884421922816","isShow":"Y"}
2024-12-19 11:39:37.836 [http-nio-8008-exec-10] ERROR c.n.p.c.t.NewlandPropertyRestTemplateInterceptor -进入拦截器{"loginUserId":"30518939884421922816","page":"1","row":"100","storeId":"400000000000000001","userId":"30518939884421922816"}
2024-12-19 11:39:38.077 [http-nio-8008-exec-5] ERROR c.n.p.c.t.NewlandPropertyRestTemplateInterceptor -进入拦截器{"caId":"102022022645630009","loginUserId":"30518939884421922816","communityId":"-1","storeId":"400000000000000001","userId":"30518939884421922816"}
2024-12-19 11:39:38.740 [http-nio-8008-exec-2] ERROR c.n.p.c.t.NewlandPropertyRestTemplateInterceptor -进入拦截器{"loginUserId":"30518939884421922816","storeId":"400000000000000001","userId":"30518939884421922816","platform":"admin"}
2024-12-19 11:39:38.741 [http-nio-8008-exec-3] ERROR c.n.p.c.t.NewlandPropertyRestTemplateInterceptor -进入拦截器{"loginUserId":"30518939884421922816","storeId":"400000000000000001","userId":"30518939884421922816","platform":"admin"}
2024-12-19 11:39:38.741 [http-nio-8008-exec-6] ERROR c.n.p.c.t.NewlandPropertyRestTemplateInterceptor -进入拦截器{"loginUserId":"30518939884421922816","storeId":"400000000000000001","userId":"30518939884421922816","platform":"admin"}
2024-12-19 11:44:11.997 [http-nio-8008-exec-3] ERROR c.n.p.c.t.NewlandPropertyRestTemplateInterceptor -进入拦截器{"typeCd":"1001","hktName":"","shopId":"9999","page":"1","row":"10","isShow":""}
2024-12-19 11:44:12.074 [http-nio-8008-exec-6] ERROR c.n.p.c.t.NewlandPropertyRestTemplateInterceptor -进入拦截器{"loginUserId":"30518939884421922816","page":"1","row":"100","storeId":"400000000000000001","userId":"30518939884421922816"}
2024-12-19 11:44:12.076 [http-nio-8008-exec-1] ERROR c.n.p.c.t.NewlandPropertyRestTemplateInterceptor -进入拦截器{"loginUserId":"30518939884421922816","page":"1","row":"100","storeId":"400000000000000001","userId":"30518939884421922816"}
2024-12-19 11:44:12.076 [http-nio-8008-exec-10] ERROR c.n.p.c.t.NewlandPropertyRestTemplateInterceptor -进入拦截器{"loginUserId":"30518939884421922816","page":"1","row":"100","storeId":"400000000000000001","userId":"30518939884421922816"}
2024-12-19 11:44:12.201 [http-nio-8008-exec-3] ERROR c.n.p.b.smo.impl.ApiServiceSMOImpl -请求下游服务【http://127.0.0.1:8008/housekeepingType/queryHousekeepingType?hktName=&isShow=&shopId=9999&typeCd=1001&page=1&row=10】异常，参数为<{"typeCd":"1001","hktName":"","shopId":"9999","page":"1","row":"10","isShow":""},{referer=[http://127.0.0.1:3000/], content-length=[0], hostName=[localhost], req-time=[20241219114411], sec-fetch-site=[same-origin], sign=[], REQUEST_URL=[http://127.0.0.1:3000/app/housekeepingType/queryHousekeepingType?hktName=&isShow=&shopId=9999&typeCd=1001&page=1&row=10], transaction-id=[ec497fc9-7202-408d-806b-467a859b173c], sec-ch-ua-mobile=[?0], host=[127.0.0.1:3000], connection=[close], SERVICE=[/housekeepingType/queryHousekeepingType], cache-control=[no-cache], app_id=[8000418004], store-id=[], property-lang=[cn], RESOURCE=[housekeepingType], sec-fetch-mode=[cors], transaction_id=[ec497fc9-7202-408d-806b-467a859b173c], app-id=[8000418004], accept-language=[zh-CN,zh;q=0.9], cookie=[SESSION=NDQxYTAwZDgtYzc2Ny00NTI0LTlmY2ItZTA2ZTI5NjYzNWZl; Hm_lvt_adedae9bc250561cc17e96dc1fb46079=1734576997; HMACCOUNT=82B94E3E619AAE11; _newland_property_token_=eyJ0eXAiOiJKV1QiLCJhbGciOiJIUzI1NiJ9.eyJpc3MiOiJuZXdsYW5kIiwidXNlck5hbWUiOiJhZG1pbiIsImp0aSI6ImViNjMzYmNmZDM5ODRlOGU4OTJhYzA2NzM5NWQ3MDI4In0.oP-ACkNKYZVTw-ATrJRffbsYtVJQGXQWxQ4DggSuwzI; Hm_lpvt_adedae9bc250561cc17e96dc1fb46079=1734579578], user-id=[-1], IP=[127.0.0.1], version=[v1.7], pragma=[no-cache], req_time=[20241219114411], accept=[application/json, text/plain, */*], accept-charset=[utf-8], sec-ch-ua=["Google Chrome";v="131", "Chromium";v="131", "Not_A Brand";v="24"], ACTION=[queryHousekeepingType], port=[8008], user_id=[-1], sec-ch-ua-platform=["macOS"], x-requested-with=[XMLHttpRequest], METHOD=[GET], accept-encoding=[gzip, deflate, br, zstd], user-agent=[Mozilla/5.0 (Macintosh; Intel Mac OS X 10_15_7) AppleWebKit/537.36 (KHTML, like Gecko) Chrome/131.0.0.0 Safari/537.36], sec-fetch-dest=[empty]}>{"timestamp":"2024-12-19T03:44:12.184+0000","status":404,"error":"Not Found","message":"No message available","path":"/housekeepingType/queryHousekeepingType"}
org.springframework.web.client.HttpClientErrorException: 404 
	at org.springframework.web.client.DefaultResponseErrorHandler.handleError(DefaultResponseErrorHandler.java:94)
	at org.springframework.web.client.DefaultResponseErrorHandler.handleError(DefaultResponseErrorHandler.java:79)
	at org.springframework.web.client.ResponseErrorHandler.handleError(ResponseErrorHandler.java:63)
	at org.springframework.web.client.RestTemplate.handleResponse(RestTemplate.java:766)
	at org.springframework.web.client.RestTemplate.doExecute(RestTemplate.java:724)
	at org.springframework.web.client.RestTemplate.execute(RestTemplate.java:680)
	at org.springframework.web.client.RestTemplate.exchange(RestTemplate.java:600)
	at com.newland.property.core.client.RestTemplate.exchange(RestTemplate.java:39)
	at com.newland.property.core.client.OutRestTemplate.exchange(OutRestTemplate.java:54)
	at com.newland.property.boot.smo.impl.ApiServiceSMOImpl.doTransfer(ApiServiceSMOImpl.java:493)
	at com.newland.property.boot.smo.impl.ApiServiceSMOImpl.invokeBusinessSystem(ApiServiceSMOImpl.java:396)
	at com.newland.property.boot.smo.impl.ApiServiceSMOImpl.service(ApiServiceSMOImpl.java:103)
	at com.newland.property.boot.smo.impl.ApiServiceSMOImpl$$FastClassBySpringCGLIB$$a08c9dd8.invoke(<generated>)
	at org.springframework.cglib.proxy.MethodProxy.invoke(MethodProxy.java:204)
	at org.springframework.aop.framework.CglibAopProxy$CglibMethodInvocation.invokeJoinpoint(CglibAopProxy.java:746)
	at org.springframework.aop.framework.ReflectiveMethodInvocation.proceed(ReflectiveMethodInvocation.java:163)
	at org.springframework.aop.aspectj.MethodInvocationProceedingJoinPoint.proceed(MethodInvocationProceedingJoinPoint.java:88)
	at com.newland.property.core.trace.NewlandPropertyTraceLogAop.around(NewlandPropertyTraceLogAop.java:49)
	at sun.reflect.GeneratedMethodAccessor244.invoke(Unknown Source)
	at sun.reflect.DelegatingMethodAccessorImpl.invoke(DelegatingMethodAccessorImpl.java:43)
	at java.lang.reflect.Method.invoke(Method.java:498)
	at org.springframework.aop.aspectj.AbstractAspectJAdvice.invokeAdviceMethodWithGivenArgs(AbstractAspectJAdvice.java:644)
	at org.springframework.aop.aspectj.AbstractAspectJAdvice.invokeAdviceMethod(AbstractAspectJAdvice.java:633)
	at org.springframework.aop.aspectj.AspectJAroundAdvice.invoke(AspectJAroundAdvice.java:70)
	at org.springframework.aop.framework.ReflectiveMethodInvocation.proceed(ReflectiveMethodInvocation.java:174)
	at org.springframework.aop.interceptor.ExposeInvocationInterceptor.invoke(ExposeInvocationInterceptor.java:92)
	at org.springframework.aop.framework.ReflectiveMethodInvocation.proceed(ReflectiveMethodInvocation.java:185)
	at org.springframework.aop.framework.CglibAopProxy$DynamicAdvisedInterceptor.intercept(CglibAopProxy.java:688)
	at com.newland.property.boot.smo.impl.ApiServiceSMOImpl$$EnhancerBySpringCGLIB$$42cc4753.service(<generated>)
	at com.newland.property.boot.smo.api.impl.ApiSMOImpl.doApi(ApiSMOImpl.java:116)
	at com.newland.property.boot.controller.app.AppController.subServiceGet(AppController.java:182)
	at com.newland.property.boot.controller.app.AppController$$FastClassBySpringCGLIB$$6216bd11.invoke(<generated>)
	at org.springframework.cglib.proxy.MethodProxy.invoke(MethodProxy.java:204)
	at org.springframework.aop.framework.CglibAopProxy$CglibMethodInvocation.invokeJoinpoint(CglibAopProxy.java:746)
	at org.springframework.aop.framework.ReflectiveMethodInvocation.proceed(ReflectiveMethodInvocation.java:163)
	at org.springframework.aop.framework.adapter.MethodBeforeAdviceInterceptor.invoke(MethodBeforeAdviceInterceptor.java:56)
	at org.springframework.aop.framework.ReflectiveMethodInvocation.proceed(ReflectiveMethodInvocation.java:185)
	at org.springframework.aop.aspectj.MethodInvocationProceedingJoinPoint.proceed(MethodInvocationProceedingJoinPoint.java:88)
	at com.newland.property.boot.aop.PageProcessAspect.around(PageProcessAspect.java:180)
	at sun.reflect.GeneratedMethodAccessor273.invoke(Unknown Source)
	at sun.reflect.DelegatingMethodAccessorImpl.invoke(DelegatingMethodAccessorImpl.java:43)
	at java.lang.reflect.Method.invoke(Method.java:498)
	at org.springframework.aop.aspectj.AbstractAspectJAdvice.invokeAdviceMethodWithGivenArgs(AbstractAspectJAdvice.java:644)
	at org.springframework.aop.aspectj.AbstractAspectJAdvice.invokeAdviceMethod(AbstractAspectJAdvice.java:633)
	at org.springframework.aop.aspectj.AspectJAroundAdvice.invoke(AspectJAroundAdvice.java:70)
	at org.springframework.aop.framework.ReflectiveMethodInvocation.proceed(ReflectiveMethodInvocation.java:185)
	at org.springframework.aop.aspectj.AspectJAfterAdvice.invoke(AspectJAfterAdvice.java:47)
	at org.springframework.aop.framework.ReflectiveMethodInvocation.proceed(ReflectiveMethodInvocation.java:185)
	at org.springframework.aop.framework.adapter.AfterReturningAdviceInterceptor.invoke(AfterReturningAdviceInterceptor.java:55)
	at org.springframework.aop.framework.ReflectiveMethodInvocation.proceed(ReflectiveMethodInvocation.java:185)
	at org.springframework.aop.aspectj.AspectJAfterThrowingAdvice.invoke(AspectJAfterThrowingAdvice.java:62)
	at org.springframework.aop.framework.ReflectiveMethodInvocation.proceed(ReflectiveMethodInvocation.java:185)
	at org.springframework.aop.aspectj.MethodInvocationProceedingJoinPoint.proceed(MethodInvocationProceedingJoinPoint.java:88)
	at com.newland.property.core.language.NewlandPropertyLangAop.around(NewlandPropertyLangAop.java:41)
	at sun.reflect.GeneratedMethodAccessor272.invoke(Unknown Source)
	at sun.reflect.DelegatingMethodAccessorImpl.invoke(DelegatingMethodAccessorImpl.java:43)
	at java.lang.reflect.Method.invoke(Method.java:498)
	at org.springframework.aop.aspectj.AbstractAspectJAdvice.invokeAdviceMethodWithGivenArgs(AbstractAspectJAdvice.java:644)
	at org.springframework.aop.aspectj.AbstractAspectJAdvice.invokeAdviceMethod(AbstractAspectJAdvice.java:633)
	at org.springframework.aop.aspectj.AspectJAroundAdvice.invoke(AspectJAroundAdvice.java:70)
	at org.springframework.aop.framework.ReflectiveMethodInvocation.proceed(ReflectiveMethodInvocation.java:174)
	at org.springframework.aop.interceptor.ExposeInvocationInterceptor.invoke(ExposeInvocationInterceptor.java:92)
	at org.springframework.aop.framework.ReflectiveMethodInvocation.proceed(ReflectiveMethodInvocation.java:185)
	at org.springframework.aop.framework.CglibAopProxy$DynamicAdvisedInterceptor.intercept(CglibAopProxy.java:688)
	at com.newland.property.boot.controller.app.AppController$$EnhancerBySpringCGLIB$$e75abd54.subServiceGet(<generated>)
	at sun.reflect.GeneratedMethodAccessor290.invoke(Unknown Source)
	at sun.reflect.DelegatingMethodAccessorImpl.invoke(DelegatingMethodAccessorImpl.java:43)
	at java.lang.reflect.Method.invoke(Method.java:498)
	at org.springframework.web.method.support.InvocableHandlerMethod.doInvoke(InvocableHandlerMethod.java:209)
	at org.springframework.web.method.support.InvocableHandlerMethod.invokeForRequest(InvocableHandlerMethod.java:136)
	at org.springframework.web.servlet.mvc.method.annotation.ServletInvocableHandlerMethod.invokeAndHandle(ServletInvocableHandlerMethod.java:102)
	at org.springframework.web.servlet.mvc.method.annotation.RequestMappingHandlerAdapter.invokeHandlerMethod(RequestMappingHandlerAdapter.java:877)
	at org.springframework.web.servlet.mvc.method.annotation.RequestMappingHandlerAdapter.handleInternal(RequestMappingHandlerAdapter.java:783)
	at org.springframework.web.servlet.mvc.method.AbstractHandlerMethodAdapter.handle(AbstractHandlerMethodAdapter.java:87)
	at org.springframework.web.servlet.DispatcherServlet.doDispatch(DispatcherServlet.java:991)
	at org.springframework.web.servlet.DispatcherServlet.doService(DispatcherServlet.java:925)
	at org.springframework.web.servlet.FrameworkServlet.processRequest(FrameworkServlet.java:974)
	at org.springframework.web.servlet.FrameworkServlet.doGet(FrameworkServlet.java:866)
	at javax.servlet.http.HttpServlet.service(HttpServlet.java:635)
	at org.springframework.web.servlet.FrameworkServlet.service(FrameworkServlet.java:851)
	at javax.servlet.http.HttpServlet.service(HttpServlet.java:742)
	at org.apache.catalina.core.ApplicationFilterChain.internalDoFilter(ApplicationFilterChain.java:231)
	at org.apache.catalina.core.ApplicationFilterChain.doFilter(ApplicationFilterChain.java:166)
	at org.apache.tomcat.websocket.server.WsFilter.doFilter(WsFilter.java:52)
	at org.apache.catalina.core.ApplicationFilterChain.internalDoFilter(ApplicationFilterChain.java:193)
	at org.apache.catalina.core.ApplicationFilterChain.doFilter(ApplicationFilterChain.java:166)
	at com.newland.property.boot.filter.JwtFilter.doFilter(JwtFilter.java:51)
	at org.apache.catalina.core.ApplicationFilterChain.internalDoFilter(ApplicationFilterChain.java:193)
	at org.apache.catalina.core.ApplicationFilterChain.doFilter(ApplicationFilterChain.java:166)
	at org.springframework.boot.actuate.web.trace.servlet.HttpTraceFilter.doFilterInternal(HttpTraceFilter.java:90)
	at org.springframework.web.filter.OncePerRequestFilter.doFilter(OncePerRequestFilter.java:107)
	at org.apache.catalina.core.ApplicationFilterChain.internalDoFilter(ApplicationFilterChain.java:193)
	at org.apache.catalina.core.ApplicationFilterChain.doFilter(ApplicationFilterChain.java:166)
	at org.springframework.web.filter.RequestContextFilter.doFilterInternal(RequestContextFilter.java:99)
	at org.springframework.web.filter.OncePerRequestFilter.doFilter(OncePerRequestFilter.java:107)
	at org.apache.catalina.core.ApplicationFilterChain.internalDoFilter(ApplicationFilterChain.java:193)
	at org.apache.catalina.core.ApplicationFilterChain.doFilter(ApplicationFilterChain.java:166)
	at org.springframework.web.filter.HttpPutFormContentFilter.doFilterInternal(HttpPutFormContentFilter.java:109)
	at org.springframework.web.filter.OncePerRequestFilter.doFilter(OncePerRequestFilter.java:107)
	at org.apache.catalina.core.ApplicationFilterChain.internalDoFilter(ApplicationFilterChain.java:193)
	at org.apache.catalina.core.ApplicationFilterChain.doFilter(ApplicationFilterChain.java:166)
	at org.springframework.web.filter.HiddenHttpMethodFilter.doFilterInternal(HiddenHttpMethodFilter.java:93)
	at org.springframework.web.filter.OncePerRequestFilter.doFilter(OncePerRequestFilter.java:107)
	at org.apache.catalina.core.ApplicationFilterChain.internalDoFilter(ApplicationFilterChain.java:193)
	at org.apache.catalina.core.ApplicationFilterChain.doFilter(ApplicationFilterChain.java:166)
	at org.springframework.session.web.http.SessionRepositoryFilter.doFilterInternal(SessionRepositoryFilter.java:147)
	at org.springframework.session.web.http.OncePerRequestFilter.doFilter(OncePerRequestFilter.java:81)
	at org.apache.catalina.core.ApplicationFilterChain.internalDoFilter(ApplicationFilterChain.java:193)
	at org.apache.catalina.core.ApplicationFilterChain.doFilter(ApplicationFilterChain.java:166)
	at org.springframework.boot.actuate.metrics.web.servlet.WebMvcMetricsFilter.filterAndRecordMetrics(WebMvcMetricsFilter.java:155)
	at org.springframework.boot.actuate.metrics.web.servlet.WebMvcMetricsFilter.filterAndRecordMetrics(WebMvcMetricsFilter.java:123)
	at org.springframework.boot.actuate.metrics.web.servlet.WebMvcMetricsFilter.doFilterInternal(WebMvcMetricsFilter.java:108)
	at org.springframework.web.filter.OncePerRequestFilter.doFilter(OncePerRequestFilter.java:107)
	at org.apache.catalina.core.ApplicationFilterChain.internalDoFilter(ApplicationFilterChain.java:193)
	at org.apache.catalina.core.ApplicationFilterChain.doFilter(ApplicationFilterChain.java:166)
	at org.springframework.web.filter.CharacterEncodingFilter.doFilterInternal(CharacterEncodingFilter.java:200)
	at org.springframework.web.filter.OncePerRequestFilter.doFilter(OncePerRequestFilter.java:107)
	at org.apache.catalina.core.ApplicationFilterChain.internalDoFilter(ApplicationFilterChain.java:193)
	at org.apache.catalina.core.ApplicationFilterChain.doFilter(ApplicationFilterChain.java:166)
	at org.apache.catalina.core.StandardWrapperValve.invoke(StandardWrapperValve.java:198)
	at org.apache.catalina.core.StandardContextValve.invoke(StandardContextValve.java:96)
	at org.apache.catalina.authenticator.AuthenticatorBase.invoke(AuthenticatorBase.java:493)
	at org.apache.catalina.core.StandardHostValve.invoke(StandardHostValve.java:140)
	at org.apache.catalina.valves.ErrorReportValve.invoke(ErrorReportValve.java:81)
	at org.apache.catalina.core.StandardEngineValve.invoke(StandardEngineValve.java:87)
	at org.apache.catalina.connector.CoyoteAdapter.service(CoyoteAdapter.java:342)
	at org.apache.coyote.http11.Http11Processor.service(Http11Processor.java:800)
	at org.apache.coyote.AbstractProcessorLight.process(AbstractProcessorLight.java:66)
	at org.apache.coyote.AbstractProtocol$ConnectionHandler.process(AbstractProtocol.java:800)
	at org.apache.tomcat.util.net.NioEndpoint$SocketProcessor.doRun(NioEndpoint.java:1471)
	at org.apache.tomcat.util.net.SocketProcessorBase.run(SocketProcessorBase.java:49)
	at java.util.concurrent.ThreadPoolExecutor.runWorker(ThreadPoolExecutor.java:1149)
	at java.util.concurrent.ThreadPoolExecutor$Worker.run(ThreadPoolExecutor.java:624)
	at org.apache.tomcat.util.threads.TaskThread$WrappingRunnable.run(TaskThread.java:61)
	at java.lang.Thread.run(Thread.java:748)
2024-12-19 11:44:12.230 [http-nio-8008-exec-4] ERROR c.n.p.c.e.c.ServiceCmdEventPublishing -发布侦听失败，失败原因为：
com.newland.property.utils.exception.ListenerExecuteException: 服务【/shop/queryShopsByAdmin】当前不支持
	at com.newland.property.core.event.cmd.ServiceCmdEventPublishing.multicastEvent(ServiceCmdEventPublishing.java:156)
	at com.newland.property.core.event.cmd.ServiceCmdEventPublishing.multicastEvent(ServiceCmdEventPublishing.java:135)
	at com.newland.property.core.event.cmd.ServiceCmdEventPublishing.multicastEvent(ServiceCmdEventPublishing.java:109)
	at com.newland.property.service.smo.impl.CmdServiceSMOImpl.invokeBusinessSystem(CmdServiceSMOImpl.java:99)
	at com.newland.property.service.smo.impl.CmdServiceSMOImpl.cmd(CmdServiceSMOImpl.java:78)
	at com.newland.property.service.smo.impl.CmdServiceSMOImpl$$FastClassBySpringCGLIB$$f6be9887.invoke(<generated>)
	at org.springframework.cglib.proxy.MethodProxy.invoke(MethodProxy.java:204)
	at org.springframework.aop.framework.CglibAopProxy$CglibMethodInvocation.invokeJoinpoint(CglibAopProxy.java:746)
	at org.springframework.aop.framework.ReflectiveMethodInvocation.proceed(ReflectiveMethodInvocation.java:163)
	at org.springframework.aop.aspectj.MethodInvocationProceedingJoinPoint.proceed(MethodInvocationProceedingJoinPoint.java:88)
	at com.newland.property.core.trace.NewlandPropertyTraceLogAop.around(NewlandPropertyTraceLogAop.java:49)
	at sun.reflect.GeneratedMethodAccessor244.invoke(Unknown Source)
	at sun.reflect.DelegatingMethodAccessorImpl.invoke(DelegatingMethodAccessorImpl.java:43)
	at java.lang.reflect.Method.invoke(Method.java:498)
	at org.springframework.aop.aspectj.AbstractAspectJAdvice.invokeAdviceMethodWithGivenArgs(AbstractAspectJAdvice.java:644)
	at org.springframework.aop.aspectj.AbstractAspectJAdvice.invokeAdviceMethod(AbstractAspectJAdvice.java:633)
	at org.springframework.aop.aspectj.AspectJAroundAdvice.invoke(AspectJAroundAdvice.java:70)
	at org.springframework.aop.framework.ReflectiveMethodInvocation.proceed(ReflectiveMethodInvocation.java:174)
	at org.springframework.aop.interceptor.ExposeInvocationInterceptor.invoke(ExposeInvocationInterceptor.java:92)
	at org.springframework.aop.framework.ReflectiveMethodInvocation.proceed(ReflectiveMethodInvocation.java:185)
	at org.springframework.aop.framework.CglibAopProxy$DynamicAdvisedInterceptor.intercept(CglibAopProxy.java:688)
	at com.newland.property.service.smo.impl.CmdServiceSMOImpl$$EnhancerBySpringCGLIB$$76c0dcc0.cmd(<generated>)
	at com.newland.property.service.api.CmdApi.subServicePost(CmdApi.java:107)
	at com.newland.property.service.api.CmdApi$$FastClassBySpringCGLIB$$885b20b6.invoke(<generated>)
	at org.springframework.cglib.proxy.MethodProxy.invoke(MethodProxy.java:204)
	at org.springframework.aop.framework.CglibAopProxy$CglibMethodInvocation.invokeJoinpoint(CglibAopProxy.java:746)
	at org.springframework.aop.framework.ReflectiveMethodInvocation.proceed(ReflectiveMethodInvocation.java:163)
	at org.springframework.aop.interceptor.ExposeInvocationInterceptor.invoke(ExposeInvocationInterceptor.java:92)
	at org.springframework.aop.framework.ReflectiveMethodInvocation.proceed(ReflectiveMethodInvocation.java:185)
	at org.springframework.aop.framework.CglibAopProxy$DynamicAdvisedInterceptor.intercept(CglibAopProxy.java:688)
	at com.newland.property.service.api.CmdApi$$EnhancerBySpringCGLIB$$be61c333.subServicePost(<generated>)
	at sun.reflect.NativeMethodAccessorImpl.invoke0(Native Method)
	at sun.reflect.NativeMethodAccessorImpl.invoke(NativeMethodAccessorImpl.java:62)
	at sun.reflect.DelegatingMethodAccessorImpl.invoke(DelegatingMethodAccessorImpl.java:43)
	at java.lang.reflect.Method.invoke(Method.java:498)
	at org.springframework.web.method.support.InvocableHandlerMethod.doInvoke(InvocableHandlerMethod.java:209)
	at org.springframework.web.method.support.InvocableHandlerMethod.invokeForRequest(InvocableHandlerMethod.java:136)
	at org.springframework.web.servlet.mvc.method.annotation.ServletInvocableHandlerMethod.invokeAndHandle(ServletInvocableHandlerMethod.java:102)
	at org.springframework.web.servlet.mvc.method.annotation.RequestMappingHandlerAdapter.invokeHandlerMethod(RequestMappingHandlerAdapter.java:877)
	at org.springframework.web.servlet.mvc.method.annotation.RequestMappingHandlerAdapter.handleInternal(RequestMappingHandlerAdapter.java:783)
	at org.springframework.web.servlet.mvc.method.AbstractHandlerMethodAdapter.handle(AbstractHandlerMethodAdapter.java:87)
	at org.springframework.web.servlet.DispatcherServlet.doDispatch(DispatcherServlet.java:991)
	at org.springframework.web.servlet.DispatcherServlet.doService(DispatcherServlet.java:925)
	at org.springframework.web.servlet.FrameworkServlet.processRequest(FrameworkServlet.java:974)
	at org.springframework.web.servlet.FrameworkServlet.doPost(FrameworkServlet.java:877)
	at javax.servlet.http.HttpServlet.service(HttpServlet.java:661)
	at org.springframework.web.servlet.FrameworkServlet.service(FrameworkServlet.java:851)
	at javax.servlet.http.HttpServlet.service(HttpServlet.java:742)
	at org.apache.catalina.core.ApplicationFilterChain.internalDoFilter(ApplicationFilterChain.java:231)
	at org.apache.catalina.core.ApplicationFilterChain.doFilter(ApplicationFilterChain.java:166)
	at org.apache.tomcat.websocket.server.WsFilter.doFilter(WsFilter.java:52)
	at org.apache.catalina.core.ApplicationFilterChain.internalDoFilter(ApplicationFilterChain.java:193)
	at org.apache.catalina.core.ApplicationFilterChain.doFilter(ApplicationFilterChain.java:166)
	at org.springframework.boot.actuate.web.trace.servlet.HttpTraceFilter.doFilterInternal(HttpTraceFilter.java:90)
	at org.springframework.web.filter.OncePerRequestFilter.doFilter(OncePerRequestFilter.java:107)
	at org.apache.catalina.core.ApplicationFilterChain.internalDoFilter(ApplicationFilterChain.java:193)
	at org.apache.catalina.core.ApplicationFilterChain.doFilter(ApplicationFilterChain.java:166)
	at org.springframework.web.filter.RequestContextFilter.doFilterInternal(RequestContextFilter.java:99)
	at org.springframework.web.filter.OncePerRequestFilter.doFilter(OncePerRequestFilter.java:107)
	at org.apache.catalina.core.ApplicationFilterChain.internalDoFilter(ApplicationFilterChain.java:193)
	at org.apache.catalina.core.ApplicationFilterChain.doFilter(ApplicationFilterChain.java:166)
	at org.springframework.web.filter.HttpPutFormContentFilter.doFilterInternal(HttpPutFormContentFilter.java:109)
	at org.springframework.web.filter.OncePerRequestFilter.doFilter(OncePerRequestFilter.java:107)
	at org.apache.catalina.core.ApplicationFilterChain.internalDoFilter(ApplicationFilterChain.java:193)
	at org.apache.catalina.core.ApplicationFilterChain.doFilter(ApplicationFilterChain.java:166)
	at org.springframework.web.filter.HiddenHttpMethodFilter.doFilterInternal(HiddenHttpMethodFilter.java:93)
	at org.springframework.web.filter.OncePerRequestFilter.doFilter(OncePerRequestFilter.java:107)
	at org.apache.catalina.core.ApplicationFilterChain.internalDoFilter(ApplicationFilterChain.java:193)
	at org.apache.catalina.core.ApplicationFilterChain.doFilter(ApplicationFilterChain.java:166)
	at org.springframework.session.web.http.SessionRepositoryFilter.doFilterInternal(SessionRepositoryFilter.java:147)
	at org.springframework.session.web.http.OncePerRequestFilter.doFilter(OncePerRequestFilter.java:81)
	at org.apache.catalina.core.ApplicationFilterChain.internalDoFilter(ApplicationFilterChain.java:193)
	at org.apache.catalina.core.ApplicationFilterChain.doFilter(ApplicationFilterChain.java:166)
	at org.springframework.boot.actuate.metrics.web.servlet.WebMvcMetricsFilter.filterAndRecordMetrics(WebMvcMetricsFilter.java:155)
	at org.springframework.boot.actuate.metrics.web.servlet.WebMvcMetricsFilter.filterAndRecordMetrics(WebMvcMetricsFilter.java:123)
	at org.springframework.boot.actuate.metrics.web.servlet.WebMvcMetricsFilter.doFilterInternal(WebMvcMetricsFilter.java:108)
	at org.springframework.web.filter.OncePerRequestFilter.doFilter(OncePerRequestFilter.java:107)
	at org.apache.catalina.core.ApplicationFilterChain.internalDoFilter(ApplicationFilterChain.java:193)
	at org.apache.catalina.core.ApplicationFilterChain.doFilter(ApplicationFilterChain.java:166)
	at org.springframework.web.filter.CharacterEncodingFilter.doFilterInternal(CharacterEncodingFilter.java:200)
	at org.springframework.web.filter.OncePerRequestFilter.doFilter(OncePerRequestFilter.java:107)
	at org.apache.catalina.core.ApplicationFilterChain.internalDoFilter(ApplicationFilterChain.java:193)
	at org.apache.catalina.core.ApplicationFilterChain.doFilter(ApplicationFilterChain.java:166)
	at org.apache.catalina.core.StandardWrapperValve.invoke(StandardWrapperValve.java:198)
	at org.apache.catalina.core.StandardContextValve.invoke(StandardContextValve.java:96)
	at org.apache.catalina.authenticator.AuthenticatorBase.invoke(AuthenticatorBase.java:493)
	at org.apache.catalina.core.StandardHostValve.invoke(StandardHostValve.java:140)
	at org.apache.catalina.valves.ErrorReportValve.invoke(ErrorReportValve.java:81)
	at org.apache.catalina.core.StandardEngineValve.invoke(StandardEngineValve.java:87)
	at org.apache.catalina.connector.CoyoteAdapter.service(CoyoteAdapter.java:342)
	at org.apache.coyote.http11.Http11Processor.service(Http11Processor.java:800)
	at org.apache.coyote.AbstractProcessorLight.process(AbstractProcessorLight.java:66)
	at org.apache.coyote.AbstractProtocol$ConnectionHandler.process(AbstractProtocol.java:800)
	at org.apache.tomcat.util.net.NioEndpoint$SocketProcessor.doRun(NioEndpoint.java:1471)
	at org.apache.tomcat.util.net.SocketProcessorBase.run(SocketProcessorBase.java:49)
	at java.util.concurrent.ThreadPoolExecutor.runWorker(ThreadPoolExecutor.java:1149)
	at java.util.concurrent.ThreadPoolExecutor$Worker.run(ThreadPoolExecutor.java:624)
	at org.apache.tomcat.util.threads.TaskThread$WrappingRunnable.run(TaskThread.java:61)
	at java.lang.Thread.run(Thread.java:748)
2024-12-19 11:44:12.230 [http-nio-8008-exec-7] ERROR c.n.p.c.e.c.ServiceCmdEventPublishing -发布侦听失败，失败原因为：
com.newland.property.utils.exception.ListenerExecuteException: 服务【/shop/queryShopsByAdmin】当前不支持
	at com.newland.property.core.event.cmd.ServiceCmdEventPublishing.multicastEvent(ServiceCmdEventPublishing.java:156)
	at com.newland.property.core.event.cmd.ServiceCmdEventPublishing.multicastEvent(ServiceCmdEventPublishing.java:135)
	at com.newland.property.core.event.cmd.ServiceCmdEventPublishing.multicastEvent(ServiceCmdEventPublishing.java:109)
	at com.newland.property.service.smo.impl.CmdServiceSMOImpl.invokeBusinessSystem(CmdServiceSMOImpl.java:99)
	at com.newland.property.service.smo.impl.CmdServiceSMOImpl.cmd(CmdServiceSMOImpl.java:78)
	at com.newland.property.service.smo.impl.CmdServiceSMOImpl$$FastClassBySpringCGLIB$$f6be9887.invoke(<generated>)
	at org.springframework.cglib.proxy.MethodProxy.invoke(MethodProxy.java:204)
	at org.springframework.aop.framework.CglibAopProxy$CglibMethodInvocation.invokeJoinpoint(CglibAopProxy.java:746)
	at org.springframework.aop.framework.ReflectiveMethodInvocation.proceed(ReflectiveMethodInvocation.java:163)
	at org.springframework.aop.aspectj.MethodInvocationProceedingJoinPoint.proceed(MethodInvocationProceedingJoinPoint.java:88)
	at com.newland.property.core.trace.NewlandPropertyTraceLogAop.around(NewlandPropertyTraceLogAop.java:49)
	at sun.reflect.GeneratedMethodAccessor244.invoke(Unknown Source)
	at sun.reflect.DelegatingMethodAccessorImpl.invoke(DelegatingMethodAccessorImpl.java:43)
	at java.lang.reflect.Method.invoke(Method.java:498)
	at org.springframework.aop.aspectj.AbstractAspectJAdvice.invokeAdviceMethodWithGivenArgs(AbstractAspectJAdvice.java:644)
	at org.springframework.aop.aspectj.AbstractAspectJAdvice.invokeAdviceMethod(AbstractAspectJAdvice.java:633)
	at org.springframework.aop.aspectj.AspectJAroundAdvice.invoke(AspectJAroundAdvice.java:70)
	at org.springframework.aop.framework.ReflectiveMethodInvocation.proceed(ReflectiveMethodInvocation.java:174)
	at org.springframework.aop.interceptor.ExposeInvocationInterceptor.invoke(ExposeInvocationInterceptor.java:92)
	at org.springframework.aop.framework.ReflectiveMethodInvocation.proceed(ReflectiveMethodInvocation.java:185)
	at org.springframework.aop.framework.CglibAopProxy$DynamicAdvisedInterceptor.intercept(CglibAopProxy.java:688)
	at com.newland.property.service.smo.impl.CmdServiceSMOImpl$$EnhancerBySpringCGLIB$$76c0dcc0.cmd(<generated>)
	at com.newland.property.service.api.CmdApi.subServicePost(CmdApi.java:107)
	at com.newland.property.service.api.CmdApi$$FastClassBySpringCGLIB$$885b20b6.invoke(<generated>)
	at org.springframework.cglib.proxy.MethodProxy.invoke(MethodProxy.java:204)
	at org.springframework.aop.framework.CglibAopProxy$CglibMethodInvocation.invokeJoinpoint(CglibAopProxy.java:746)
	at org.springframework.aop.framework.ReflectiveMethodInvocation.proceed(ReflectiveMethodInvocation.java:163)
	at org.springframework.aop.interceptor.ExposeInvocationInterceptor.invoke(ExposeInvocationInterceptor.java:92)
	at org.springframework.aop.framework.ReflectiveMethodInvocation.proceed(ReflectiveMethodInvocation.java:185)
	at org.springframework.aop.framework.CglibAopProxy$DynamicAdvisedInterceptor.intercept(CglibAopProxy.java:688)
	at com.newland.property.service.api.CmdApi$$EnhancerBySpringCGLIB$$be61c333.subServicePost(<generated>)
	at sun.reflect.NativeMethodAccessorImpl.invoke0(Native Method)
	at sun.reflect.NativeMethodAccessorImpl.invoke(NativeMethodAccessorImpl.java:62)
	at sun.reflect.DelegatingMethodAccessorImpl.invoke(DelegatingMethodAccessorImpl.java:43)
	at java.lang.reflect.Method.invoke(Method.java:498)
	at org.springframework.web.method.support.InvocableHandlerMethod.doInvoke(InvocableHandlerMethod.java:209)
	at org.springframework.web.method.support.InvocableHandlerMethod.invokeForRequest(InvocableHandlerMethod.java:136)
	at org.springframework.web.servlet.mvc.method.annotation.ServletInvocableHandlerMethod.invokeAndHandle(ServletInvocableHandlerMethod.java:102)
	at org.springframework.web.servlet.mvc.method.annotation.RequestMappingHandlerAdapter.invokeHandlerMethod(RequestMappingHandlerAdapter.java:877)
	at org.springframework.web.servlet.mvc.method.annotation.RequestMappingHandlerAdapter.handleInternal(RequestMappingHandlerAdapter.java:783)
	at org.springframework.web.servlet.mvc.method.AbstractHandlerMethodAdapter.handle(AbstractHandlerMethodAdapter.java:87)
	at org.springframework.web.servlet.DispatcherServlet.doDispatch(DispatcherServlet.java:991)
	at org.springframework.web.servlet.DispatcherServlet.doService(DispatcherServlet.java:925)
	at org.springframework.web.servlet.FrameworkServlet.processRequest(FrameworkServlet.java:974)
	at org.springframework.web.servlet.FrameworkServlet.doPost(FrameworkServlet.java:877)
	at javax.servlet.http.HttpServlet.service(HttpServlet.java:661)
	at org.springframework.web.servlet.FrameworkServlet.service(FrameworkServlet.java:851)
	at javax.servlet.http.HttpServlet.service(HttpServlet.java:742)
	at org.apache.catalina.core.ApplicationFilterChain.internalDoFilter(ApplicationFilterChain.java:231)
	at org.apache.catalina.core.ApplicationFilterChain.doFilter(ApplicationFilterChain.java:166)
	at org.apache.tomcat.websocket.server.WsFilter.doFilter(WsFilter.java:52)
	at org.apache.catalina.core.ApplicationFilterChain.internalDoFilter(ApplicationFilterChain.java:193)
	at org.apache.catalina.core.ApplicationFilterChain.doFilter(ApplicationFilterChain.java:166)
	at org.springframework.boot.actuate.web.trace.servlet.HttpTraceFilter.doFilterInternal(HttpTraceFilter.java:90)
	at org.springframework.web.filter.OncePerRequestFilter.doFilter(OncePerRequestFilter.java:107)
	at org.apache.catalina.core.ApplicationFilterChain.internalDoFilter(ApplicationFilterChain.java:193)
	at org.apache.catalina.core.ApplicationFilterChain.doFilter(ApplicationFilterChain.java:166)
	at org.springframework.web.filter.RequestContextFilter.doFilterInternal(RequestContextFilter.java:99)
	at org.springframework.web.filter.OncePerRequestFilter.doFilter(OncePerRequestFilter.java:107)
	at org.apache.catalina.core.ApplicationFilterChain.internalDoFilter(ApplicationFilterChain.java:193)
	at org.apache.catalina.core.ApplicationFilterChain.doFilter(ApplicationFilterChain.java:166)
	at org.springframework.web.filter.HttpPutFormContentFilter.doFilterInternal(HttpPutFormContentFilter.java:109)
	at org.springframework.web.filter.OncePerRequestFilter.doFilter(OncePerRequestFilter.java:107)
	at org.apache.catalina.core.ApplicationFilterChain.internalDoFilter(ApplicationFilterChain.java:193)
	at org.apache.catalina.core.ApplicationFilterChain.doFilter(ApplicationFilterChain.java:166)
	at org.springframework.web.filter.HiddenHttpMethodFilter.doFilterInternal(HiddenHttpMethodFilter.java:93)
	at org.springframework.web.filter.OncePerRequestFilter.doFilter(OncePerRequestFilter.java:107)
	at org.apache.catalina.core.ApplicationFilterChain.internalDoFilter(ApplicationFilterChain.java:193)
	at org.apache.catalina.core.ApplicationFilterChain.doFilter(ApplicationFilterChain.java:166)
	at org.springframework.session.web.http.SessionRepositoryFilter.doFilterInternal(SessionRepositoryFilter.java:147)
	at org.springframework.session.web.http.OncePerRequestFilter.doFilter(OncePerRequestFilter.java:81)
	at org.apache.catalina.core.ApplicationFilterChain.internalDoFilter(ApplicationFilterChain.java:193)
	at org.apache.catalina.core.ApplicationFilterChain.doFilter(ApplicationFilterChain.java:166)
	at org.springframework.boot.actuate.metrics.web.servlet.WebMvcMetricsFilter.filterAndRecordMetrics(WebMvcMetricsFilter.java:155)
	at org.springframework.boot.actuate.metrics.web.servlet.WebMvcMetricsFilter.filterAndRecordMetrics(WebMvcMetricsFilter.java:123)
	at org.springframework.boot.actuate.metrics.web.servlet.WebMvcMetricsFilter.doFilterInternal(WebMvcMetricsFilter.java:108)
	at org.springframework.web.filter.OncePerRequestFilter.doFilter(OncePerRequestFilter.java:107)
	at org.apache.catalina.core.ApplicationFilterChain.internalDoFilter(ApplicationFilterChain.java:193)
	at org.apache.catalina.core.ApplicationFilterChain.doFilter(ApplicationFilterChain.java:166)
	at org.springframework.web.filter.CharacterEncodingFilter.doFilterInternal(CharacterEncodingFilter.java:200)
	at org.springframework.web.filter.OncePerRequestFilter.doFilter(OncePerRequestFilter.java:107)
	at org.apache.catalina.core.ApplicationFilterChain.internalDoFilter(ApplicationFilterChain.java:193)
	at org.apache.catalina.core.ApplicationFilterChain.doFilter(ApplicationFilterChain.java:166)
	at org.apache.catalina.core.StandardWrapperValve.invoke(StandardWrapperValve.java:198)
	at org.apache.catalina.core.StandardContextValve.invoke(StandardContextValve.java:96)
	at org.apache.catalina.authenticator.AuthenticatorBase.invoke(AuthenticatorBase.java:493)
	at org.apache.catalina.core.StandardHostValve.invoke(StandardHostValve.java:140)
	at org.apache.catalina.valves.ErrorReportValve.invoke(ErrorReportValve.java:81)
	at org.apache.catalina.core.StandardEngineValve.invoke(StandardEngineValve.java:87)
	at org.apache.catalina.connector.CoyoteAdapter.service(CoyoteAdapter.java:342)
	at org.apache.coyote.http11.Http11Processor.service(Http11Processor.java:800)
	at org.apache.coyote.AbstractProcessorLight.process(AbstractProcessorLight.java:66)
	at org.apache.coyote.AbstractProtocol$ConnectionHandler.process(AbstractProtocol.java:800)
	at org.apache.tomcat.util.net.NioEndpoint$SocketProcessor.doRun(NioEndpoint.java:1471)
	at org.apache.tomcat.util.net.SocketProcessorBase.run(SocketProcessorBase.java:49)
	at java.util.concurrent.ThreadPoolExecutor.runWorker(ThreadPoolExecutor.java:1149)
	at java.util.concurrent.ThreadPoolExecutor$Worker.run(ThreadPoolExecutor.java:624)
	at org.apache.tomcat.util.threads.TaskThread$WrappingRunnable.run(TaskThread.java:61)
	at java.lang.Thread.run(Thread.java:748)
2024-12-19 11:44:12.234 [http-nio-8008-exec-7] ERROR c.n.property.service.api.CmdApi -请求post 方法[queryShopsByAdmin]失败：{"loginUserId":"30518939884421922816","page":"1","row":"100","storeId":"400000000000000001","userId":"30518939884421922816"}
com.newland.property.utils.exception.ListenerExecuteException: 服务【/shop/queryShopsByAdmin】当前不支持
	at com.newland.property.core.event.cmd.ServiceCmdEventPublishing.multicastEvent(ServiceCmdEventPublishing.java:156)
	at com.newland.property.core.event.cmd.ServiceCmdEventPublishing.multicastEvent(ServiceCmdEventPublishing.java:135)
	at com.newland.property.core.event.cmd.ServiceCmdEventPublishing.multicastEvent(ServiceCmdEventPublishing.java:109)
	at com.newland.property.service.smo.impl.CmdServiceSMOImpl.invokeBusinessSystem(CmdServiceSMOImpl.java:99)
	at com.newland.property.service.smo.impl.CmdServiceSMOImpl.cmd(CmdServiceSMOImpl.java:78)
	at com.newland.property.service.smo.impl.CmdServiceSMOImpl$$FastClassBySpringCGLIB$$f6be9887.invoke(<generated>)
	at org.springframework.cglib.proxy.MethodProxy.invoke(MethodProxy.java:204)
	at org.springframework.aop.framework.CglibAopProxy$CglibMethodInvocation.invokeJoinpoint(CglibAopProxy.java:746)
	at org.springframework.aop.framework.ReflectiveMethodInvocation.proceed(ReflectiveMethodInvocation.java:163)
	at org.springframework.aop.aspectj.MethodInvocationProceedingJoinPoint.proceed(MethodInvocationProceedingJoinPoint.java:88)
	at com.newland.property.core.trace.NewlandPropertyTraceLogAop.around(NewlandPropertyTraceLogAop.java:49)
	at sun.reflect.GeneratedMethodAccessor244.invoke(Unknown Source)
	at sun.reflect.DelegatingMethodAccessorImpl.invoke(DelegatingMethodAccessorImpl.java:43)
	at java.lang.reflect.Method.invoke(Method.java:498)
	at org.springframework.aop.aspectj.AbstractAspectJAdvice.invokeAdviceMethodWithGivenArgs(AbstractAspectJAdvice.java:644)
	at org.springframework.aop.aspectj.AbstractAspectJAdvice.invokeAdviceMethod(AbstractAspectJAdvice.java:633)
	at org.springframework.aop.aspectj.AspectJAroundAdvice.invoke(AspectJAroundAdvice.java:70)
	at org.springframework.aop.framework.ReflectiveMethodInvocation.proceed(ReflectiveMethodInvocation.java:174)
	at org.springframework.aop.interceptor.ExposeInvocationInterceptor.invoke(ExposeInvocationInterceptor.java:92)
	at org.springframework.aop.framework.ReflectiveMethodInvocation.proceed(ReflectiveMethodInvocation.java:185)
	at org.springframework.aop.framework.CglibAopProxy$DynamicAdvisedInterceptor.intercept(CglibAopProxy.java:688)
	at com.newland.property.service.smo.impl.CmdServiceSMOImpl$$EnhancerBySpringCGLIB$$76c0dcc0.cmd(<generated>)
	at com.newland.property.service.api.CmdApi.subServicePost(CmdApi.java:107)
	at com.newland.property.service.api.CmdApi$$FastClassBySpringCGLIB$$885b20b6.invoke(<generated>)
	at org.springframework.cglib.proxy.MethodProxy.invoke(MethodProxy.java:204)
	at org.springframework.aop.framework.CglibAopProxy$CglibMethodInvocation.invokeJoinpoint(CglibAopProxy.java:746)
	at org.springframework.aop.framework.ReflectiveMethodInvocation.proceed(ReflectiveMethodInvocation.java:163)
	at org.springframework.aop.interceptor.ExposeInvocationInterceptor.invoke(ExposeInvocationInterceptor.java:92)
	at org.springframework.aop.framework.ReflectiveMethodInvocation.proceed(ReflectiveMethodInvocation.java:185)
	at org.springframework.aop.framework.CglibAopProxy$DynamicAdvisedInterceptor.intercept(CglibAopProxy.java:688)
	at com.newland.property.service.api.CmdApi$$EnhancerBySpringCGLIB$$be61c333.subServicePost(<generated>)
	at sun.reflect.NativeMethodAccessorImpl.invoke0(Native Method)
	at sun.reflect.NativeMethodAccessorImpl.invoke(NativeMethodAccessorImpl.java:62)
	at sun.reflect.DelegatingMethodAccessorImpl.invoke(DelegatingMethodAccessorImpl.java:43)
	at java.lang.reflect.Method.invoke(Method.java:498)
	at org.springframework.web.method.support.InvocableHandlerMethod.doInvoke(InvocableHandlerMethod.java:209)
	at org.springframework.web.method.support.InvocableHandlerMethod.invokeForRequest(InvocableHandlerMethod.java:136)
	at org.springframework.web.servlet.mvc.method.annotation.ServletInvocableHandlerMethod.invokeAndHandle(ServletInvocableHandlerMethod.java:102)
	at org.springframework.web.servlet.mvc.method.annotation.RequestMappingHandlerAdapter.invokeHandlerMethod(RequestMappingHandlerAdapter.java:877)
	at org.springframework.web.servlet.mvc.method.annotation.RequestMappingHandlerAdapter.handleInternal(RequestMappingHandlerAdapter.java:783)
	at org.springframework.web.servlet.mvc.method.AbstractHandlerMethodAdapter.handle(AbstractHandlerMethodAdapter.java:87)
	at org.springframework.web.servlet.DispatcherServlet.doDispatch(DispatcherServlet.java:991)
	at org.springframework.web.servlet.DispatcherServlet.doService(DispatcherServlet.java:925)
	at org.springframework.web.servlet.FrameworkServlet.processRequest(FrameworkServlet.java:974)
	at org.springframework.web.servlet.FrameworkServlet.doPost(FrameworkServlet.java:877)
	at javax.servlet.http.HttpServlet.service(HttpServlet.java:661)
	at org.springframework.web.servlet.FrameworkServlet.service(FrameworkServlet.java:851)
	at javax.servlet.http.HttpServlet.service(HttpServlet.java:742)
	at org.apache.catalina.core.ApplicationFilterChain.internalDoFilter(ApplicationFilterChain.java:231)
	at org.apache.catalina.core.ApplicationFilterChain.doFilter(ApplicationFilterChain.java:166)
	at org.apache.tomcat.websocket.server.WsFilter.doFilter(WsFilter.java:52)
	at org.apache.catalina.core.ApplicationFilterChain.internalDoFilter(ApplicationFilterChain.java:193)
	at org.apache.catalina.core.ApplicationFilterChain.doFilter(ApplicationFilterChain.java:166)
	at org.springframework.boot.actuate.web.trace.servlet.HttpTraceFilter.doFilterInternal(HttpTraceFilter.java:90)
	at org.springframework.web.filter.OncePerRequestFilter.doFilter(OncePerRequestFilter.java:107)
	at org.apache.catalina.core.ApplicationFilterChain.internalDoFilter(ApplicationFilterChain.java:193)
	at org.apache.catalina.core.ApplicationFilterChain.doFilter(ApplicationFilterChain.java:166)
	at org.springframework.web.filter.RequestContextFilter.doFilterInternal(RequestContextFilter.java:99)
	at org.springframework.web.filter.OncePerRequestFilter.doFilter(OncePerRequestFilter.java:107)
	at org.apache.catalina.core.ApplicationFilterChain.internalDoFilter(ApplicationFilterChain.java:193)
	at org.apache.catalina.core.ApplicationFilterChain.doFilter(ApplicationFilterChain.java:166)
	at org.springframework.web.filter.HttpPutFormContentFilter.doFilterInternal(HttpPutFormContentFilter.java:109)
	at org.springframework.web.filter.OncePerRequestFilter.doFilter(OncePerRequestFilter.java:107)
	at org.apache.catalina.core.ApplicationFilterChain.internalDoFilter(ApplicationFilterChain.java:193)
	at org.apache.catalina.core.ApplicationFilterChain.doFilter(ApplicationFilterChain.java:166)
	at org.springframework.web.filter.HiddenHttpMethodFilter.doFilterInternal(HiddenHttpMethodFilter.java:93)
	at org.springframework.web.filter.OncePerRequestFilter.doFilter(OncePerRequestFilter.java:107)
	at org.apache.catalina.core.ApplicationFilterChain.internalDoFilter(ApplicationFilterChain.java:193)
	at org.apache.catalina.core.ApplicationFilterChain.doFilter(ApplicationFilterChain.java:166)
	at org.springframework.session.web.http.SessionRepositoryFilter.doFilterInternal(SessionRepositoryFilter.java:147)
	at org.springframework.session.web.http.OncePerRequestFilter.doFilter(OncePerRequestFilter.java:81)
	at org.apache.catalina.core.ApplicationFilterChain.internalDoFilter(ApplicationFilterChain.java:193)
	at org.apache.catalina.core.ApplicationFilterChain.doFilter(ApplicationFilterChain.java:166)
	at org.springframework.boot.actuate.metrics.web.servlet.WebMvcMetricsFilter.filterAndRecordMetrics(WebMvcMetricsFilter.java:155)
	at org.springframework.boot.actuate.metrics.web.servlet.WebMvcMetricsFilter.filterAndRecordMetrics(WebMvcMetricsFilter.java:123)
	at org.springframework.boot.actuate.metrics.web.servlet.WebMvcMetricsFilter.doFilterInternal(WebMvcMetricsFilter.java:108)
	at org.springframework.web.filter.OncePerRequestFilter.doFilter(OncePerRequestFilter.java:107)
	at org.apache.catalina.core.ApplicationFilterChain.internalDoFilter(ApplicationFilterChain.java:193)
	at org.apache.catalina.core.ApplicationFilterChain.doFilter(ApplicationFilterChain.java:166)
	at org.springframework.web.filter.CharacterEncodingFilter.doFilterInternal(CharacterEncodingFilter.java:200)
	at org.springframework.web.filter.OncePerRequestFilter.doFilter(OncePerRequestFilter.java:107)
	at org.apache.catalina.core.ApplicationFilterChain.internalDoFilter(ApplicationFilterChain.java:193)
	at org.apache.catalina.core.ApplicationFilterChain.doFilter(ApplicationFilterChain.java:166)
	at org.apache.catalina.core.StandardWrapperValve.invoke(StandardWrapperValve.java:198)
	at org.apache.catalina.core.StandardContextValve.invoke(StandardContextValve.java:96)
	at org.apache.catalina.authenticator.AuthenticatorBase.invoke(AuthenticatorBase.java:493)
	at org.apache.catalina.core.StandardHostValve.invoke(StandardHostValve.java:140)
	at org.apache.catalina.valves.ErrorReportValve.invoke(ErrorReportValve.java:81)
	at org.apache.catalina.core.StandardEngineValve.invoke(StandardEngineValve.java:87)
	at org.apache.catalina.connector.CoyoteAdapter.service(CoyoteAdapter.java:342)
	at org.apache.coyote.http11.Http11Processor.service(Http11Processor.java:800)
	at org.apache.coyote.AbstractProcessorLight.process(AbstractProcessorLight.java:66)
	at org.apache.coyote.AbstractProtocol$ConnectionHandler.process(AbstractProtocol.java:800)
	at org.apache.tomcat.util.net.NioEndpoint$SocketProcessor.doRun(NioEndpoint.java:1471)
	at org.apache.tomcat.util.net.SocketProcessorBase.run(SocketProcessorBase.java:49)
	at java.util.concurrent.ThreadPoolExecutor.runWorker(ThreadPoolExecutor.java:1149)
	at java.util.concurrent.ThreadPoolExecutor$Worker.run(ThreadPoolExecutor.java:624)
	at org.apache.tomcat.util.threads.TaskThread$WrappingRunnable.run(TaskThread.java:61)
	at java.lang.Thread.run(Thread.java:748)
2024-12-19 11:44:12.234 [http-nio-8008-exec-4] ERROR c.n.property.service.api.CmdApi -请求post 方法[queryShopsByAdmin]失败：{"loginUserId":"30518939884421922816","page":"1","row":"100","storeId":"400000000000000001","userId":"30518939884421922816"}
com.newland.property.utils.exception.ListenerExecuteException: 服务【/shop/queryShopsByAdmin】当前不支持
	at com.newland.property.core.event.cmd.ServiceCmdEventPublishing.multicastEvent(ServiceCmdEventPublishing.java:156)
	at com.newland.property.core.event.cmd.ServiceCmdEventPublishing.multicastEvent(ServiceCmdEventPublishing.java:135)
	at com.newland.property.core.event.cmd.ServiceCmdEventPublishing.multicastEvent(ServiceCmdEventPublishing.java:109)
	at com.newland.property.service.smo.impl.CmdServiceSMOImpl.invokeBusinessSystem(CmdServiceSMOImpl.java:99)
	at com.newland.property.service.smo.impl.CmdServiceSMOImpl.cmd(CmdServiceSMOImpl.java:78)
	at com.newland.property.service.smo.impl.CmdServiceSMOImpl$$FastClassBySpringCGLIB$$f6be9887.invoke(<generated>)
	at org.springframework.cglib.proxy.MethodProxy.invoke(MethodProxy.java:204)
	at org.springframework.aop.framework.CglibAopProxy$CglibMethodInvocation.invokeJoinpoint(CglibAopProxy.java:746)
	at org.springframework.aop.framework.ReflectiveMethodInvocation.proceed(ReflectiveMethodInvocation.java:163)
	at org.springframework.aop.aspectj.MethodInvocationProceedingJoinPoint.proceed(MethodInvocationProceedingJoinPoint.java:88)
	at com.newland.property.core.trace.NewlandPropertyTraceLogAop.around(NewlandPropertyTraceLogAop.java:49)
	at sun.reflect.GeneratedMethodAccessor244.invoke(Unknown Source)
	at sun.reflect.DelegatingMethodAccessorImpl.invoke(DelegatingMethodAccessorImpl.java:43)
	at java.lang.reflect.Method.invoke(Method.java:498)
	at org.springframework.aop.aspectj.AbstractAspectJAdvice.invokeAdviceMethodWithGivenArgs(AbstractAspectJAdvice.java:644)
	at org.springframework.aop.aspectj.AbstractAspectJAdvice.invokeAdviceMethod(AbstractAspectJAdvice.java:633)
	at org.springframework.aop.aspectj.AspectJAroundAdvice.invoke(AspectJAroundAdvice.java:70)
	at org.springframework.aop.framework.ReflectiveMethodInvocation.proceed(ReflectiveMethodInvocation.java:174)
	at org.springframework.aop.interceptor.ExposeInvocationInterceptor.invoke(ExposeInvocationInterceptor.java:92)
	at org.springframework.aop.framework.ReflectiveMethodInvocation.proceed(ReflectiveMethodInvocation.java:185)
	at org.springframework.aop.framework.CglibAopProxy$DynamicAdvisedInterceptor.intercept(CglibAopProxy.java:688)
	at com.newland.property.service.smo.impl.CmdServiceSMOImpl$$EnhancerBySpringCGLIB$$76c0dcc0.cmd(<generated>)
	at com.newland.property.service.api.CmdApi.subServicePost(CmdApi.java:107)
	at com.newland.property.service.api.CmdApi$$FastClassBySpringCGLIB$$885b20b6.invoke(<generated>)
	at org.springframework.cglib.proxy.MethodProxy.invoke(MethodProxy.java:204)
	at org.springframework.aop.framework.CglibAopProxy$CglibMethodInvocation.invokeJoinpoint(CglibAopProxy.java:746)
	at org.springframework.aop.framework.ReflectiveMethodInvocation.proceed(ReflectiveMethodInvocation.java:163)
	at org.springframework.aop.interceptor.ExposeInvocationInterceptor.invoke(ExposeInvocationInterceptor.java:92)
	at org.springframework.aop.framework.ReflectiveMethodInvocation.proceed(ReflectiveMethodInvocation.java:185)
	at org.springframework.aop.framework.CglibAopProxy$DynamicAdvisedInterceptor.intercept(CglibAopProxy.java:688)
	at com.newland.property.service.api.CmdApi$$EnhancerBySpringCGLIB$$be61c333.subServicePost(<generated>)
	at sun.reflect.NativeMethodAccessorImpl.invoke0(Native Method)
	at sun.reflect.NativeMethodAccessorImpl.invoke(NativeMethodAccessorImpl.java:62)
	at sun.reflect.DelegatingMethodAccessorImpl.invoke(DelegatingMethodAccessorImpl.java:43)
	at java.lang.reflect.Method.invoke(Method.java:498)
	at org.springframework.web.method.support.InvocableHandlerMethod.doInvoke(InvocableHandlerMethod.java:209)
	at org.springframework.web.method.support.InvocableHandlerMethod.invokeForRequest(InvocableHandlerMethod.java:136)
	at org.springframework.web.servlet.mvc.method.annotation.ServletInvocableHandlerMethod.invokeAndHandle(ServletInvocableHandlerMethod.java:102)
	at org.springframework.web.servlet.mvc.method.annotation.RequestMappingHandlerAdapter.invokeHandlerMethod(RequestMappingHandlerAdapter.java:877)
	at org.springframework.web.servlet.mvc.method.annotation.RequestMappingHandlerAdapter.handleInternal(RequestMappingHandlerAdapter.java:783)
	at org.springframework.web.servlet.mvc.method.AbstractHandlerMethodAdapter.handle(AbstractHandlerMethodAdapter.java:87)
	at org.springframework.web.servlet.DispatcherServlet.doDispatch(DispatcherServlet.java:991)
	at org.springframework.web.servlet.DispatcherServlet.doService(DispatcherServlet.java:925)
	at org.springframework.web.servlet.FrameworkServlet.processRequest(FrameworkServlet.java:974)
	at org.springframework.web.servlet.FrameworkServlet.doPost(FrameworkServlet.java:877)
	at javax.servlet.http.HttpServlet.service(HttpServlet.java:661)
	at org.springframework.web.servlet.FrameworkServlet.service(FrameworkServlet.java:851)
	at javax.servlet.http.HttpServlet.service(HttpServlet.java:742)
	at org.apache.catalina.core.ApplicationFilterChain.internalDoFilter(ApplicationFilterChain.java:231)
	at org.apache.catalina.core.ApplicationFilterChain.doFilter(ApplicationFilterChain.java:166)
	at org.apache.tomcat.websocket.server.WsFilter.doFilter(WsFilter.java:52)
	at org.apache.catalina.core.ApplicationFilterChain.internalDoFilter(ApplicationFilterChain.java:193)
	at org.apache.catalina.core.ApplicationFilterChain.doFilter(ApplicationFilterChain.java:166)
	at org.springframework.boot.actuate.web.trace.servlet.HttpTraceFilter.doFilterInternal(HttpTraceFilter.java:90)
	at org.springframework.web.filter.OncePerRequestFilter.doFilter(OncePerRequestFilter.java:107)
	at org.apache.catalina.core.ApplicationFilterChain.internalDoFilter(ApplicationFilterChain.java:193)
	at org.apache.catalina.core.ApplicationFilterChain.doFilter(ApplicationFilterChain.java:166)
	at org.springframework.web.filter.RequestContextFilter.doFilterInternal(RequestContextFilter.java:99)
	at org.springframework.web.filter.OncePerRequestFilter.doFilter(OncePerRequestFilter.java:107)
	at org.apache.catalina.core.ApplicationFilterChain.internalDoFilter(ApplicationFilterChain.java:193)
	at org.apache.catalina.core.ApplicationFilterChain.doFilter(ApplicationFilterChain.java:166)
	at org.springframework.web.filter.HttpPutFormContentFilter.doFilterInternal(HttpPutFormContentFilter.java:109)
	at org.springframework.web.filter.OncePerRequestFilter.doFilter(OncePerRequestFilter.java:107)
	at org.apache.catalina.core.ApplicationFilterChain.internalDoFilter(ApplicationFilterChain.java:193)
	at org.apache.catalina.core.ApplicationFilterChain.doFilter(ApplicationFilterChain.java:166)
	at org.springframework.web.filter.HiddenHttpMethodFilter.doFilterInternal(HiddenHttpMethodFilter.java:93)
	at org.springframework.web.filter.OncePerRequestFilter.doFilter(OncePerRequestFilter.java:107)
	at org.apache.catalina.core.ApplicationFilterChain.internalDoFilter(ApplicationFilterChain.java:193)
	at org.apache.catalina.core.ApplicationFilterChain.doFilter(ApplicationFilterChain.java:166)
	at org.springframework.session.web.http.SessionRepositoryFilter.doFilterInternal(SessionRepositoryFilter.java:147)
	at org.springframework.session.web.http.OncePerRequestFilter.doFilter(OncePerRequestFilter.java:81)
	at org.apache.catalina.core.ApplicationFilterChain.internalDoFilter(ApplicationFilterChain.java:193)
	at org.apache.catalina.core.ApplicationFilterChain.doFilter(ApplicationFilterChain.java:166)
	at org.springframework.boot.actuate.metrics.web.servlet.WebMvcMetricsFilter.filterAndRecordMetrics(WebMvcMetricsFilter.java:155)
	at org.springframework.boot.actuate.metrics.web.servlet.WebMvcMetricsFilter.filterAndRecordMetrics(WebMvcMetricsFilter.java:123)
	at org.springframework.boot.actuate.metrics.web.servlet.WebMvcMetricsFilter.doFilterInternal(WebMvcMetricsFilter.java:108)
	at org.springframework.web.filter.OncePerRequestFilter.doFilter(OncePerRequestFilter.java:107)
	at org.apache.catalina.core.ApplicationFilterChain.internalDoFilter(ApplicationFilterChain.java:193)
	at org.apache.catalina.core.ApplicationFilterChain.doFilter(ApplicationFilterChain.java:166)
	at org.springframework.web.filter.CharacterEncodingFilter.doFilterInternal(CharacterEncodingFilter.java:200)
	at org.springframework.web.filter.OncePerRequestFilter.doFilter(OncePerRequestFilter.java:107)
	at org.apache.catalina.core.ApplicationFilterChain.internalDoFilter(ApplicationFilterChain.java:193)
	at org.apache.catalina.core.ApplicationFilterChain.doFilter(ApplicationFilterChain.java:166)
	at org.apache.catalina.core.StandardWrapperValve.invoke(StandardWrapperValve.java:198)
	at org.apache.catalina.core.StandardContextValve.invoke(StandardContextValve.java:96)
	at org.apache.catalina.authenticator.AuthenticatorBase.invoke(AuthenticatorBase.java:493)
	at org.apache.catalina.core.StandardHostValve.invoke(StandardHostValve.java:140)
	at org.apache.catalina.valves.ErrorReportValve.invoke(ErrorReportValve.java:81)
	at org.apache.catalina.core.StandardEngineValve.invoke(StandardEngineValve.java:87)
	at org.apache.catalina.connector.CoyoteAdapter.service(CoyoteAdapter.java:342)
	at org.apache.coyote.http11.Http11Processor.service(Http11Processor.java:800)
	at org.apache.coyote.AbstractProcessorLight.process(AbstractProcessorLight.java:66)
	at org.apache.coyote.AbstractProtocol$ConnectionHandler.process(AbstractProtocol.java:800)
	at org.apache.tomcat.util.net.NioEndpoint$SocketProcessor.doRun(NioEndpoint.java:1471)
	at org.apache.tomcat.util.net.SocketProcessorBase.run(SocketProcessorBase.java:49)
	at java.util.concurrent.ThreadPoolExecutor.runWorker(ThreadPoolExecutor.java:1149)
	at java.util.concurrent.ThreadPoolExecutor$Worker.run(ThreadPoolExecutor.java:624)
	at org.apache.tomcat.util.threads.TaskThread$WrappingRunnable.run(TaskThread.java:61)
	at java.lang.Thread.run(Thread.java:748)
2024-12-19 11:44:12.268 [http-nio-8008-exec-10] ERROR c.n.p.b.smo.impl.ApiServiceSMOImpl -请求下游服务【http://127.0.0.1:8008/cmd/shop/queryShopsByAdmin?page=1&row=100】异常，参数为<{"loginUserId":"30518939884421922816","page":"1","row":"100","storeId":"400000000000000001","userId":"30518939884421922816"},{referer=[http://127.0.0.1:3000/], content-length=[0], hostName=[localhost], req-time=[20241219114411], sec-fetch-site=[same-origin], sign=[], iss=[newland], REQUEST_URL=[http://127.0.0.1:3000/app/shop/queryShopsByAdmin?page=1&row=100], transaction-id=[44e9069c-6d61-40f6-8aff-d7143ac5e5c2], sec-ch-ua-mobile=[?0], host=[127.0.0.1:3000], connection=[close], SERVICE=[/shop/queryShopsByAdmin], cache-control=[no-cache], app_id=[8000418004], jti=[eb633bcfd3984e8e892ac067395d7028], login-user-id=[30518939884421922816], store-id=[400000000000000001], property-lang=[cn], RESOURCE=[shop], sec-fetch-mode=[cors], transaction_id=[44e9069c-6d61-40f6-8aff-d7143ac5e5c2], app-id=[8000418004], accept-language=[zh-CN,zh;q=0.9], cookie=[SESSION=NDQxYTAwZDgtYzc2Ny00NTI0LTlmY2ItZTA2ZTI5NjYzNWZl; Hm_lvt_adedae9bc250561cc17e96dc1fb46079=1734576997; HMACCOUNT=82B94E3E619AAE11; _newland_property_token_=eyJ0eXAiOiJKV1QiLCJhbGciOiJIUzI1NiJ9.eyJpc3MiOiJuZXdsYW5kIiwidXNlck5hbWUiOiJhZG1pbiIsImp0aSI6ImViNjMzYmNmZDM5ODRlOGU4OTJhYzA2NzM5NWQ3MDI4In0.oP-ACkNKYZVTw-ATrJRffbsYtVJQGXQWxQ4DggSuwzI; Hm_lpvt_adedae9bc250561cc17e96dc1fb46079=1734579578], IP=[127.0.0.1], user-id=[30518939884421922816], userName=[-], version=[v1.7], userId=[30518939884421922816], pragma=[no-cache], req_time=[20241219114411], accept=[application/json, text/plain, */*], accept-charset=[utf-8], sec-ch-ua=["Google Chrome";v="131", "Chromium";v="131", "Not_A Brand";v="24"], ACTION=[queryShopsByAdmin], port=[8008], user_id=[30518939884421922816], sec-ch-ua-platform=["macOS"], x-requested-with=[XMLHttpRequest], METHOD=[GET], accept-encoding=[gzip, deflate, br, zstd], user-agent=[Mozilla/5.0 (Macintosh; Intel Mac OS X 10_15_7) AppleWebKit/537.36 (KHTML, like Gecko) Chrome/131.0.0.0 Safari/537.36], sec-fetch-dest=[empty]}>请求发生异常，服务【/shop/queryShopsByAdmin】当前不支持
org.springframework.web.client.HttpServerErrorException: 500 
	at org.springframework.web.client.DefaultResponseErrorHandler.handleError(DefaultResponseErrorHandler.java:97)
	at org.springframework.web.client.DefaultResponseErrorHandler.handleError(DefaultResponseErrorHandler.java:79)
	at org.springframework.web.client.ResponseErrorHandler.handleError(ResponseErrorHandler.java:63)
	at org.springframework.web.client.RestTemplate.handleResponse(RestTemplate.java:766)
	at org.springframework.web.client.RestTemplate.doExecute(RestTemplate.java:724)
	at org.springframework.web.client.RestTemplate.execute(RestTemplate.java:680)
	at org.springframework.web.client.RestTemplate.exchange(RestTemplate.java:600)
	at com.newland.property.core.client.RestTemplate.exchange(RestTemplate.java:39)
	at com.newland.property.core.client.OutRestTemplate.exchange(OutRestTemplate.java:54)
	at com.newland.property.boot.smo.impl.ApiServiceSMOImpl.dealCmd(ApiServiceSMOImpl.java:598)
	at com.newland.property.boot.smo.impl.ApiServiceSMOImpl.invokeBusinessSystem(ApiServiceSMOImpl.java:406)
	at com.newland.property.boot.smo.impl.ApiServiceSMOImpl.service(ApiServiceSMOImpl.java:103)
	at com.newland.property.boot.smo.impl.ApiServiceSMOImpl$$FastClassBySpringCGLIB$$a08c9dd8.invoke(<generated>)
	at org.springframework.cglib.proxy.MethodProxy.invoke(MethodProxy.java:204)
	at org.springframework.aop.framework.CglibAopProxy$CglibMethodInvocation.invokeJoinpoint(CglibAopProxy.java:746)
	at org.springframework.aop.framework.ReflectiveMethodInvocation.proceed(ReflectiveMethodInvocation.java:163)
	at org.springframework.aop.aspectj.MethodInvocationProceedingJoinPoint.proceed(MethodInvocationProceedingJoinPoint.java:88)
	at com.newland.property.core.trace.NewlandPropertyTraceLogAop.around(NewlandPropertyTraceLogAop.java:49)
	at sun.reflect.GeneratedMethodAccessor244.invoke(Unknown Source)
	at sun.reflect.DelegatingMethodAccessorImpl.invoke(DelegatingMethodAccessorImpl.java:43)
	at java.lang.reflect.Method.invoke(Method.java:498)
	at org.springframework.aop.aspectj.AbstractAspectJAdvice.invokeAdviceMethodWithGivenArgs(AbstractAspectJAdvice.java:644)
	at org.springframework.aop.aspectj.AbstractAspectJAdvice.invokeAdviceMethod(AbstractAspectJAdvice.java:633)
	at org.springframework.aop.aspectj.AspectJAroundAdvice.invoke(AspectJAroundAdvice.java:70)
	at org.springframework.aop.framework.ReflectiveMethodInvocation.proceed(ReflectiveMethodInvocation.java:174)
	at org.springframework.aop.interceptor.ExposeInvocationInterceptor.invoke(ExposeInvocationInterceptor.java:92)
	at org.springframework.aop.framework.ReflectiveMethodInvocation.proceed(ReflectiveMethodInvocation.java:185)
	at org.springframework.aop.framework.CglibAopProxy$DynamicAdvisedInterceptor.intercept(CglibAopProxy.java:688)
	at com.newland.property.boot.smo.impl.ApiServiceSMOImpl$$EnhancerBySpringCGLIB$$42cc4753.service(<generated>)
	at com.newland.property.boot.smo.api.impl.ApiSMOImpl.doApi(ApiSMOImpl.java:116)
	at com.newland.property.boot.controller.app.AppController.subServiceGet(AppController.java:182)
	at com.newland.property.boot.controller.app.AppController$$FastClassBySpringCGLIB$$6216bd11.invoke(<generated>)
	at org.springframework.cglib.proxy.MethodProxy.invoke(MethodProxy.java:204)
	at org.springframework.aop.framework.CglibAopProxy$CglibMethodInvocation.invokeJoinpoint(CglibAopProxy.java:746)
	at org.springframework.aop.framework.ReflectiveMethodInvocation.proceed(ReflectiveMethodInvocation.java:163)
	at org.springframework.aop.framework.adapter.MethodBeforeAdviceInterceptor.invoke(MethodBeforeAdviceInterceptor.java:56)
	at org.springframework.aop.framework.ReflectiveMethodInvocation.proceed(ReflectiveMethodInvocation.java:185)
	at org.springframework.aop.aspectj.MethodInvocationProceedingJoinPoint.proceed(MethodInvocationProceedingJoinPoint.java:88)
	at com.newland.property.boot.aop.PageProcessAspect.around(PageProcessAspect.java:180)
	at sun.reflect.GeneratedMethodAccessor273.invoke(Unknown Source)
	at sun.reflect.DelegatingMethodAccessorImpl.invoke(DelegatingMethodAccessorImpl.java:43)
	at java.lang.reflect.Method.invoke(Method.java:498)
	at org.springframework.aop.aspectj.AbstractAspectJAdvice.invokeAdviceMethodWithGivenArgs(AbstractAspectJAdvice.java:644)
	at org.springframework.aop.aspectj.AbstractAspectJAdvice.invokeAdviceMethod(AbstractAspectJAdvice.java:633)
	at org.springframework.aop.aspectj.AspectJAroundAdvice.invoke(AspectJAroundAdvice.java:70)
	at org.springframework.aop.framework.ReflectiveMethodInvocation.proceed(ReflectiveMethodInvocation.java:185)
	at org.springframework.aop.aspectj.AspectJAfterAdvice.invoke(AspectJAfterAdvice.java:47)
	at org.springframework.aop.framework.ReflectiveMethodInvocation.proceed(ReflectiveMethodInvocation.java:185)
	at org.springframework.aop.framework.adapter.AfterReturningAdviceInterceptor.invoke(AfterReturningAdviceInterceptor.java:55)
	at org.springframework.aop.framework.ReflectiveMethodInvocation.proceed(ReflectiveMethodInvocation.java:185)
	at org.springframework.aop.aspectj.AspectJAfterThrowingAdvice.invoke(AspectJAfterThrowingAdvice.java:62)
	at org.springframework.aop.framework.ReflectiveMethodInvocation.proceed(ReflectiveMethodInvocation.java:185)
	at org.springframework.aop.aspectj.MethodInvocationProceedingJoinPoint.proceed(MethodInvocationProceedingJoinPoint.java:88)
	at com.newland.property.core.language.NewlandPropertyLangAop.around(NewlandPropertyLangAop.java:41)
	at sun.reflect.GeneratedMethodAccessor272.invoke(Unknown Source)
	at sun.reflect.DelegatingMethodAccessorImpl.invoke(DelegatingMethodAccessorImpl.java:43)
	at java.lang.reflect.Method.invoke(Method.java:498)
	at org.springframework.aop.aspectj.AbstractAspectJAdvice.invokeAdviceMethodWithGivenArgs(AbstractAspectJAdvice.java:644)
	at org.springframework.aop.aspectj.AbstractAspectJAdvice.invokeAdviceMethod(AbstractAspectJAdvice.java:633)
	at org.springframework.aop.aspectj.AspectJAroundAdvice.invoke(AspectJAroundAdvice.java:70)
	at org.springframework.aop.framework.ReflectiveMethodInvocation.proceed(ReflectiveMethodInvocation.java:174)
	at org.springframework.aop.interceptor.ExposeInvocationInterceptor.invoke(ExposeInvocationInterceptor.java:92)
	at org.springframework.aop.framework.ReflectiveMethodInvocation.proceed(ReflectiveMethodInvocation.java:185)
	at org.springframework.aop.framework.CglibAopProxy$DynamicAdvisedInterceptor.intercept(CglibAopProxy.java:688)
	at com.newland.property.boot.controller.app.AppController$$EnhancerBySpringCGLIB$$e75abd54.subServiceGet(<generated>)
	at sun.reflect.GeneratedMethodAccessor290.invoke(Unknown Source)
	at sun.reflect.DelegatingMethodAccessorImpl.invoke(DelegatingMethodAccessorImpl.java:43)
	at java.lang.reflect.Method.invoke(Method.java:498)
	at org.springframework.web.method.support.InvocableHandlerMethod.doInvoke(InvocableHandlerMethod.java:209)
	at org.springframework.web.method.support.InvocableHandlerMethod.invokeForRequest(InvocableHandlerMethod.java:136)
	at org.springframework.web.servlet.mvc.method.annotation.ServletInvocableHandlerMethod.invokeAndHandle(ServletInvocableHandlerMethod.java:102)
	at org.springframework.web.servlet.mvc.method.annotation.RequestMappingHandlerAdapter.invokeHandlerMethod(RequestMappingHandlerAdapter.java:877)
	at org.springframework.web.servlet.mvc.method.annotation.RequestMappingHandlerAdapter.handleInternal(RequestMappingHandlerAdapter.java:783)
	at org.springframework.web.servlet.mvc.method.AbstractHandlerMethodAdapter.handle(AbstractHandlerMethodAdapter.java:87)
	at org.springframework.web.servlet.DispatcherServlet.doDispatch(DispatcherServlet.java:991)
	at org.springframework.web.servlet.DispatcherServlet.doService(DispatcherServlet.java:925)
	at org.springframework.web.servlet.FrameworkServlet.processRequest(FrameworkServlet.java:974)
	at org.springframework.web.servlet.FrameworkServlet.doGet(FrameworkServlet.java:866)
	at javax.servlet.http.HttpServlet.service(HttpServlet.java:635)
	at org.springframework.web.servlet.FrameworkServlet.service(FrameworkServlet.java:851)
	at javax.servlet.http.HttpServlet.service(HttpServlet.java:742)
	at org.apache.catalina.core.ApplicationFilterChain.internalDoFilter(ApplicationFilterChain.java:231)
	at org.apache.catalina.core.ApplicationFilterChain.doFilter(ApplicationFilterChain.java:166)
	at org.apache.tomcat.websocket.server.WsFilter.doFilter(WsFilter.java:52)
	at org.apache.catalina.core.ApplicationFilterChain.internalDoFilter(ApplicationFilterChain.java:193)
	at org.apache.catalina.core.ApplicationFilterChain.doFilter(ApplicationFilterChain.java:166)
	at com.newland.property.boot.filter.JwtFilter.doFilter(JwtFilter.java:76)
	at org.apache.catalina.core.ApplicationFilterChain.internalDoFilter(ApplicationFilterChain.java:193)
	at org.apache.catalina.core.ApplicationFilterChain.doFilter(ApplicationFilterChain.java:166)
	at org.springframework.boot.actuate.web.trace.servlet.HttpTraceFilter.doFilterInternal(HttpTraceFilter.java:90)
	at org.springframework.web.filter.OncePerRequestFilter.doFilter(OncePerRequestFilter.java:107)
	at org.apache.catalina.core.ApplicationFilterChain.internalDoFilter(ApplicationFilterChain.java:193)
	at org.apache.catalina.core.ApplicationFilterChain.doFilter(ApplicationFilterChain.java:166)
	at org.springframework.web.filter.RequestContextFilter.doFilterInternal(RequestContextFilter.java:99)
	at org.springframework.web.filter.OncePerRequestFilter.doFilter(OncePerRequestFilter.java:107)
	at org.apache.catalina.core.ApplicationFilterChain.internalDoFilter(ApplicationFilterChain.java:193)
	at org.apache.catalina.core.ApplicationFilterChain.doFilter(ApplicationFilterChain.java:166)
	at org.springframework.web.filter.HttpPutFormContentFilter.doFilterInternal(HttpPutFormContentFilter.java:109)
	at org.springframework.web.filter.OncePerRequestFilter.doFilter(OncePerRequestFilter.java:107)
	at org.apache.catalina.core.ApplicationFilterChain.internalDoFilter(ApplicationFilterChain.java:193)
	at org.apache.catalina.core.ApplicationFilterChain.doFilter(ApplicationFilterChain.java:166)
	at org.springframework.web.filter.HiddenHttpMethodFilter.doFilterInternal(HiddenHttpMethodFilter.java:93)
	at org.springframework.web.filter.OncePerRequestFilter.doFilter(OncePerRequestFilter.java:107)
	at org.apache.catalina.core.ApplicationFilterChain.internalDoFilter(ApplicationFilterChain.java:193)
	at org.apache.catalina.core.ApplicationFilterChain.doFilter(ApplicationFilterChain.java:166)
	at org.springframework.session.web.http.SessionRepositoryFilter.doFilterInternal(SessionRepositoryFilter.java:147)
	at org.springframework.session.web.http.OncePerRequestFilter.doFilter(OncePerRequestFilter.java:81)
	at org.apache.catalina.core.ApplicationFilterChain.internalDoFilter(ApplicationFilterChain.java:193)
	at org.apache.catalina.core.ApplicationFilterChain.doFilter(ApplicationFilterChain.java:166)
	at org.springframework.boot.actuate.metrics.web.servlet.WebMvcMetricsFilter.filterAndRecordMetrics(WebMvcMetricsFilter.java:155)
	at org.springframework.boot.actuate.metrics.web.servlet.WebMvcMetricsFilter.filterAndRecordMetrics(WebMvcMetricsFilter.java:123)
	at org.springframework.boot.actuate.metrics.web.servlet.WebMvcMetricsFilter.doFilterInternal(WebMvcMetricsFilter.java:108)
	at org.springframework.web.filter.OncePerRequestFilter.doFilter(OncePerRequestFilter.java:107)
	at org.apache.catalina.core.ApplicationFilterChain.internalDoFilter(ApplicationFilterChain.java:193)
	at org.apache.catalina.core.ApplicationFilterChain.doFilter(ApplicationFilterChain.java:166)
	at org.springframework.web.filter.CharacterEncodingFilter.doFilterInternal(CharacterEncodingFilter.java:200)
	at org.springframework.web.filter.OncePerRequestFilter.doFilter(OncePerRequestFilter.java:107)
	at org.apache.catalina.core.ApplicationFilterChain.internalDoFilter(ApplicationFilterChain.java:193)
	at org.apache.catalina.core.ApplicationFilterChain.doFilter(ApplicationFilterChain.java:166)
	at org.apache.catalina.core.StandardWrapperValve.invoke(StandardWrapperValve.java:198)
	at org.apache.catalina.core.StandardContextValve.invoke(StandardContextValve.java:96)
	at org.apache.catalina.authenticator.AuthenticatorBase.invoke(AuthenticatorBase.java:493)
	at org.apache.catalina.core.StandardHostValve.invoke(StandardHostValve.java:140)
	at org.apache.catalina.valves.ErrorReportValve.invoke(ErrorReportValve.java:81)
	at org.apache.catalina.core.StandardEngineValve.invoke(StandardEngineValve.java:87)
	at org.apache.catalina.connector.CoyoteAdapter.service(CoyoteAdapter.java:342)
	at org.apache.coyote.http11.Http11Processor.service(Http11Processor.java:800)
	at org.apache.coyote.AbstractProcessorLight.process(AbstractProcessorLight.java:66)
	at org.apache.coyote.AbstractProtocol$ConnectionHandler.process(AbstractProtocol.java:800)
	at org.apache.tomcat.util.net.NioEndpoint$SocketProcessor.doRun(NioEndpoint.java:1471)
	at org.apache.tomcat.util.net.SocketProcessorBase.run(SocketProcessorBase.java:49)
	at java.util.concurrent.ThreadPoolExecutor.runWorker(ThreadPoolExecutor.java:1149)
	at java.util.concurrent.ThreadPoolExecutor$Worker.run(ThreadPoolExecutor.java:624)
	at org.apache.tomcat.util.threads.TaskThread$WrappingRunnable.run(TaskThread.java:61)
	at java.lang.Thread.run(Thread.java:748)
2024-12-19 11:44:12.271 [http-nio-8008-exec-1] ERROR c.n.p.b.smo.impl.ApiServiceSMOImpl -请求下游服务【http://127.0.0.1:8008/cmd/shop/queryShopsByAdmin?page=1&row=100】异常，参数为<{"loginUserId":"30518939884421922816","page":"1","row":"100","storeId":"400000000000000001","userId":"30518939884421922816"},{referer=[http://127.0.0.1:3000/], content-length=[0], hostName=[localhost], req-time=[20241219114411], sec-fetch-site=[same-origin], sign=[], iss=[newland], REQUEST_URL=[http://127.0.0.1:3000/app/shop/queryShopsByAdmin?page=1&row=100], transaction-id=[2d71aa4d-a3ad-4947-8bd7-bfe2b563ff5a], sec-ch-ua-mobile=[?0], host=[127.0.0.1:3000], connection=[close], SERVICE=[/shop/queryShopsByAdmin], cache-control=[no-cache], app_id=[8000418004], jti=[eb633bcfd3984e8e892ac067395d7028], login-user-id=[30518939884421922816], store-id=[400000000000000001], property-lang=[cn], RESOURCE=[shop], sec-fetch-mode=[cors], transaction_id=[2d71aa4d-a3ad-4947-8bd7-bfe2b563ff5a], app-id=[8000418004], accept-language=[zh-CN,zh;q=0.9], cookie=[SESSION=NDQxYTAwZDgtYzc2Ny00NTI0LTlmY2ItZTA2ZTI5NjYzNWZl; Hm_lvt_adedae9bc250561cc17e96dc1fb46079=1734576997; HMACCOUNT=82B94E3E619AAE11; _newland_property_token_=eyJ0eXAiOiJKV1QiLCJhbGciOiJIUzI1NiJ9.eyJpc3MiOiJuZXdsYW5kIiwidXNlck5hbWUiOiJhZG1pbiIsImp0aSI6ImViNjMzYmNmZDM5ODRlOGU4OTJhYzA2NzM5NWQ3MDI4In0.oP-ACkNKYZVTw-ATrJRffbsYtVJQGXQWxQ4DggSuwzI; Hm_lpvt_adedae9bc250561cc17e96dc1fb46079=1734579578], IP=[127.0.0.1], user-id=[30518939884421922816], userName=[-], version=[v1.7], userId=[30518939884421922816], pragma=[no-cache], req_time=[20241219114411], accept=[application/json, text/plain, */*], accept-charset=[utf-8], sec-ch-ua=["Google Chrome";v="131", "Chromium";v="131", "Not_A Brand";v="24"], ACTION=[queryShopsByAdmin], port=[8008], user_id=[30518939884421922816], sec-ch-ua-platform=["macOS"], x-requested-with=[XMLHttpRequest], METHOD=[GET], accept-encoding=[gzip, deflate, br, zstd], user-agent=[Mozilla/5.0 (Macintosh; Intel Mac OS X 10_15_7) AppleWebKit/537.36 (KHTML, like Gecko) Chrome/131.0.0.0 Safari/537.36], sec-fetch-dest=[empty]}>请求发生异常，服务【/shop/queryShopsByAdmin】当前不支持
org.springframework.web.client.HttpServerErrorException: 500 
	at org.springframework.web.client.DefaultResponseErrorHandler.handleError(DefaultResponseErrorHandler.java:97)
	at org.springframework.web.client.DefaultResponseErrorHandler.handleError(DefaultResponseErrorHandler.java:79)
	at org.springframework.web.client.ResponseErrorHandler.handleError(ResponseErrorHandler.java:63)
	at org.springframework.web.client.RestTemplate.handleResponse(RestTemplate.java:766)
	at org.springframework.web.client.RestTemplate.doExecute(RestTemplate.java:724)
	at org.springframework.web.client.RestTemplate.execute(RestTemplate.java:680)
	at org.springframework.web.client.RestTemplate.exchange(RestTemplate.java:600)
	at com.newland.property.core.client.RestTemplate.exchange(RestTemplate.java:39)
	at com.newland.property.core.client.OutRestTemplate.exchange(OutRestTemplate.java:54)
	at com.newland.property.boot.smo.impl.ApiServiceSMOImpl.dealCmd(ApiServiceSMOImpl.java:598)
	at com.newland.property.boot.smo.impl.ApiServiceSMOImpl.invokeBusinessSystem(ApiServiceSMOImpl.java:406)
	at com.newland.property.boot.smo.impl.ApiServiceSMOImpl.service(ApiServiceSMOImpl.java:103)
	at com.newland.property.boot.smo.impl.ApiServiceSMOImpl$$FastClassBySpringCGLIB$$a08c9dd8.invoke(<generated>)
	at org.springframework.cglib.proxy.MethodProxy.invoke(MethodProxy.java:204)
	at org.springframework.aop.framework.CglibAopProxy$CglibMethodInvocation.invokeJoinpoint(CglibAopProxy.java:746)
	at org.springframework.aop.framework.ReflectiveMethodInvocation.proceed(ReflectiveMethodInvocation.java:163)
	at org.springframework.aop.aspectj.MethodInvocationProceedingJoinPoint.proceed(MethodInvocationProceedingJoinPoint.java:88)
	at com.newland.property.core.trace.NewlandPropertyTraceLogAop.around(NewlandPropertyTraceLogAop.java:49)
	at sun.reflect.GeneratedMethodAccessor244.invoke(Unknown Source)
	at sun.reflect.DelegatingMethodAccessorImpl.invoke(DelegatingMethodAccessorImpl.java:43)
	at java.lang.reflect.Method.invoke(Method.java:498)
	at org.springframework.aop.aspectj.AbstractAspectJAdvice.invokeAdviceMethodWithGivenArgs(AbstractAspectJAdvice.java:644)
	at org.springframework.aop.aspectj.AbstractAspectJAdvice.invokeAdviceMethod(AbstractAspectJAdvice.java:633)
	at org.springframework.aop.aspectj.AspectJAroundAdvice.invoke(AspectJAroundAdvice.java:70)
	at org.springframework.aop.framework.ReflectiveMethodInvocation.proceed(ReflectiveMethodInvocation.java:174)
	at org.springframework.aop.interceptor.ExposeInvocationInterceptor.invoke(ExposeInvocationInterceptor.java:92)
	at org.springframework.aop.framework.ReflectiveMethodInvocation.proceed(ReflectiveMethodInvocation.java:185)
	at org.springframework.aop.framework.CglibAopProxy$DynamicAdvisedInterceptor.intercept(CglibAopProxy.java:688)
	at com.newland.property.boot.smo.impl.ApiServiceSMOImpl$$EnhancerBySpringCGLIB$$42cc4753.service(<generated>)
	at com.newland.property.boot.smo.api.impl.ApiSMOImpl.doApi(ApiSMOImpl.java:116)
	at com.newland.property.boot.controller.app.AppController.subServiceGet(AppController.java:182)
	at com.newland.property.boot.controller.app.AppController$$FastClassBySpringCGLIB$$6216bd11.invoke(<generated>)
	at org.springframework.cglib.proxy.MethodProxy.invoke(MethodProxy.java:204)
	at org.springframework.aop.framework.CglibAopProxy$CglibMethodInvocation.invokeJoinpoint(CglibAopProxy.java:746)
	at org.springframework.aop.framework.ReflectiveMethodInvocation.proceed(ReflectiveMethodInvocation.java:163)
	at org.springframework.aop.framework.adapter.MethodBeforeAdviceInterceptor.invoke(MethodBeforeAdviceInterceptor.java:56)
	at org.springframework.aop.framework.ReflectiveMethodInvocation.proceed(ReflectiveMethodInvocation.java:185)
	at org.springframework.aop.aspectj.MethodInvocationProceedingJoinPoint.proceed(MethodInvocationProceedingJoinPoint.java:88)
	at com.newland.property.boot.aop.PageProcessAspect.around(PageProcessAspect.java:180)
	at sun.reflect.GeneratedMethodAccessor273.invoke(Unknown Source)
	at sun.reflect.DelegatingMethodAccessorImpl.invoke(DelegatingMethodAccessorImpl.java:43)
	at java.lang.reflect.Method.invoke(Method.java:498)
	at org.springframework.aop.aspectj.AbstractAspectJAdvice.invokeAdviceMethodWithGivenArgs(AbstractAspectJAdvice.java:644)
	at org.springframework.aop.aspectj.AbstractAspectJAdvice.invokeAdviceMethod(AbstractAspectJAdvice.java:633)
	at org.springframework.aop.aspectj.AspectJAroundAdvice.invoke(AspectJAroundAdvice.java:70)
	at org.springframework.aop.framework.ReflectiveMethodInvocation.proceed(ReflectiveMethodInvocation.java:185)
	at org.springframework.aop.aspectj.AspectJAfterAdvice.invoke(AspectJAfterAdvice.java:47)
	at org.springframework.aop.framework.ReflectiveMethodInvocation.proceed(ReflectiveMethodInvocation.java:185)
	at org.springframework.aop.framework.adapter.AfterReturningAdviceInterceptor.invoke(AfterReturningAdviceInterceptor.java:55)
	at org.springframework.aop.framework.ReflectiveMethodInvocation.proceed(ReflectiveMethodInvocation.java:185)
	at org.springframework.aop.aspectj.AspectJAfterThrowingAdvice.invoke(AspectJAfterThrowingAdvice.java:62)
	at org.springframework.aop.framework.ReflectiveMethodInvocation.proceed(ReflectiveMethodInvocation.java:185)
	at org.springframework.aop.aspectj.MethodInvocationProceedingJoinPoint.proceed(MethodInvocationProceedingJoinPoint.java:88)
	at com.newland.property.core.language.NewlandPropertyLangAop.around(NewlandPropertyLangAop.java:41)
	at sun.reflect.GeneratedMethodAccessor272.invoke(Unknown Source)
	at sun.reflect.DelegatingMethodAccessorImpl.invoke(DelegatingMethodAccessorImpl.java:43)
	at java.lang.reflect.Method.invoke(Method.java:498)
	at org.springframework.aop.aspectj.AbstractAspectJAdvice.invokeAdviceMethodWithGivenArgs(AbstractAspectJAdvice.java:644)
	at org.springframework.aop.aspectj.AbstractAspectJAdvice.invokeAdviceMethod(AbstractAspectJAdvice.java:633)
	at org.springframework.aop.aspectj.AspectJAroundAdvice.invoke(AspectJAroundAdvice.java:70)
	at org.springframework.aop.framework.ReflectiveMethodInvocation.proceed(ReflectiveMethodInvocation.java:174)
	at org.springframework.aop.interceptor.ExposeInvocationInterceptor.invoke(ExposeInvocationInterceptor.java:92)
	at org.springframework.aop.framework.ReflectiveMethodInvocation.proceed(ReflectiveMethodInvocation.java:185)
	at org.springframework.aop.framework.CglibAopProxy$DynamicAdvisedInterceptor.intercept(CglibAopProxy.java:688)
	at com.newland.property.boot.controller.app.AppController$$EnhancerBySpringCGLIB$$e75abd54.subServiceGet(<generated>)
	at sun.reflect.GeneratedMethodAccessor290.invoke(Unknown Source)
	at sun.reflect.DelegatingMethodAccessorImpl.invoke(DelegatingMethodAccessorImpl.java:43)
	at java.lang.reflect.Method.invoke(Method.java:498)
	at org.springframework.web.method.support.InvocableHandlerMethod.doInvoke(InvocableHandlerMethod.java:209)
	at org.springframework.web.method.support.InvocableHandlerMethod.invokeForRequest(InvocableHandlerMethod.java:136)
	at org.springframework.web.servlet.mvc.method.annotation.ServletInvocableHandlerMethod.invokeAndHandle(ServletInvocableHandlerMethod.java:102)
	at org.springframework.web.servlet.mvc.method.annotation.RequestMappingHandlerAdapter.invokeHandlerMethod(RequestMappingHandlerAdapter.java:877)
	at org.springframework.web.servlet.mvc.method.annotation.RequestMappingHandlerAdapter.handleInternal(RequestMappingHandlerAdapter.java:783)
	at org.springframework.web.servlet.mvc.method.AbstractHandlerMethodAdapter.handle(AbstractHandlerMethodAdapter.java:87)
	at org.springframework.web.servlet.DispatcherServlet.doDispatch(DispatcherServlet.java:991)
	at org.springframework.web.servlet.DispatcherServlet.doService(DispatcherServlet.java:925)
	at org.springframework.web.servlet.FrameworkServlet.processRequest(FrameworkServlet.java:974)
	at org.springframework.web.servlet.FrameworkServlet.doGet(FrameworkServlet.java:866)
	at javax.servlet.http.HttpServlet.service(HttpServlet.java:635)
	at org.springframework.web.servlet.FrameworkServlet.service(FrameworkServlet.java:851)
	at javax.servlet.http.HttpServlet.service(HttpServlet.java:742)
	at org.apache.catalina.core.ApplicationFilterChain.internalDoFilter(ApplicationFilterChain.java:231)
	at org.apache.catalina.core.ApplicationFilterChain.doFilter(ApplicationFilterChain.java:166)
	at org.apache.tomcat.websocket.server.WsFilter.doFilter(WsFilter.java:52)
	at org.apache.catalina.core.ApplicationFilterChain.internalDoFilter(ApplicationFilterChain.java:193)
	at org.apache.catalina.core.ApplicationFilterChain.doFilter(ApplicationFilterChain.java:166)
	at com.newland.property.boot.filter.JwtFilter.doFilter(JwtFilter.java:76)
	at org.apache.catalina.core.ApplicationFilterChain.internalDoFilter(ApplicationFilterChain.java:193)
	at org.apache.catalina.core.ApplicationFilterChain.doFilter(ApplicationFilterChain.java:166)
	at org.springframework.boot.actuate.web.trace.servlet.HttpTraceFilter.doFilterInternal(HttpTraceFilter.java:90)
	at org.springframework.web.filter.OncePerRequestFilter.doFilter(OncePerRequestFilter.java:107)
	at org.apache.catalina.core.ApplicationFilterChain.internalDoFilter(ApplicationFilterChain.java:193)
	at org.apache.catalina.core.ApplicationFilterChain.doFilter(ApplicationFilterChain.java:166)
	at org.springframework.web.filter.RequestContextFilter.doFilterInternal(RequestContextFilter.java:99)
	at org.springframework.web.filter.OncePerRequestFilter.doFilter(OncePerRequestFilter.java:107)
	at org.apache.catalina.core.ApplicationFilterChain.internalDoFilter(ApplicationFilterChain.java:193)
	at org.apache.catalina.core.ApplicationFilterChain.doFilter(ApplicationFilterChain.java:166)
	at org.springframework.web.filter.HttpPutFormContentFilter.doFilterInternal(HttpPutFormContentFilter.java:109)
	at org.springframework.web.filter.OncePerRequestFilter.doFilter(OncePerRequestFilter.java:107)
	at org.apache.catalina.core.ApplicationFilterChain.internalDoFilter(ApplicationFilterChain.java:193)
	at org.apache.catalina.core.ApplicationFilterChain.doFilter(ApplicationFilterChain.java:166)
	at org.springframework.web.filter.HiddenHttpMethodFilter.doFilterInternal(HiddenHttpMethodFilter.java:93)
	at org.springframework.web.filter.OncePerRequestFilter.doFilter(OncePerRequestFilter.java:107)
	at org.apache.catalina.core.ApplicationFilterChain.internalDoFilter(ApplicationFilterChain.java:193)
	at org.apache.catalina.core.ApplicationFilterChain.doFilter(ApplicationFilterChain.java:166)
	at org.springframework.session.web.http.SessionRepositoryFilter.doFilterInternal(SessionRepositoryFilter.java:147)
	at org.springframework.session.web.http.OncePerRequestFilter.doFilter(OncePerRequestFilter.java:81)
	at org.apache.catalina.core.ApplicationFilterChain.internalDoFilter(ApplicationFilterChain.java:193)
	at org.apache.catalina.core.ApplicationFilterChain.doFilter(ApplicationFilterChain.java:166)
	at org.springframework.boot.actuate.metrics.web.servlet.WebMvcMetricsFilter.filterAndRecordMetrics(WebMvcMetricsFilter.java:155)
	at org.springframework.boot.actuate.metrics.web.servlet.WebMvcMetricsFilter.filterAndRecordMetrics(WebMvcMetricsFilter.java:123)
	at org.springframework.boot.actuate.metrics.web.servlet.WebMvcMetricsFilter.doFilterInternal(WebMvcMetricsFilter.java:108)
	at org.springframework.web.filter.OncePerRequestFilter.doFilter(OncePerRequestFilter.java:107)
	at org.apache.catalina.core.ApplicationFilterChain.internalDoFilter(ApplicationFilterChain.java:193)
	at org.apache.catalina.core.ApplicationFilterChain.doFilter(ApplicationFilterChain.java:166)
	at org.springframework.web.filter.CharacterEncodingFilter.doFilterInternal(CharacterEncodingFilter.java:200)
	at org.springframework.web.filter.OncePerRequestFilter.doFilter(OncePerRequestFilter.java:107)
	at org.apache.catalina.core.ApplicationFilterChain.internalDoFilter(ApplicationFilterChain.java:193)
	at org.apache.catalina.core.ApplicationFilterChain.doFilter(ApplicationFilterChain.java:166)
	at org.apache.catalina.core.StandardWrapperValve.invoke(StandardWrapperValve.java:198)
	at org.apache.catalina.core.StandardContextValve.invoke(StandardContextValve.java:96)
	at org.apache.catalina.authenticator.AuthenticatorBase.invoke(AuthenticatorBase.java:493)
	at org.apache.catalina.core.StandardHostValve.invoke(StandardHostValve.java:140)
	at org.apache.catalina.valves.ErrorReportValve.invoke(ErrorReportValve.java:81)
	at org.apache.catalina.core.StandardEngineValve.invoke(StandardEngineValve.java:87)
	at org.apache.catalina.connector.CoyoteAdapter.service(CoyoteAdapter.java:342)
	at org.apache.coyote.http11.Http11Processor.service(Http11Processor.java:800)
	at org.apache.coyote.AbstractProcessorLight.process(AbstractProcessorLight.java:66)
	at org.apache.coyote.AbstractProtocol$ConnectionHandler.process(AbstractProtocol.java:800)
	at org.apache.tomcat.util.net.NioEndpoint$SocketProcessor.doRun(NioEndpoint.java:1471)
	at org.apache.tomcat.util.net.SocketProcessorBase.run(SocketProcessorBase.java:49)
	at java.util.concurrent.ThreadPoolExecutor.runWorker(ThreadPoolExecutor.java:1149)
	at java.util.concurrent.ThreadPoolExecutor$Worker.run(ThreadPoolExecutor.java:624)
	at org.apache.tomcat.util.threads.TaskThread$WrappingRunnable.run(TaskThread.java:61)
	at java.lang.Thread.run(Thread.java:748)
2024-12-19 11:44:13.695 [http-nio-8008-exec-2] ERROR c.n.p.c.t.NewlandPropertyRestTemplateInterceptor -进入拦截器{"loginUserId":"30518939884421922816","page":"1","row":"100","storeId":"400000000000000001","userId":"30518939884421922816"}
2024-12-19 11:44:13.698 [http-nio-8008-exec-9] ERROR c.n.p.c.t.NewlandPropertyRestTemplateInterceptor -进入拦截器{"storeTypeCd":"","name":"","tel":"","loginUserId":"30518939884421922816","page":"1","row":"10","storeId":"400000000000000001","userId":"30518939884421922816"}
2024-12-19 11:44:14.898 [http-nio-8008-exec-3] ERROR c.n.p.c.t.NewlandPropertyRestTemplateInterceptor -进入拦截器{"state":"486","page":"1","row":"10"}
2024-12-19 11:44:14.899 [http-nio-8008-exec-4] ERROR c.n.p.c.t.NewlandPropertyRestTemplateInterceptor -进入拦截器{"loginUserId":"30518939884421922816","page":"1","row":"100","storeId":"400000000000000001","userId":"30518939884421922816"}
2024-12-19 12:32:17.028 [http-nio-8008-exec-3] ERROR c.n.p.b.websocket.MessageWebsocket -用户错误:30518939884421922816,客户端：613eefa9-00b4-49af-8daf-2e9400c44d40,原因:null
